method,class_id,last20_accuracy
joint,0,87.0
joint,1,72.75
joint,2,79.75
joint,3,62.0
joint,4,43.75
joint,5,68.0
joint,6,76.0
joint,7,56.99999999999999
joint,8,81.0
joint,9,90.0
joint,10,43.0
joint,11,71.0
joint,12,80.75
joint,13,76.0
joint,14,66.7
joint,15,85.0
joint,16,85.0
joint,17,81.0
joint,18,27.75
joint,19,80.65
joint,20,98.0
joint,21,87.0
joint,22,83.0
joint,23,75.0
joint,24,69.1
joint,25,62.0
joint,26,58.599999999999994
joint,27,40.1
joint,28,56.45
joint,29,74.0
joint,30,54.0
joint,31,83.0
joint,32,40.0
joint,33,49.3
joint,34,81.0
joint,35,63.85
joint,36,72.15
joint,37,92.0
joint,38,68.0
joint,39,87.0
joint,40,71.0
joint,41,90.0
joint,42,11.6
joint,43,79.8
joint,44,63.0
joint,45,21.15
joint,46,69.0
joint,47,42.0
joint,48,92.0
joint,49,90.0
joint,50,18.55
joint,51,72.4
joint,52,56.00000000000001
joint,53,96.0
joint,54,81.65
joint,55,31.65
joint,56,87.0
joint,57,81.0
joint,58,93.0
joint,59,73.6
joint,60,76.0
joint,61,57.599999999999994
joint,62,70.0
joint,63,17.0
joint,64,44.5
joint,65,70.0
joint,66,64.55
joint,67,14.100000000000001
joint,68,94.1
joint,69,83.0
joint,70,71.0
joint,71,83.0
joint,72,51.5
joint,73,74.0
joint,74,52.85
joint,75,68.75
joint,76,77.75
joint,77,76.35
joint,78,56.00000000000001
joint,79,63.85
joint,80,52.5
joint,81,48.95
joint,82,91.0
joint,83,80.45
joint,84,66.15
joint,85,82.0
joint,86,72.7
joint,87,81.0
joint,88,49.6
joint,89,82.75
joint,90,80.0
joint,91,52.7
joint,92,74.0
joint,93,46.0
joint,94,78.0
joint,95,63.2
joint,96,77.3
joint,97,62.0
joint,98,67.0
joint,99,84.75
