client_id,n,n_tail,tail_fraction,weight_g0,weight_g1,weight_g4,weight_g16
0,437,2,0.004576659038901602,0.04028763713469162,0.03990909090909091,0.03883410419757396,0.03527641970665664
1,285,1,0.0035087719298245615,0.026274545957407577,0.026,0.025220350815952527,0.02264009025949605
2,463,3,0.0064794816414686825,0.042684613257121785,0.04236363636363636,0.04145213369403962,0.038435502068446786
3,333,2,0.006006006006006006,0.03069973264497096,0.030454545454545453,0.029758268609826336,0.02745393004889056
4,384,2,0.005208333333333333,0.03540149350050705,0.03509090909090909,0.03420891875381796,0.03128995863106431
5,443,0,0.0,0.04084078547063704,0.04027272727272727,0.03865956889780958,0.03332079729221512
6,465,1,0.002150537634408602,0.04286899603577026,0.04236363636363636,0.04092852779474649,0.03617901466716811
7,328,0,0.0,0.030238775698349773,0.029818181818181817,0.028623789161357886,0.02467092892064686
8,381,1,0.0026246719160104987,0.03512491933253434,0.034727272727272725,0.033598045204642636,0.029860849943587814
9,282,2,0.0070921985815602835,0.025997971789434866,0.025818181818181817,0.025307618465834715,0.02361790146671681
10,463,0,0.0,0.042684613257121785,0.04209090909090909,0.040404921895453354,0.034825122226400905
11,417,0,0.0,0.038443809348206875,0.037909090909090906,0.036390610000872674,0.0313651748777736
12,399,2,0.005012531328320802,0.03678436434037061,0.036454545454545455,0.03551793350205079,0.03241820233170365
13,426,1,0.002347417840375587,0.03927353185212501,0.03881818181818182,0.03752508944934113,0.03324558104550583
14,346,2,0.005780346820809248,0.031898220706186045,0.031636363636363636,0.03089274805829479,0.02843174125611132
15,478,2,0.0041841004184100415,0.04406748409698534,0.04363636363636364,0.042412077842743694,0.0383602858217375
16,327,1,0.0030581039755351682,0.03014658430902554,0.029818181818181817,0.02888559211100445,0.025799172621286198
17,326,1,0.003067484662576687,0.0300543929197013,0.029727272727272727,0.028798324461122262,0.025723956374576907
18,406,0,0.0,0.03742970406564027,0.03690909090909091,0.0354306658521686,0.03053779616397142
19,318,0,0.0,0.029316861805107404,0.02890909090909091,0.027751112662535996,0.023918766453553966
20,433,3,0.006928406466512702,0.03991887157739467,0.039636363636363636,0.03883410419757396,0.03617901466716811
21,363,1,0.0027548209366391185,0.033465474324698076,0.03309090909090909,0.03202722750676324,0.02850695750282061
22,390,0,0.0,0.03595464183645247,0.035454545454545454,0.03403438345405358,0.02933433621662279
23,367,0,0.0,0.03383423988199502,0.033363636363636366,0.03202722750676324,0.02760436254230914
24,380,1,0.002631578947368421,0.03503272794321011,0.03463636363636364,0.03351077755476045,0.029785633696878526
25,638,3,0.004702194357366771,0.05881810638886328,0.058272727272727275,0.056723972423422635,0.051598345242572397
26,439,3,0.00683371298405467,0.040472019913340096,0.04018181818181818,0.039357710096867095,0.03663031214742384
27,46,42,0.9130434782608695,0.004240803908914907,0.008,0.018675277074788377,0.05400526513726965
28,39,37,0.9487179487179487,0.0035954641836452475,0.006909090909090909,0.01631905052796928,0.047461451673561486
29,45,40,0.8888888888888888,0.00414861251959067,0.007727272727272728,0.017889868225848676,0.05152312899586311
