round,completed_C_steps,objective,la,regularization
30,0,2.585085153579712,2.585085153579712,0.0
30,1,2.580775721311569,2.579390525817871,0.0013851954936981202
30,2,2.577052871628885,2.574706876575799,0.0023459950530862273
40,0,2.580955445766449,2.580955445766449,0.0
40,1,2.576374570965767,2.574986755847931,0.0013878151178359985
40,2,2.572388781502197,2.569934695834693,0.0024540856675041465
50,0,2.588833510875702,2.588833510875702,0.0
50,1,2.584585727572441,2.5831960439682007,0.0013896836042404175
50,2,2.5810413814815156,2.5785574296178178,0.0024839518636976627
60,0,2.5997642278671265,2.5997642278671265,0.0
60,1,2.5954634234905245,2.5940749049186707,0.0013885185718536376
60,2,2.591956330501682,2.5894734747878583,0.002482855713823862
70,0,2.6108981370925903,2.6108981370925903,0.0
70,1,2.607072678565979,2.6056857109069824,0.0013869676589965821
70,2,2.6037647459703996,2.601283963679129,0.0024807822912708117
80,0,2.6213550567626953,2.6213550567626953,0.0
80,1,2.6173347362279893,2.6159435510635376,0.0013911851644515991
80,2,2.613886944605416,2.6113358455262192,0.0025510990791969427
90,0,2.6328856348991394,2.6328856348991394,0.0
90,1,2.6289746462106707,2.6275819540023804,0.0013926922082901
90,2,2.6256128762328848,2.6230974549960546,0.002515421236830279
100,0,2.6461532711982727,2.6461532711982727,0.0
100,1,2.6423171256780624,2.6409234404563904,0.001393685221672058
100,2,2.6390219287604086,2.6365863597826915,0.0024355689777171325
