round,client_id,class_id,samples,la_before,la_after_B,la_after_A,B_la_gain,A_la_gain,accuracy_before,accuracy_after_B,B_accuracy_delta_pp
30,27,81,5,2.641249084472656,2.649807167053223,2.6480884552001953,-0.008558082580566673,0.0017187118530275214,40.0,40.0,0.0
30,27,82,4,0.4441656246781349,0.423864021897316,0.4268331378698349,0.02030160278081894,-0.002969115972518921,100.0,100.0,0.0
30,27,83,6,1.600488503774007,1.599061648050944,1.6005973815917969,0.001426855723063003,-0.0015357335408527906,66.66666666666667,66.66666666666667,0.0
30,27,84,1,1.075197696685791,1.0830941200256348,1.0696126222610474,-0.00789642333984375,0.013481497764587402,100.0,100.0,0.0
30,27,86,6,2.1028467814127603,2.0819015502929688,2.0863779385884604,0.02094523111979152,-0.0044763882954916845,83.33333333333333,83.33333333333333,0.0
30,27,87,2,0.04084416851401329,0.03921248018741608,0.038838502019643784,0.0016316883265972137,0.0003739781677722931,100.0,100.0,0.0
30,27,88,5,1.5330586433410645,1.4787952423095703,1.4648971557617188,0.054263401031494185,0.013898086547851518,100.0,100.0,0.0
30,27,93,4,6.129368543624878,6.12123966217041,6.119815945625305,0.008128881454467773,0.0014237165451049805,25.0,25.0,0.0
30,27,94,5,2.0026065826416017,2.01375789642334,2.0107545852661133,-0.011151313781738281,0.00300331115722674,60.0,60.0,0.0
30,27,95,1,5.000973701477051,5.028749465942383,5.023271560668945,-0.02777576446533203,0.0054779052734375,0.0,0.0,0.0
30,27,98,3,3.6015904744466147,3.5738472938537598,3.571993271509806,0.027743180592854966,0.0018540223439535986,66.66666666666667,66.66666666666667,0.0
30,28,82,4,0.6403014659881592,0.6184803247451782,0.6221746802330017,0.021821141242980957,-0.0036943554878234863,100.0,100.0,0.0
30,28,83,2,2.979534149169922,2.992920398712158,2.9916093349456787,-0.013386249542236328,0.0013110637664794922,50.0,50.0,0.0
30,28,84,6,4.715087890625,4.708107312520345,4.707002957661946,0.006980578104655244,0.0011043548583984375,33.333333333333336,33.333333333333336,0.0
30,28,85,2,4.450011730194092,4.447187423706055,4.442139148712158,0.0028243064880371094,0.005048274993896484,50.0,50.0,0.0
30,28,86,1,0.006293360143899918,0.006252964027225971,0.006234127562493086,4.039611667394638e-05,1.883646473288536e-05,100.0,100.0,0.0
30,28,87,1,4.37126350402832,4.335093975067139,4.336703300476074,0.03616952896118164,-0.0016093254089355469,0.0,0.0,0.0
30,28,89,4,3.341486692428589,3.3580455780029297,3.3571910858154297,-0.01655888557434082,0.0008544921875,75.0,75.0,0.0
30,28,90,1,0.06961493194103241,0.06909797340631485,0.06762070208787918,0.0005169585347175598,0.001477271318435669,100.0,100.0,0.0
30,28,91,3,3.4999796549479165,3.5027716954549155,3.5006306966145835,-0.002792040506998994,0.0021409988403320312,33.333333333333336,33.333333333333336,0.0
30,28,92,3,2.4143896102905273,2.3874659538269043,2.389911969502767,0.026923656463623047,-0.0024460156758627782,33.333333333333336,33.333333333333336,0.0
30,28,93,1,7.511927604675293,7.478946685791016,7.483388900756836,0.032980918884277344,-0.0044422149658203125,0.0,0.0,0.0
30,28,96,3,2.58927313486735,2.5662209192911782,2.5688182512919107,0.023052215576171875,-0.002597332000732422,66.66666666666667,66.66666666666667,0.0
30,28,97,1,3.9524054527282715,3.824002265930176,3.83984375,0.1284031867980957,-0.01584148406982422,0.0,0.0,0.0
30,28,98,1,3.6000723838806152,3.5660500526428223,3.5662708282470703,0.03402233123779297,-0.00022077560424804688,100.0,100.0,0.0
30,28,99,4,2.7509331703186035,2.7312569618225098,2.7275657653808594,0.01967620849609375,0.0036911964416503906,75.0,75.0,0.0
30,29,80,9,2.930523978339301,2.9050388866000705,2.9117487801445856,0.025485091739230636,-0.006709893544515122,33.333333333333336,33.333333333333336,0.0
30,29,81,4,2.674464464187622,2.6783430576324463,2.674008369445801,-0.0038785934448242188,0.004334688186645508,25.0,25.0,0.0
30,29,84,1,8.925167083740234,8.974185943603516,8.982796669006348,-0.04901885986328125,-0.008610725402832031,0.0,0.0,0.0
30,29,85,5,0.08591606169939041,0.0867481917142868,0.08561279475688935,-0.00083213001489639,0.0011353969573974498,100.0,100.0,0.0
30,29,87,3,4.195973714192708,4.1804507573445635,4.183633168538411,0.015522956848144531,-0.0031824111938476562,33.333333333333336,33.333333333333336,0.0
30,29,88,1,2.256235361099243,2.215144395828247,2.2004199028015137,0.041090965270996094,0.014724493026733398,100.0,100.0,0.0
30,29,89,1,1.2147696018218994,1.250929594039917,1.2486923933029175,-0.03615999221801758,0.0022372007369995117,100.0,100.0,0.0
30,29,90,4,0.34135985374450684,0.3409131169319153,0.33896052837371826,0.00044673681259155273,0.0019525885581970215,100.0,100.0,0.0
30,29,91,2,1.589034914970398,1.593386173248291,1.5913527011871338,-0.004351258277893066,0.0020334720611572266,100.0,100.0,0.0
30,29,92,2,2.2892370223999023,2.268328905105591,2.2742667198181152,0.020908117294311523,-0.005937814712524414,100.0,100.0,0.0
30,29,95,4,1.3810920715332031,1.3770537376403809,1.3714861869812012,0.004038333892822266,0.0055675506591796875,100.0,100.0,0.0
30,29,96,1,0.07995426654815674,0.07890043407678604,0.07788430899381638,0.001053832471370697,0.0010161250829696655,100.0,100.0,0.0
30,29,97,3,4.123486200968425,4.139853795369466,4.144580205281575,-0.016367594401041075,-0.004726409912109375,66.66666666666667,66.66666666666667,0.0
40,27,81,5,2.692940902709961,2.710551071166992,2.710173225402832,-0.017610168457030895,0.0003778457641598898,40.0,40.0,0.0
40,27,82,4,0.4809501376003027,0.4534809086471796,0.456164438277483,0.027469228953123093,-0.002683529630303383,100.0,100.0,0.0
40,27,83,6,1.6697874069213867,1.6587886810302734,1.660845438639323,0.010998725891113281,-0.002056757609049553,66.66666666666667,66.66666666666667,0.0
40,27,84,1,0.8633453845977783,0.8705067038536072,0.8646795749664307,-0.007161319255828857,0.005827128887176514,100.0,100.0,0.0
40,27,86,6,2.138721307118734,2.110073725382487,2.112209955851237,0.02864758173624704,-0.00213623046875,83.33333333333333,83.33333333333333,0.0
40,27,87,2,0.03343651071190834,0.03204456716775894,0.031886011362075806,0.0013919435441493988,0.00015855580568313599,100.0,100.0,0.0
40,27,88,5,1.180704402923584,1.1327463150024415,1.1247267723083496,0.047958087921142534,0.008019542694091886,100.0,100.0,0.0
40,27,93,4,6.0614013671875,6.066690444946289,6.065205097198486,-0.0052890777587890625,0.0014853477478027344,25.0,25.0,0.0
40,27,94,5,2.016713333129883,2.0089563369750976,2.0080801010131837,0.007756996154785423,0.0008762359619138849,60.0,60.0,0.0
40,27,95,1,5.017273902893066,5.058974266052246,5.055816650390625,-0.04170036315917969,0.0031576156616210938,0.0,0.0,0.0
40,27,98,3,3.4842308362325034,3.466996510823568,3.465967337290446,0.017234325408935547,0.0010291735331220409,66.66666666666667,66.66666666666667,0.0
40,28,82,4,0.6822929382324219,0.6438177227973938,0.6472899913787842,0.038475215435028076,-0.003472268581390381,100.0,100.0,0.0
40,28,83,2,3.094022750854492,3.1132073402404785,3.114661455154419,-0.019184589385986328,-0.0014541149139404297,50.0,50.0,0.0
40,28,84,6,4.590344746907552,4.60034974416097,4.600417455037435,-0.010004997253417969,-6.771087646484375e-05,33.333333333333336,33.333333333333336,0.0
40,28,85,2,4.405429840087891,4.404472827911377,4.400985240936279,0.0009570121765136719,0.0034875869750976562,50.0,50.0,0.0
40,28,86,1,0.006190767046064138,0.006220977287739515,0.006218489725142717,-3.0210241675376892e-05,2.487562596797943e-06,100.0,100.0,0.0
40,28,87,1,4.329510688781738,4.306963920593262,4.309110641479492,0.022546768188476562,-0.0021467208862304688,0.0,0.0,0.0
40,28,89,4,3.498199939727783,3.4972784519195557,3.4981043338775635,0.0009214878082275391,-0.0008258819580078125,75.0,75.0,0.0
40,28,90,1,0.05511496216058731,0.05516279488801956,0.054481856524944305,-4.7832727432250977e-05,0.0006809383630752563,100.0,100.0,0.0
40,28,91,3,3.367124875386556,3.3520030975341797,3.3495121002197266,0.01512177785237645,0.002490997314453125,33.333333333333336,33.333333333333336,0.0
40,28,92,3,2.4304688771565757,2.3996194203694663,2.402033487955729,0.030849456787109375,-0.0024140675862627248,33.333333333333336,33.333333333333336,0.0
40,28,93,1,7.321458339691162,7.288380146026611,7.287405490875244,0.03307819366455078,0.0009746551513671875,0.0,0.0,0.0
40,28,96,3,2.619806925455729,2.591496149698893,2.592085520426432,0.028310775756835938,-0.0005893707275390625,66.66666666666667,66.66666666666667,0.0
40,28,97,1,4.057888031005859,3.913194179534912,3.9291210174560547,0.14469385147094727,-0.015926837921142578,0.0,0.0,0.0
40,28,98,1,3.3883256912231445,3.3682947158813477,3.367488145828247,0.020030975341796875,0.0008065700531005859,100.0,100.0,0.0
40,28,99,4,2.822350025177002,2.835853338241577,2.83677339553833,-0.013503313064575195,-0.0009200572967529297,75.0,75.0,0.0
40,29,80,9,3.051195091671414,3.0219935841030545,3.0283236503601074,0.029201507568359375,-0.006330066257052902,33.333333333333336,33.333333333333336,0.0
40,29,81,4,2.657313823699951,2.669424057006836,2.6677896976470947,-0.012110233306884766,0.001634359359741211,25.0,25.0,0.0
40,29,84,1,9.150346755981445,9.143331527709961,9.145240783691406,0.007015228271484375,-0.0019092559814453125,0.0,0.0,0.0
40,29,85,5,0.07533660307526588,0.07756688594818115,0.07708853483200073,-0.002230282872915268,0.00047835111618041437,100.0,100.0,0.0
40,29,87,3,4.197807312011719,4.189162572224935,4.1911977132161455,0.00864473978678415,-0.0020351409912109375,33.333333333333336,33.333333333333336,0.0
40,29,88,1,1.863175630569458,1.836838960647583,1.8273730278015137,0.026336669921875,0.009465932846069336,100.0,100.0,0.0
40,29,89,1,1.3958812952041626,1.4148114919662476,1.414770483970642,-0.01893019676208496,4.100799560546875e-05,100.0,100.0,0.0
40,29,90,4,0.3208436071872711,0.3154768645763397,0.3145767152309418,0.0053667426109313965,0.0009001493453979492,100.0,100.0,0.0
40,29,91,2,1.5719830989837646,1.578892469406128,1.5786149501800537,-0.006909370422363281,0.00027751922607421875,100.0,100.0,0.0
40,29,92,2,2.4190471172332764,2.3773179054260254,2.3821732997894287,0.04172921180725098,-0.00485539436340332,50.0,50.0,0.0
40,29,95,4,1.368168830871582,1.3735257387161255,1.3711116313934326,-0.005356907844543457,0.002414107322692871,100.0,100.0,0.0
40,29,96,1,0.06845151633024216,0.06885030120611191,0.06833785027265549,-0.000398784875869751,0.0005124509334564209,100.0,100.0,0.0
40,29,97,3,4.2514998118082685,4.252392450968425,4.256661097208659,-0.00089263916015625,-0.004268646240234375,66.66666666666667,66.66666666666667,0.0
50,27,81,5,2.748428153991699,2.7643199920654298,2.7643573760986326,-0.015891838073730735,-3.7384033202858546e-05,40.0,40.0,0.0
50,27,82,4,0.48231444507837296,0.46653690189123154,0.4662179611623287,0.01577754318714142,0.00031894072890281677,100.0,100.0,0.0
50,27,83,6,1.7153161366780598,1.6972885131835938,1.6984548568725586,0.018027623494466072,-0.0011663436889648438,66.66666666666667,66.66666666666667,0.0
50,27,84,1,0.7718247175216675,0.7682819366455078,0.7694516181945801,0.003542780876159668,-0.0011696815490722656,100.0,100.0,0.0
50,27,86,6,2.1420013109842935,2.1133268674214682,2.1096296310424805,0.028674443562825225,0.0036972363789877782,83.33333333333333,83.33333333333333,0.0
50,27,87,2,0.029218073934316635,0.027744168415665627,0.027646319940686226,0.0014739055186510086,9.784847497940063e-05,100.0,100.0,0.0
50,27,88,5,1.0189860343933106,0.972511100769043,0.9710019111633301,0.04647493362426758,0.0015091896057128906,100.0,100.0,0.0
50,27,93,4,6.020204544067383,6.029924392700195,6.029860615730286,-0.0097198486328125,6.377696990966797e-05,25.0,25.0,0.0
50,27,94,5,2.0409440994262695,2.0095277786254884,2.0096317291259767,0.03141632080078116,-0.00010395050048828125,60.0,60.0,0.0
50,27,95,1,5.031615257263184,5.074604511260986,5.072417736053467,-0.042989253997802734,0.0021867752075195312,0.0,0.0,0.0
50,27,98,3,3.4329946835835776,3.4234649340311685,3.423964182535807,0.00952974955240915,-0.0004992485046386719,66.66666666666667,66.66666666666667,0.0
50,28,82,4,0.6650326251983643,0.6371304988861084,0.6371610760688782,0.02790212631225586,-3.057718276977539e-05,100.0,100.0,0.0
50,28,83,2,3.225863456726074,3.2478370666503906,3.2513203620910645,-0.021973609924316406,-0.003483295440673828,50.0,50.0,0.0
50,28,84,6,4.528626600901286,4.561953544616699,4.565512021382649,-0.033326943715413115,-0.0035584767659502248,33.333333333333336,33.333333333333336,0.0
50,28,85,2,4.373268127441406,4.376448631286621,4.375620365142822,-0.0031805038452148438,0.0008282661437988281,50.0,50.0,0.0
50,28,86,1,0.0062308101914823055,0.006197401788085699,0.006186502054333687,3.3408403396606445e-05,1.0899733752012253e-05,100.0,100.0,0.0
50,28,87,1,4.346629619598389,4.332447052001953,4.3329973220825195,0.014182567596435547,-0.0005502700805664062,0.0,0.0,0.0
50,28,89,4,3.605924606323242,3.5742526054382324,3.571307897567749,0.031672000885009766,0.0029447078704833984,75.0,75.0,0.0
50,28,90,1,0.04900989308953285,0.04847387969493866,0.04811527952551842,0.0005360133945941925,0.0003586001694202423,100.0,100.0,0.0
50,28,91,3,3.2724825541178384,3.246010144551595,3.2461093266805015,0.026472409566243194,-9.918212890625e-05,66.66666666666667,66.66666666666667,0.0
50,28,92,3,2.434210459391276,2.4051289558410645,2.4041873613993325,0.02908150355021144,0.0009415944417319189,33.333333333333336,33.333333333333336,0.0
50,28,93,1,7.165088176727295,7.153818130493164,7.155263900756836,0.01127004623413086,-0.001445770263671875,0.0,0.0,0.0
50,28,96,3,2.589101473490397,2.5651556650797525,2.5584088961283364,0.02394580841064453,0.006746768951416016,66.66666666666667,66.66666666666667,0.0
50,28,97,1,4.193312168121338,4.011333465576172,4.018174171447754,0.18197870254516602,-0.006840705871582031,0.0,0.0,0.0
50,28,98,1,3.257760524749756,3.24865984916687,3.2490124702453613,0.009100675582885742,-0.00035262107849121094,100.0,100.0,0.0
50,28,99,4,2.9756739139556885,3.0239672660827637,3.025230884552002,-0.048293352127075195,-0.0012636184692382812,75.0,75.0,0.0
50,29,80,9,3.151764498816596,3.1382887098524304,3.1412054697672525,0.01347578896416568,-0.002916759914822098,33.333333333333336,33.333333333333336,0.0
50,29,81,4,2.673745632171631,2.6812381744384766,2.6809334754943848,-0.007492542266845703,0.0003046989440917969,25.0,25.0,0.0
50,29,84,1,9.211560249328613,9.156280517578125,9.1572265625,0.05527973175048828,-0.000946044921875,0.0,0.0,0.0
50,29,85,5,0.070723807066679,0.0736256293952465,0.07366282939910888,-0.002901822328567505,-3.720000386238376e-05,100.0,100.0,0.0
50,29,87,3,4.194203694661458,4.201697031656901,4.202903429667155,-0.0074933369954433005,-0.0012063980102539062,33.333333333333336,33.333333333333336,0.0
50,29,88,1,1.6556448936462402,1.6378741264343262,1.63627028465271,0.017770767211914062,0.001603841781616211,100.0,100.0,0.0
50,29,89,1,1.559428095817566,1.51628839969635,1.514108657836914,0.04313969612121582,0.002179741859436035,0.0,100.0,100.0
50,29,90,4,0.30673253536224365,0.29625093936920166,0.29534095525741577,0.010481595993041992,0.0009099841117858887,100.0,100.0,0.0
50,29,91,2,1.5889155864715576,1.5932027101516724,1.5940414667129517,-0.004287123680114746,-0.0008387565612792969,100.0,100.0,0.0
50,29,92,2,2.4700231552124023,2.4292829036712646,2.4276883602142334,0.040740251541137695,0.00159454345703125,50.0,50.0,0.0
50,29,95,4,1.390507698059082,1.4101589918136597,1.4089889526367188,-0.019651293754577637,0.001170039176940918,100.0,100.0,0.0
50,29,96,1,0.06406035274267197,0.06485770642757416,0.06457467377185822,-0.0007973536849021912,0.0002830326557159424,100.0,100.0,0.0
50,29,97,3,4.301419576009114,4.283766428629558,4.2849470774332685,0.0176531473795567,-0.0011806488037109375,66.66666666666667,66.66666666666667,0.0
60,27,81,5,2.791139030456543,2.815481185913086,2.815547752380371,-0.024342155456543058,-6.656646728497861e-05,40.0,40.0,0.0
60,27,82,4,0.4842856414616108,0.4647540096193552,0.4652113653719425,0.019531631842255592,-0.0004573557525873184,100.0,100.0,0.0
60,27,83,6,1.7479831377665203,1.7308203379313152,1.7322301864624023,0.017162799835205078,-0.0014098485310871656,66.66666666666667,66.66666666666667,0.0
60,27,84,1,0.7374107241630554,0.7423890829086304,0.7426938414573669,-0.004978358745574951,-0.00030475854873657227,100.0,100.0,0.0
60,27,86,6,2.121178944905599,2.0917250315348306,2.0910380681355796,0.029453913370768525,0.000686963399251006,83.33333333333333,83.33333333333333,0.0
60,27,87,2,0.0261610746383667,0.025017110630869865,0.024992648512125015,0.0011439640074968338,2.446211874485016e-05,100.0,100.0,0.0
60,27,88,5,0.9608550071716309,0.8913503646850586,0.8902799606323242,0.06950464248657229,0.0010704040527343972,100.0,100.0,0.0
60,27,93,4,5.979170560836792,5.993439555168152,5.992689251899719,-0.014268994331359863,0.0007503032684326172,25.0,25.0,0.0
60,27,94,5,2.053299331665039,2.0220165252685547,2.0222631454467774,0.031282806396484286,-0.00024662017822274507,60.0,60.0,0.0
60,27,95,1,5.014645576477051,5.0673322677612305,5.065164566040039,-0.05268669128417969,0.0021677017211914062,0.0,0.0,0.0
60,27,98,3,3.4194039503733316,3.4041174252827964,3.404760996500651,0.015286525090535186,-0.0006435712178545216,66.66666666666667,66.66666666666667,0.0
60,28,82,4,0.6482487320899963,0.6130397319793701,0.6139429211616516,0.03520900011062622,-0.0009031891822814941,100.0,100.0,0.0
60,28,83,2,3.3466696739196777,3.366093158721924,3.367915153503418,-0.019423484802246094,-0.0018219947814941406,50.0,50.0,0.0
60,28,84,6,4.521669069925944,4.547781308492024,4.549688657124837,-0.026112238566080137,-0.0019073486328125,33.333333333333336,33.333333333333336,0.0
60,28,85,2,4.340399742126465,4.357960224151611,4.35720157623291,-0.017560482025146484,0.0007586479187011719,50.0,50.0,0.0
60,28,86,1,0.006131647154688835,0.0063003492541611195,0.006292886100709438,-0.00016870209947228432,7.463153451681137e-06,100.0,100.0,0.0
60,28,87,1,4.387316703796387,4.373907566070557,4.373653411865234,0.013409137725830078,0.0002541542053222656,0.0,0.0,0.0
60,28,89,4,3.653316020965576,3.6460695266723633,3.645275592803955,0.007246494293212891,0.0007939338684082031,75.0,75.0,0.0
60,28,90,1,0.04549793526530266,0.04555397480726242,0.045465584844350815,-5.603954195976257e-05,8.838996291160583e-05,100.0,100.0,0.0
60,28,91,3,3.228271484375,3.205500284830729,3.204761187235514,0.02277119954427098,0.0007390975952148438,66.66666666666667,66.66666666666667,0.0
60,28,92,3,2.437747319539388,2.398371378580729,2.399244467417399,0.03937594095865915,-0.0008730888366699219,33.333333333333336,33.333333333333336,0.0
60,28,93,1,7.074738025665283,7.086850643157959,7.0854411125183105,-0.012112617492675781,0.0014095306396484375,0.0,0.0,0.0
60,28,96,3,2.5420732498168945,2.525890827178955,2.52353843053182,0.016182422637939453,0.0023523966471352686,66.66666666666667,66.66666666666667,0.0
60,28,97,1,4.320211887359619,4.069917678833008,4.078152656555176,0.25029420852661133,-0.008234977722167969,0.0,0.0,0.0
60,28,98,1,3.1882331371307373,3.172640085220337,3.1732139587402344,0.01559305191040039,-0.0005738735198974609,100.0,100.0,0.0
60,28,99,4,3.1183300018310547,3.1582489013671875,3.1605913639068604,-0.03991889953613281,-0.0023424625396728516,50.0,50.0,0.0
60,29,80,9,3.239804744720459,3.2362213134765625,3.239270157284207,0.0035834312438964844,-0.0030488438076443636,33.333333333333336,33.333333333333336,0.0
60,29,81,4,2.691283702850342,2.7044098377227783,2.7041330337524414,-0.013126134872436523,0.00027680397033691406,25.0,25.0,0.0
60,29,84,1,9.22163200378418,9.189714431762695,9.187505722045898,0.031917572021484375,0.002208709716796875,0.0,0.0,0.0
60,29,85,5,0.06904560402035713,0.07264860793948173,0.07267378717660904,-0.0036030039191246033,-2.5179237127304077e-05,100.0,100.0,0.0
60,29,87,3,4.209630648295085,4.2118479410807295,4.211948394775391,-0.0022172927856445312,-0.00010045369466116227,33.333333333333336,33.333333333333336,0.0
60,29,88,1,1.5539813041687012,1.5312628746032715,1.5298115015029907,0.022718429565429688,0.0014513731002807617,100.0,100.0,0.0
60,29,89,1,1.6569048166275024,1.6491963863372803,1.6485706567764282,0.007708430290222168,0.0006257295608520508,0.0,0.0,0.0
60,29,90,4,0.2953363060951233,0.28696209192276,0.2869608402252197,0.008374214172363281,1.2516975402832031e-06,100.0,100.0,0.0
60,29,91,2,1.6202059984207153,1.6295799016952515,1.6308424472808838,-0.009373903274536133,-0.0012625455856323242,100.0,100.0,0.0
60,29,92,2,2.4996540546417236,2.4478681087493896,2.4483110904693604,0.051785945892333984,-0.0004429817199707031,50.0,50.0,0.0
60,29,95,4,1.4185571670532227,1.4365795850753784,1.436148762702942,-0.01802241802215576,0.00043082237243652344,100.0,100.0,0.0
60,29,96,1,0.0629497766494751,0.0657069981098175,0.0655854269862175,-0.0027572214603424072,0.0001215711236000061,100.0,100.0,0.0
60,29,97,3,4.3028411865234375,4.28773307800293,4.288531303405762,0.015108108520507812,-0.0007982254028320312,66.66666666666667,66.66666666666667,0.0
70,27,81,5,2.830663299560547,2.8352968215942385,2.8351646423339845,-0.004633522033691495,0.00013217926025399507,40.0,40.0,0.0
70,27,82,4,0.4841379839926958,0.4808374922722578,0.4814550466835499,0.0033004917204380035,-0.0006175544112920761,100.0,100.0,0.0
70,27,83,6,1.7726030349731445,1.7546847661336262,1.7560782432556152,0.017918268839518303,-0.0013934771219890063,66.66666666666667,66.66666666666667,0.0
70,27,84,1,0.7402279376983643,0.7423895001411438,0.7420918345451355,-0.002161562442779541,0.0002976655960083008,100.0,100.0,0.0
70,27,86,6,2.100824515024821,2.0795981089274087,2.07993491490682,0.02122640609741211,-0.00033680597941110335,83.33333333333333,83.33333333333333,0.0
70,27,87,2,0.024084869772195816,0.023402394726872444,0.023375364020466805,0.0006824750453233719,2.703070640563965e-05,100.0,100.0,0.0
70,27,88,5,0.9240713119506836,0.8867761611938476,0.8857795715332031,0.03729515075683598,0.0009965896606445312,100.0,100.0,0.0
70,27,93,4,5.943177103996277,5.961583256721497,5.960960388183594,-0.018406152725219727,0.000622868537902832,25.0,25.0,0.0
70,27,94,5,2.0662221908569336,2.0425397872924806,2.04281005859375,0.023682403564452947,-0.00027027130126944243,60.0,60.0,0.0
70,27,95,1,4.992709636688232,5.020617485046387,5.019044399261475,-0.027907848358154297,0.0015730857849121094,0.0,0.0,0.0
70,27,98,3,3.416856129964193,3.410263697306315,3.410989999771118,0.0065924326578779,-0.0007263024648032079,66.66666666666667,66.66666666666667,0.0
70,28,82,4,0.6306967735290527,0.6146140694618225,0.6154897809028625,0.016082704067230225,-0.0008757114410400391,100.0,100.0,0.0
70,28,83,2,3.4397404193878174,3.4488282203674316,3.4505486488342285,-0.009087800979614258,-0.001720428466796875,50.0,50.0,0.0
70,28,84,6,4.514598528544108,4.534238179524739,4.535459995269775,-0.01963965098063092,-0.0012218157450361034,33.333333333333336,33.333333333333336,0.0
70,28,85,2,4.324697017669678,4.325947284698486,4.325177192687988,-0.0012502670288085938,0.0007700920104980469,50.0,50.0,0.0
70,28,86,1,0.006258413195610046,0.0063315038569271564,0.006324277725070715,-7.309066131711006e-05,7.226131856441498e-06,100.0,100.0,0.0
70,28,87,1,4.444199085235596,4.435972213745117,4.436334609985352,0.008226871490478516,-0.000362396240234375,0.0,0.0,0.0
70,28,89,4,3.7087044715881348,3.683145761489868,3.6826562881469727,0.0255587100982666,0.0004894733428955078,75.0,75.0,0.0
70,28,90,1,0.043751128017902374,0.04313407838344574,0.04303668066859245,0.0006170496344566345,9.739771485328674e-05,100.0,100.0,0.0
70,28,91,3,3.206446329752604,3.1853723526000977,3.184323310852051,0.021073977152506362,0.001049041748046875,66.66666666666667,66.66666666666667,0.0
70,28,92,3,2.4395901362101235,2.4141664505004883,2.41534153620402,0.02542368570963527,-0.001175085703531753,33.333333333333336,33.333333333333336,0.0
70,28,93,1,7.04111909866333,7.071155071258545,7.070479393005371,-0.030035972595214844,0.0006756782531738281,0.0,0.0,0.0
70,28,96,3,2.5039785703023276,2.483327547709147,2.4824066162109375,0.020651022593180635,0.0009209314982094874,66.66666666666667,66.66666666666667,0.0
70,28,97,1,4.379739284515381,4.211004257202148,4.218777179718018,0.16873502731323242,-0.007772922515869141,0.0,0.0,0.0
70,28,98,1,3.140455961227417,3.13922119140625,3.1393537521362305,0.0012347698211669922,-0.00013256072998046875,100.0,100.0,0.0
70,28,99,4,3.2242374420166016,3.24417781829834,3.247252941131592,-0.01994037628173828,-0.003075122833251953,50.0,50.0,0.0
70,29,80,9,3.308696746826172,3.298168341318766,3.300847053527832,0.010528405507405747,-0.0026787122090659032,33.333333333333336,33.333333333333336,0.0
70,29,81,4,2.7057905197143555,2.7038064002990723,2.7030818462371826,0.001984119415283203,0.0007245540618896484,25.0,25.0,0.0
70,29,84,1,9.24621295928955,9.215588569641113,9.213311195373535,0.0306243896484375,0.002277374267578125,0.0,0.0,0.0
70,29,85,5,0.06886236816644668,0.07090796828269959,0.07086453288793564,-0.0020456001162529047,4.3435394763952084e-05,100.0,100.0,0.0
70,29,87,3,4.235781033833821,4.236276308695476,4.236459096272786,-0.000495274861654238,-0.0001827875773106058,33.333333333333336,33.333333333333336,0.0
70,29,88,1,1.4984586238861084,1.4812188148498535,1.4795451164245605,0.017239809036254883,0.0016736984252929688,100.0,100.0,0.0
70,29,89,1,1.7719075679779053,1.7348428964614868,1.7344658374786377,0.03706467151641846,0.0003770589828491211,0.0,0.0,0.0
70,29,90,4,0.29136258363723755,0.28515177965164185,0.285218209028244,0.006210803985595703,-6.642937660217285e-05,100.0,100.0,0.0
70,29,91,2,1.6629947423934937,1.658334493637085,1.659385085105896,0.004660248756408691,-0.0010505914688110352,100.0,100.0,0.0
70,29,92,2,2.5137298107147217,2.485992908477783,2.487156629562378,0.027736902236938477,-0.0011637210845947266,50.0,50.0,0.0
70,29,95,4,1.4453349113464355,1.4537158012390137,1.453368902206421,-0.008380889892578125,0.00034689903259277344,100.0,100.0,0.0
70,29,96,1,0.0643419697880745,0.06451220065355301,0.06440780311822891,-0.00017023086547851562,0.00010439753532409668,100.0,100.0,0.0
70,29,97,3,4.285188674926758,4.265649159749349,4.266536712646484,0.01953951517740915,-0.0008875528971357127,66.66666666666667,66.66666666666667,0.0
80,27,81,5,2.8571146011352537,2.8537111282348633,2.8537710189819334,0.0034034729003904474,-5.9890747070134864e-05,40.0,40.0,0.0
80,27,82,4,0.48169819451868534,0.4755463767796755,0.474705895408988,0.006151817739009857,0.0008404813706874847,100.0,100.0,0.0
80,27,83,6,1.788210391998291,1.7736139297485352,1.7745728492736816,0.01459646224975586,-0.0009589195251464844,66.66666666666667,66.66666666666667,0.0
80,27,84,1,0.7499839067459106,0.7593801617622375,0.7607848048210144,-0.009396255016326904,-0.0014046430587768555,100.0,100.0,0.0
80,27,86,6,2.0845327377319336,2.0750678380330405,2.072282155354818,0.009464899698893081,0.0027856826782226562,83.33333333333333,83.33333333333333,0.0
80,27,87,2,0.02254766784608364,0.022242471575737,0.02217106893658638,0.00030519627034664154,7.140263915061951e-05,100.0,100.0,0.0
80,27,88,5,0.9123106002807617,0.8804843902587891,0.8801386833190918,0.03182621002197261,0.0003457069396972656,100.0,100.0,0.0
80,27,93,4,5.922847628593445,5.926502227783203,5.926829099655151,-0.0036545991897583008,-0.0003268718719482422,25.0,25.0,0.0
80,27,94,5,2.076255989074707,2.066234588623047,2.066595268249512,0.010021400451660334,-0.0003606796264650214,60.0,60.0,0.0
80,27,95,1,4.979206562042236,4.996744155883789,4.995696544647217,-0.017537593841552734,0.0010476112365722656,0.0,0.0,0.0
80,27,98,3,3.4307779471079507,3.425370216369629,3.4263521830240884,0.005407730738321792,-0.0009819666544594874,66.66666666666667,66.66666666666667,0.0
80,28,82,4,0.6129752397537231,0.5984223484992981,0.5978525876998901,0.014552891254425049,0.000569760799407959,100.0,100.0,0.0
80,28,83,2,3.5137076377868652,3.516568183898926,3.519595146179199,-0.002860546112060547,-0.0030269622802734375,50.0,50.0,0.0
80,28,84,6,4.521280288696289,4.530715147654216,4.533666769663493,-0.009434858957926728,-0.0029516220092773438,33.333333333333336,33.333333333333336,0.0
80,28,85,2,4.315253734588623,4.312376976013184,4.312042713165283,0.002876758575439453,0.0003342628479003906,50.0,50.0,0.0
80,28,86,1,0.006246329750865698,0.006234956905245781,0.006226071622222662,1.1372845619916916e-05,8.885283023118973e-06,100.0,100.0,0.0
80,28,87,1,4.4831085205078125,4.483102321624756,4.48554801940918,6.198883056640625e-06,-0.002445697784423828,0.0,0.0,0.0
80,28,89,4,3.731471538543701,3.7126152515411377,3.7101783752441406,0.018856287002563477,0.0024368762969970703,75.0,75.0,0.0
80,28,90,1,0.042383771389722824,0.04266961291432381,0.04243667051196098,-0.00028584152460098267,0.00023294240236282349,100.0,100.0,0.0
80,28,91,3,3.182315190633138,3.1665331522623696,3.1671950022379556,0.015782038370768525,-0.0006618499755859375,66.66666666666667,66.66666666666667,0.0
80,28,92,3,2.4576001167297363,2.4383492469787598,2.437727769215902,0.019250869750976562,0.0006214777628579249,33.333333333333336,33.333333333333336,0.0
80,28,93,1,7.0299859046936035,7.031592845916748,7.03549337387085,-0.0016069412231445312,-0.0039005279541015625,0.0,0.0,0.0
80,28,96,3,2.475412368774414,2.44853941599528,2.44305419921875,0.026872952779134263,0.0054852167765298,66.66666666666667,66.66666666666667,0.0
80,28,97,1,4.441725254058838,4.292281150817871,4.2957763671875,0.1494441032409668,-0.0034952163696289062,0.0,0.0,0.0
80,28,98,1,3.1112515926361084,3.108428478240967,3.1083452701568604,0.0028231143951416016,8.320808410644531e-05,100.0,100.0,0.0
80,28,99,4,3.315737009048462,3.3219645023345947,3.323652744293213,-0.0062274932861328125,-0.001688241958618164,50.0,50.0,0.0
80,29,80,9,3.3578175438774958,3.3405510584513345,3.341950946384006,0.01726648542616127,-0.0013998879326715397,33.333333333333336,33.333333333333336,0.0
80,29,81,4,2.70980167388916,2.7038357257843018,2.7032923698425293,0.0059659481048583984,0.0005433559417724609,25.0,25.0,0.0
80,29,84,1,9.239899635314941,9.230521202087402,9.230637550354004,0.009378433227539062,-0.0001163482666015625,0.0,0.0,0.0
80,29,85,5,0.06841409653425216,0.06983705908060074,0.06989734694361686,-0.0014229625463485773,-6.028786301612299e-05,100.0,100.0,0.0
80,29,87,3,4.259433110555013,4.258967399597168,4.260239919026692,0.000465710957844756,-0.0012725194295244435,33.333333333333336,33.333333333333336,0.0
80,29,88,1,1.4830920696258545,1.4677525758743286,1.467503547668457,0.015339493751525879,0.00024902820587158203,100.0,100.0,0.0
80,29,89,1,1.848949909210205,1.8267879486083984,1.8254899978637695,0.02216196060180664,0.0012979507446289062,0.0,0.0,0.0
80,29,90,4,0.28733348846435547,0.28898710012435913,0.2883787155151367,-0.0016536116600036621,0.0006083846092224121,100.0,100.0,0.0
80,29,91,2,1.6995447874069214,1.6863547563552856,1.6877363920211792,0.013190031051635742,-0.0013816356658935547,100.0,100.0,0.0
80,29,92,2,2.531799077987671,2.506523370742798,2.5047695636749268,0.025275707244873047,0.0017538070678710938,50.0,50.0,0.0
80,29,95,4,1.4747835397720337,1.4742679595947266,1.4733185768127441,0.0005155801773071289,0.0009493827819824219,100.0,100.0,0.0
80,29,96,1,0.06493479013442993,0.064585842192173,0.06446357816457748,0.0003489479422569275,0.00012226402759552002,100.0,100.0,0.0
80,29,97,3,4.258494695027669,4.240675608317058,4.24088986714681,0.017819086710611387,-0.00021425882975201205,66.66666666666667,66.66666666666667,0.0
90,27,81,5,2.884579658508301,2.8940977096557616,2.893961524963379,-0.009518051147460849,0.00013618469238263486,40.0,40.0,0.0
90,27,82,4,0.48104299046099186,0.47151074931025505,0.46946659684181213,0.009532241150736809,0.002044152468442917,100.0,100.0,0.0
90,27,83,6,1.8067714373270671,1.7889545758565266,1.7896674474080403,0.017816861470540513,-0.0007128715515136719,66.66666666666667,66.66666666666667,0.0
90,27,84,1,0.7694716453552246,0.7667378187179565,0.769832968711853,0.0027338266372680664,-0.0030951499938964844,100.0,100.0,0.0
90,27,86,6,2.0679308573404946,2.0473031997680664,2.043630282084147,0.020627657572428237,0.003672917683919419,83.33333333333333,83.33333333333333,0.0
90,27,87,2,0.02113938145339489,0.020670030266046524,0.020619884133338928,0.0004693511873483658,5.0146132707595825e-05,100.0,100.0,0.0
90,27,88,5,0.9118436813354492,0.8781532287597656,0.8787531852722168,0.033690452575683594,-0.0005999565124511497,100.0,100.0,0.0
90,27,93,4,5.891642332077026,5.907210826873779,5.907700777053833,-0.01556849479675293,-0.0004899501800537109,25.0,25.0,0.0
90,27,94,5,2.0857940673828126,2.0557186126708986,2.056159019470215,0.030075454711913974,-0.0004404067993162286,60.0,60.0,0.0
90,27,95,1,4.96927547454834,4.986743927001953,4.985908031463623,-0.01746845245361328,0.0008358955383300781,0.0,0.0,0.0
90,27,98,3,3.4509357611338296,3.448253313700358,3.449862321217855,0.0026824474334716797,-0.0016090075174970409,66.66666666666667,66.66666666666667,0.0
90,28,82,4,0.6032435894012451,0.5784870982170105,0.5767947435379028,0.02475649118423462,0.001692354679107666,100.0,100.0,0.0
90,28,83,2,3.580517292022705,3.5874013900756836,3.590034246444702,-0.006884098052978516,-0.0026328563690185547,50.0,50.0,0.0
90,28,84,6,4.534363428751628,4.554060618082683,4.557474613189697,-0.019697189331054688,-0.003413995107014678,33.333333333333336,33.333333333333336,0.0
90,28,85,2,4.2919158935546875,4.288398265838623,4.289173126220703,0.003517627716064453,-0.0007748603820800781,50.0,50.0,0.0
90,28,86,1,0.0062818690203130245,0.006357564125210047,0.006342757027596235,-7.569510489702225e-05,1.4807097613811493e-05,100.0,100.0,0.0
90,28,87,1,4.499195575714111,4.502526760101318,4.50340461730957,-0.0033311843872070312,-0.0008778572082519531,0.0,0.0,0.0
90,28,89,4,3.7589681148529053,3.7253034114837646,3.722083568572998,0.033664703369140625,0.0032198429107666016,75.0,75.0,0.0
90,28,90,1,0.041626837104558945,0.04070029780268669,0.0405878983438015,0.0009265393018722534,0.00011239945888519287,100.0,100.0,0.0
90,28,91,3,3.1760075887044272,3.1546910603841147,3.156461715698242,0.0213165283203125,-0.0017706553141274561,66.66666666666667,66.66666666666667,0.0
90,28,92,3,2.4809560775756836,2.4539690017700195,2.4526166915893555,0.026987075805664062,0.0013523101806640625,33.333333333333336,33.333333333333336,0.0
90,28,93,1,7.0414719581604,7.055845737457275,7.0600433349609375,-0.014373779296875,-0.004197597503662109,0.0,0.0,0.0
90,28,96,3,2.460045496622721,2.4446996053059897,2.4382664362589517,0.015345891316731475,0.0064331690470380565,66.66666666666667,66.66666666666667,0.0
90,28,97,1,4.509416103363037,4.373944282531738,4.375560760498047,0.13547182083129883,-0.0016164779663085938,0.0,0.0,0.0
90,28,98,1,3.0888307094573975,3.0903801918029785,3.0909266471862793,-0.0015494823455810547,-0.0005464553833007812,100.0,100.0,0.0
90,28,99,4,3.379647970199585,3.4169538021087646,3.4179229736328125,-0.03730583190917969,-0.0009691715240478516,50.0,50.0,0.0
90,29,80,9,3.392208947075738,3.3821692996554904,3.381846215989855,0.010039647420247544,0.000323083665635604,33.333333333333336,33.333333333333336,0.0
90,29,81,4,2.7141966819763184,2.7125511169433594,2.7120113372802734,0.0016455650329589844,0.0005397796630859375,25.0,25.0,0.0
90,29,84,1,9.25379753112793,9.19770622253418,9.197778701782227,0.05609130859375,-7.2479248046875e-05,0.0,0.0,0.0
90,29,85,5,0.06833081245422364,0.06966197043657303,0.06983223780989647,-0.0013311579823493958,-0.00017026737332344333,100.0,100.0,0.0
90,29,87,3,4.291083653767903,4.293448130289714,4.294149398803711,-0.002364476521810488,-0.0007012685139970998,33.333333333333336,33.333333333333336,0.0
90,29,88,1,1.4785830974578857,1.454650640487671,1.4558197259902954,0.023932456970214844,-0.0011690855026245117,100.0,100.0,0.0
90,29,89,1,1.9321510791778564,1.8777021169662476,1.8754390478134155,0.05444896221160889,0.0022630691528320312,0.0,0.0,0.0
90,29,90,4,0.2870895564556122,0.27945563197135925,0.2790457010269165,0.00763392448425293,0.000409930944442749,100.0,100.0,0.0
90,29,91,2,1.7325873374938965,1.7328507900238037,1.7347677946090698,-0.00026345252990722656,-0.0019170045852661133,100.0,100.0,0.0
90,29,92,2,2.555450916290283,2.5067734718322754,2.5030977725982666,0.04867744445800781,0.003675699234008789,50.0,50.0,0.0
90,29,95,4,1.5073840618133545,1.5203641653060913,1.5192558765411377,-0.012980103492736816,0.0011082887649536133,100.0,100.0,0.0
90,29,96,1,0.06797850877046585,0.06881202012300491,0.06876606494188309,-0.0008335113525390625,4.595518112182617e-05,100.0,100.0,0.0
90,29,97,3,4.234387715657552,4.21052614847819,4.209734916687012,0.023861567179361387,0.0007912317911786815,66.66666666666667,66.66666666666667,0.0
100,27,81,5,2.9045568466186524,2.924886131286621,2.924886131286621,-0.020329284667968572,0.0,40.0,40.0,0.0
100,27,82,4,0.495135297998786,0.4772586952894926,0.4772586952894926,0.017876602709293365,0.0,100.0,100.0,0.0
100,27,83,6,1.8153142929077148,1.8009169896443684,1.8009169896443684,0.014397303263346428,0.0,66.66666666666667,66.66666666666667,0.0
100,27,84,1,0.7755612134933472,0.7722106575965881,0.7722106575965881,0.003350555896759033,0.0,100.0,100.0,0.0
100,27,86,6,2.066666603088379,2.040337244669596,2.040337244669596,0.0263293584187827,0.0,83.33333333333333,83.33333333333333,0.0
100,27,87,2,0.02018846943974495,0.019636500626802444,0.019636500626802444,0.0005519688129425049,0.0,100.0,100.0,0.0
100,27,88,5,0.9079123497009277,0.8638010025024414,0.8638010025024414,0.044111347198486306,0.0,100.0,100.0,0.0
100,27,93,4,5.85546088218689,5.873410105705261,5.873410105705261,-0.017949223518371582,0.0,25.0,25.0,0.0
100,27,94,5,2.088642120361328,2.0522151947021485,2.0522151947021485,0.0364269256591796,0.0,60.0,60.0,0.0
100,27,95,1,4.952637672424316,4.9827189445495605,4.9827189445495605,-0.03008127212524414,0.0,0.0,0.0,0.0
100,27,98,3,3.4641497135162354,3.4552915891011557,3.4552915891011557,0.008858124415079605,0.0,66.66666666666667,66.66666666666667,0.0
100,28,82,4,0.6058069467544556,0.5743244290351868,0.5743244290351868,0.0314825177192688,0.0,100.0,100.0,0.0
100,28,83,2,3.6245956420898438,3.64561128616333,3.64561128616333,-0.021015644073486328,0.0,50.0,50.0,0.0
100,28,84,6,4.528396924336751,4.554679234822591,4.554679234822591,-0.026282310485839844,0.0,33.333333333333336,33.333333333333336,0.0
100,28,85,2,4.265842437744141,4.272632598876953,4.272632598876953,-0.0067901611328125,0.0,50.0,50.0,0.0
100,28,86,1,0.0064781429246068,0.006621918175369501,0.006621918175369501,-0.00014377525076270103,0.0,100.0,100.0,0.0
100,28,87,1,4.533700942993164,4.526163101196289,4.526163101196289,0.007537841796875,0.0,0.0,0.0,0.0
100,28,89,4,3.8026669025421143,3.7772998809814453,3.7772998809814453,0.025367021560668945,0.0,75.0,75.0,0.0
100,28,90,1,0.04116693511605263,0.04066698998212814,0.04066698998212814,0.0004999451339244843,0.0,100.0,100.0,0.0
100,28,91,3,3.165451685587565,3.1372763315836587,3.1372763315836587,0.02817535400390625,0.0,66.66666666666667,66.66666666666667,0.0
100,28,92,3,2.5149499575297036,2.4794131914774575,2.4794131914774575,0.035536766052246094,0.0,33.333333333333336,33.333333333333336,0.0
100,28,93,1,7.020665645599365,7.024918079376221,7.024918079376221,-0.004252433776855469,0.0,0.0,0.0,0.0
100,28,96,3,2.484973589579264,2.477969487508138,2.477969487508138,0.007004102071126006,0.0,66.66666666666667,66.66666666666667,0.0
100,28,97,1,4.555619716644287,4.391651153564453,4.391651153564453,0.16396856307983398,0.0,0.0,0.0,0.0
100,28,98,1,3.0688042640686035,3.061372995376587,3.061372995376587,0.0074312686920166016,0.0,100.0,100.0,0.0
100,28,99,4,3.4457433223724365,3.4976418018341064,3.4976418018341064,-0.05189847946166992,0.0,50.0,50.0,0.0
100,29,80,9,3.4311418533325195,3.4235958523220487,3.4235958523220487,0.007546001010470871,0.0,33.333333333333336,33.333333333333336,0.0
100,29,81,4,2.7202987670898438,2.726614475250244,2.726614475250244,-0.006315708160400391,0.0,25.0,25.0,0.0
100,29,84,1,9.261504173278809,9.19514274597168,9.19514274597168,0.0663614273071289,0.0,0.0,0.0,0.0
100,29,85,5,0.06652735769748688,0.06905994787812234,0.06905994787812234,-0.0025325901806354523,0.0,100.0,100.0,0.0
100,29,87,3,4.327401161193848,4.330002148946126,4.330002148946126,-0.0026009877522783498,0.0,33.333333333333336,33.333333333333336,0.0
100,29,88,1,1.4860866069793701,1.4574391841888428,1.4574391841888428,0.028647422790527344,0.0,100.0,100.0,0.0
100,29,89,1,2.007380723953247,1.9688950777053833,1.9688950777053833,0.03848564624786377,0.0,0.0,0.0,0.0
100,29,90,4,0.2873876690864563,0.27903980016708374,0.27903980016708374,0.008347868919372559,0.0,100.0,100.0,0.0
100,29,91,2,1.754857063293457,1.7637633085250854,1.7637633085250854,-0.008906245231628418,0.0,100.0,100.0,0.0
100,29,92,2,2.607804536819458,2.537856340408325,2.537856340408325,0.06994819641113281,0.0,50.0,50.0,0.0
100,29,95,4,1.5425388813018799,1.5602645874023438,1.5602645874023438,-0.017725706100463867,0.0,100.0,100.0,0.0
100,29,96,1,0.07086407393217087,0.07274766266345978,0.07274766266345978,-0.00188358873128891,0.0,100.0,100.0,0.0
100,29,97,3,4.217379252115886,4.194215456644694,4.194215456644694,0.023163795471191406,0.0,66.66666666666667,66.66666666666667,0.0
