class_id,frozen,ab,difference
0,87.0,84.6,-2.4000000000000057
1,72.75,74.0,1.25
2,79.75,82.0,2.25
3,62.0,62.8,0.7999999999999972
4,43.75,45.0,1.25
5,68.0,68.0,0.0
6,76.0,80.85,4.849999999999994
7,57.0,62.0,5.0
8,81.0,87.0,6.0
9,90.0,92.0,2.0
10,43.0,52.05,9.049999999999997
11,71.0,78.2,7.200000000000003
12,80.75,82.0,1.25
13,76.0,78.0,2.0
14,66.7,76.1,9.399999999999991
15,85.0,82.5,-2.5
16,85.0,84.25,-0.75
17,81.0,84.0,3.0
18,27.75,50.15,22.4
19,80.65,74.4,-6.25
20,98.0,92.0,-6.0
21,87.0,86.4,-0.5999999999999943
22,83.0,83.0,0.0
23,75.0,68.6,-6.400000000000006
24,69.1,75.2,6.1000000000000085
25,62.0,65.1,3.0999999999999943
26,58.6,66.0,7.399999999999999
27,40.1,51.45,11.350000000000001
28,56.45,69.35,12.899999999999991
29,74.0,71.55,-2.450000000000003
30,54.0,56.45,2.450000000000003
31,83.0,79.9,-3.0999999999999943
32,40.0,34.7,-5.299999999999997
33,49.3,57.3,8.0
34,81.0,77.0,-4.0
35,63.85,66.2,2.3500000000000014
36,72.15,72.6,0.44999999999998863
37,92.0,89.45,-2.549999999999997
38,68.0,72.0,4.0
39,87.0,84.0,-3.0
40,71.0,72.05,1.0499999999999972
41,90.0,90.0,0.0
42,11.6,31.6,20.0
43,79.8,83.5,3.700000000000003
44,63.0,66.6,3.5999999999999943
45,21.15,38.0,16.85
46,69.0,70.75,1.75
47,42.0,43.0,1.0
48,92.0,92.0,0.0
49,90.0,88.75,-1.25
50,18.55,20.0,1.4499999999999993
51,72.4,71.1,-1.3000000000000114
52,56.0,53.0,-3.0
53,96.0,97.0,1.0
54,81.65,80.95,-0.7000000000000028
55,31.65,30.5,-1.1499999999999986
56,87.0,87.95,0.9500000000000028
57,81.0,75.15,-5.849999999999994
58,93.0,92.0,-1.0
59,73.6,79.0,5.400000000000006
60,76.0,78.55,2.549999999999997
61,57.6,68.15,10.550000000000004
62,70.0,71.0,1.0
63,17.0,20.95,3.9499999999999993
64,44.5,61.75,17.25
65,70.0,65.0,-5.0
66,64.55,68.55,4.0
67,14.1,31.0,16.9
68,94.1,95.0,0.9000000000000057
69,83.0,79.85,-3.1500000000000057
70,71.0,68.0,-3.0
71,83.0,86.0,3.0
72,51.5,54.15,2.6499999999999986
73,74.0,73.0,-1.0
74,52.85,46.65,-6.200000000000003
75,68.75,76.0,7.25
76,77.75,84.0,6.25
77,76.35,75.8,-0.5499999999999972
78,56.0,63.2,7.200000000000003
79,63.85,66.7,2.8500000000000014
80,52.5,50.0,-2.5
81,48.95,55.0,6.049999999999997
82,91.0,91.55,0.5499999999999972
83,80.45,75.5,-4.950000000000003
84,66.15,73.8,7.6499999999999915
85,82.0,84.0,2.0
86,72.7,71.7,-1.0
87,81.0,84.85,3.8499999999999943
88,49.6,66.45,16.85
89,82.75,84.0,1.25
90,80.0,82.3,2.299999999999997
91,52.7,67.9,15.200000000000003
92,74.0,78.6,4.599999999999994
93,46.0,52.55,6.549999999999997
94,78.0,83.5,5.5
95,63.2,61.2,-2.0
96,77.3,76.1,-1.2000000000000028
97,62.0,59.65,-2.3500000000000014
98,67.0,73.0,6.0
99,84.75,81.0,-3.75
