client_id,class_0,class_1,class_2,class_3,class_4,class_5,class_6,class_7,class_8,class_9,class_10,class_11,class_12,class_13,class_14,class_15,class_16,class_17,class_18,class_19,class_20,class_21,class_22,class_23,class_24,class_25,class_26,class_27,class_28,class_29,class_30,class_31,class_32,class_33,class_34,class_35,class_36,class_37,class_38,class_39,class_40,class_41,class_42,class_43,class_44,class_45,class_46,class_47,class_48,class_49,class_50,class_51,class_52,class_53,class_54,class_55,class_56,class_57,class_58,class_59,class_60,class_61,class_62,class_63,class_64,class_65,class_66,class_67,class_68,class_69,class_70,class_71,class_72,class_73,class_74,class_75,class_76,class_77,class_78,class_79,class_80,class_81,class_82,class_83,class_84,class_85,class_86,class_87,class_88,class_89,class_90,class_91,class_92,class_93,class_94,class_95,class_96,class_97,class_98,class_99
0,84,11,69,1,25,26,2,0,19,2,13,0,1,20,0,4,0,1,6,9,9,1,5,0,12,0,0,6,0,0,1,10,15,2,11,1,14,2,0,8,2,6,8,1,0,0,2,0,5,0,1,0,0,0,0,1,0,0,1,1,2,0,3,3,0,0,1,1,0,2,0,0,2,0,2,0,0,0,1,0,0,1,0,1,0,0,0,0,0,0,0,0,0,0,0,0,0,0,0,0
1,14,13,0,3,1,0,2,80,0,0,5,4,0,10,2,4,1,0,15,13,1,0,5,1,2,3,19,6,7,0,8,0,1,0,0,5,1,0,3,0,1,3,0,0,9,2,5,2,2,3,1,4,1,2,1,4,1,0,0,0,1,1,0,0,0,0,0,0,3,0,4,2,0,1,0,1,1,0,0,0,0,0,0,0,0,0,1,0,0,0,0,0,0,0,0,0,0,0,0,0
2,17,6,11,7,12,57,53,11,1,3,59,21,11,9,0,8,7,17,7,0,1,1,13,3,20,4,0,6,5,1,8,22,2,1,4,1,0,2,0,0,1,0,1,0,4,2,0,0,5,2,2,0,0,0,1,0,0,8,1,0,1,0,0,0,1,2,0,7,1,0,3,2,0,3,0,0,1,1,0,0,0,0,1,0,0,0,0,0,0,0,0,1,0,0,0,1,0,0,0,0
3,1,0,14,32,11,4,43,5,2,0,2,10,48,27,7,1,4,3,0,1,10,3,0,0,0,9,5,9,1,1,5,7,6,2,0,0,12,1,2,2,0,2,3,4,0,9,0,0,0,1,1,0,0,0,1,2,0,4,0,1,1,0,3,3,1,0,0,0,0,0,0,0,0,0,2,0,0,2,0,1,0,0,0,0,0,0,0,0,0,0,1,0,0,0,1,0,0,0,0,0
4,34,11,13,12,24,16,6,1,0,19,10,59,0,1,0,0,2,9,1,6,33,0,4,4,12,0,0,13,0,20,4,1,0,0,16,0,2,0,4,0,3,0,2,0,0,0,4,5,3,6,0,0,1,1,0,5,0,1,0,0,0,0,0,0,1,4,0,0,0,1,2,1,1,0,1,2,0,0,0,1,0,0,0,0,0,0,0,0,0,0,0,0,1,0,0,0,0,1,0,0
5,34,4,28,8,3,44,11,0,8,2,54,18,1,1,0,0,51,4,1,52,0,15,1,2,1,0,5,4,2,2,6,2,25,0,5,1,1,1,1,12,2,4,0,0,0,3,1,1,2,2,0,1,2,1,3,0,0,1,1,4,0,1,1,0,0,1,0,0,0,0,0,0,0,0,0,0,0,2,0,0,0,0,0,0,0,0,0,0,0,0,0,0,0,0,0,0,0,0,0,0
6,1,21,57,0,50,7,9,54,5,0,1,0,86,11,0,0,3,0,47,0,1,0,10,23,0,1,3,0,1,6,2,3,5,0,0,2,0,7,3,2,1,1,2,7,5,0,2,1,3,1,1,0,0,2,2,0,1,0,4,1,0,0,1,0,0,1,2,0,0,1,1,0,0,0,0,1,0,0,1,1,0,0,0,0,1,0,0,0,0,0,0,0,0,0,0,0,0,0,0,0
7,1,56,1,21,3,34,11,1,1,5,7,2,1,3,0,2,1,4,4,1,3,2,0,16,3,0,1,38,23,1,0,2,0,9,0,1,1,5,4,0,11,3,0,0,1,1,0,3,6,0,3,9,3,0,1,4,2,3,0,3,0,1,1,0,1,0,1,0,1,0,1,0,0,0,0,0,0,1,0,0,0,0,0,0,0,0,0,0,0,0,0,0,0,0,0,0,0,0,0,0
8,0,26,5,2,34,19,38,24,12,6,0,15,1,2,13,11,7,15,0,16,13,9,9,5,0,0,16,1,1,0,1,1,1,1,7,4,1,0,17,1,0,1,0,1,1,0,5,0,1,0,5,4,0,2,4,0,1,4,2,0,3,2,3,0,1,0,0,0,1,2,1,0,0,0,1,0,0,1,0,0,0,0,0,1,0,0,0,0,0,0,0,0,0,0,0,0,0,0,0,0
9,4,23,24,2,18,2,5,6,5,0,12,0,2,19,29,11,2,10,1,4,0,0,2,2,2,3,0,9,1,3,0,1,0,7,2,6,0,4,3,6,2,1,0,9,1,11,0,3,1,1,0,1,3,1,1,1,1,0,0,0,0,3,0,2,1,1,0,2,0,1,0,1,0,0,0,0,0,0,0,2,0,0,0,0,0,0,1,0,0,1,0,0,0,0,0,0,0,0,0,0
10,5,1,63,18,10,26,13,14,9,8,13,4,5,48,6,20,0,1,1,12,2,31,8,2,8,10,3,0,17,1,1,5,0,5,0,6,3,5,0,2,1,3,11,5,10,0,1,12,1,0,4,5,1,1,0,0,1,0,0,0,6,0,0,0,1,4,1,4,0,0,0,0,0,1,2,0,0,0,2,0,0,0,0,0,0,0,0,0,0,0,0,0,0,0,0,0,0,0,0,0
11,4,23,9,22,41,0,15,37,18,4,0,11,17,3,1,0,1,26,2,5,15,1,2,1,44,10,6,2,0,1,0,8,2,1,0,1,2,0,2,4,13,1,0,1,8,3,4,2,1,8,2,7,6,2,0,0,1,2,1,0,0,0,0,2,2,1,1,0,1,0,1,0,0,0,1,2,1,0,1,1,0,0,0,0,0,0,0,0,0,0,0,0,0,0,0,0,0,0,0,0
12,8,28,0,13,38,0,23,3,8,21,5,1,6,12,2,19,10,22,6,0,1,7,4,2,2,4,2,9,3,21,0,3,4,1,1,1,0,7,15,3,9,3,1,1,11,0,8,0,0,3,8,0,2,3,1,2,0,1,0,9,0,2,2,2,6,0,0,2,0,0,1,1,1,0,0,0,2,0,1,0,0,0,0,0,0,1,0,0,0,0,1,0,0,0,0,0,0,0,0,0
13,4,11,2,0,24,0,20,4,43,4,18,37,4,0,14,0,11,6,0,20,0,18,0,0,7,27,25,4,21,32,0,1,1,3,1,0,0,0,2,1,4,7,0,1,1,1,1,2,2,1,0,1,2,3,1,2,2,0,6,0,3,0,0,2,3,0,2,1,1,1,0,0,3,4,0,0,0,1,1,1,0,0,0,0,0,0,0,1,0,0,0,0,0,0,0,0,0,0,0,0
14,0,8,0,7,18,0,6,6,4,13,7,16,0,0,53,14,1,8,14,0,0,9,7,4,0,11,1,1,23,1,4,1,15,3,0,1,4,18,1,2,0,0,4,7,1,1,7,0,1,0,0,0,1,1,1,4,8,1,2,7,1,1,2,0,0,0,0,1,1,1,0,0,2,1,0,6,0,0,1,0,0,0,0,0,0,1,0,0,0,0,0,0,0,0,0,0,1,0,0,0
15,115,10,31,46,40,4,0,28,17,10,1,6,12,2,7,4,1,1,0,1,14,0,8,15,2,3,0,0,3,0,0,0,0,9,0,5,1,15,1,1,1,4,0,9,0,1,0,0,8,1,3,1,0,4,2,2,5,2,0,0,1,2,4,0,0,1,3,1,1,0,0,0,5,1,0,1,0,0,0,0,0,0,0,0,1,0,0,0,1,0,0,0,0,0,0,0,0,0,0,0
16,6,9,2,1,5,1,0,1,5,26,45,28,3,0,0,10,3,0,0,0,6,4,0,3,3,0,4,4,1,4,29,4,1,0,15,13,27,0,2,10,0,3,1,1,1,2,0,3,1,1,0,2,9,0,1,0,2,1,4,2,3,0,0,0,0,4,1,0,0,1,0,2,0,0,1,0,1,1,2,1,0,0,0,0,0,0,0,0,0,0,0,0,0,1,0,0,0,0,0,0
17,11,30,4,41,28,8,2,6,1,6,1,0,2,28,4,2,0,0,31,0,2,0,4,2,3,6,6,0,1,2,7,19,1,4,0,8,1,1,2,11,3,0,2,2,1,1,0,2,0,0,1,4,1,0,0,0,2,0,2,2,5,0,1,4,1,1,0,0,0,0,0,0,1,2,1,0,0,0,0,1,1,0,0,0,0,0,0,0,0,0,0,0,0,0,0,0,0,0,0,0
18,1,14,1,4,1,17,0,0,27,118,15,4,1,12,13,4,3,44,16,2,7,14,1,0,3,1,4,0,0,1,1,0,4,2,5,1,0,1,0,2,3,8,3,2,1,9,2,1,0,0,2,3,0,4,0,0,2,0,3,1,0,5,0,2,1,1,2,0,2,0,0,1,1,0,1,0,0,1,0,1,0,0,0,0,0,0,0,0,0,0,0,0,0,0,0,0,0,0,0,0
19,11,23,0,1,0,1,0,10,7,3,3,0,17,28,4,3,42,3,8,1,22,2,3,15,16,1,8,0,3,0,0,9,1,1,1,1,0,9,0,2,3,0,6,12,2,3,1,0,1,0,3,0,2,0,6,1,3,6,1,0,0,0,0,4,2,0,0,0,0,2,0,0,0,0,0,0,1,0,0,0,0,0,0,0,0,0,0,0,0,0,0,0,0,0,0,0,0,0,0,0
20,11,41,1,45,0,34,17,15,13,5,2,42,8,1,5,6,16,8,0,1,5,21,12,0,0,14,1,0,3,0,7,2,10,1,22,1,3,3,7,3,11,7,1,0,1,0,1,0,2,1,0,1,2,1,0,1,0,0,0,1,0,0,1,1,2,0,1,0,0,0,3,1,1,1,1,1,0,1,0,0,0,1,1,0,0,0,0,1,0,0,0,0,0,0,0,0,0,0,0,0
21,17,5,0,0,1,3,0,5,20,5,28,11,0,1,35,2,4,27,2,23,12,5,22,37,4,4,9,0,0,8,15,2,0,7,2,11,0,0,3,2,1,7,1,1,1,0,0,1,0,5,0,1,6,0,0,1,0,1,0,0,0,0,0,0,0,0,1,0,1,0,0,1,0,0,0,0,0,0,0,1,0,0,1,0,0,0,0,0,0,0,0,0,0,0,0,0,0,0,0,0
22,2,7,48,12,6,9,2,15,35,23,5,0,4,1,15,9,4,2,14,22,1,0,2,10,17,9,5,8,1,0,6,0,6,3,2,1,8,2,10,1,3,2,5,0,3,0,6,8,2,2,4,1,0,2,1,6,2,0,1,0,0,6,0,0,0,1,1,0,1,3,0,0,0,2,1,0,0,0,0,0,0,0,0,0,0,0,0,0,0,0,0,0,0,0,0,0,0,0,0,0
23,9,15,1,40,9,3,2,12,36,26,3,5,47,0,2,1,3,1,13,0,10,1,22,4,1,9,17,12,0,0,1,1,5,1,0,4,1,0,1,1,1,1,6,0,1,1,0,0,2,1,3,0,0,4,9,0,0,0,0,0,1,1,1,1,0,0,0,3,0,2,1,4,0,0,0,0,5,0,0,0,0,0,0,0,0,0,0,0,0,0,0,0,0,0,0,0,0,0,0,0
24,5,1,36,1,0,0,39,21,3,2,0,5,2,0,23,18,17,7,22,1,3,11,17,16,0,18,4,10,0,1,14,7,6,20,2,1,1,0,1,2,1,0,13,1,0,2,2,2,0,2,0,1,0,1,3,0,0,0,1,0,2,0,0,0,1,1,3,0,2,0,0,0,0,0,0,0,0,2,2,0,0,0,0,0,0,0,0,0,0,0,0,0,0,0,0,0,0,0,1,0
25,0,3,33,80,8,71,45,1,39,15,0,0,6,5,17,80,42,4,5,12,7,27,18,1,1,3,1,0,10,1,0,7,0,24,4,8,3,2,0,0,0,2,0,0,0,9,4,0,0,10,2,0,0,7,0,1,0,0,1,0,0,3,0,0,0,1,3,0,4,2,0,0,0,0,0,1,1,0,0,1,1,0,0,0,0,0,0,0,0,1,0,0,0,0,0,0,0,0,0,1
26,100,76,1,14,4,9,13,0,5,1,4,0,1,29,8,15,1,3,0,4,19,6,0,3,0,6,4,0,8,22,3,0,1,0,2,14,7,4,1,3,0,5,0,2,1,0,2,8,4,0,2,0,2,0,1,1,2,0,2,0,0,1,4,0,0,0,0,0,1,1,1,2,0,0,1,0,1,0,1,0,1,0,0,0,0,0,0,0,1,0,0,1,0,0,0,0,0,0,0,0
27,1,0,1,0,0,0,1,1,0,0,0,0,0,0,0,0,0,0,0,0,0,0,0,0,0,0,0,0,0,0,0,0,0,0,0,0,0,0,0,0,0,0,0,0,0,0,0,0,0,0,0,0,0,0,0,0,0,0,0,0,0,0,0,0,0,0,0,0,0,0,0,0,0,0,0,0,0,0,0,0,0,5,4,6,1,0,6,2,5,0,0,0,0,4,5,1,0,0,3,0
28,0,0,0,1,0,1,0,0,0,0,0,0,0,0,0,0,0,0,0,0,0,0,0,0,0,0,0,0,0,0,0,0,0,0,0,0,0,0,0,0,0,0,0,0,0,0,0,0,0,0,0,0,0,0,0,0,0,0,0,0,0,0,0,0,0,0,0,0,0,0,0,0,0,0,0,0,0,0,0,0,0,0,4,2,6,2,1,1,0,4,1,3,3,1,0,0,3,1,1,4
29,0,1,0,0,1,0,0,0,1,1,1,0,0,0,0,0,0,0,0,0,0,0,0,0,0,0,0,0,0,0,0,0,0,0,0,0,0,0,0,0,0,0,0,0,0,0,0,0,0,0,0,0,0,0,0,0,0,0,0,0,0,0,0,0,0,0,0,0,0,0,0,0,0,0,0,0,0,0,0,0,9,4,0,0,1,5,0,3,1,1,4,2,2,0,0,4,1,3,0,0
