method,partition,round,overall,tail
E0,client-longtail,0,64.95,66.35
E0,client-longtail,1,64.99,66.4
E0,client-longtail,2,65.07,66.45
E0,client-longtail,3,65.06,66.4
E0,client-longtail,4,65.09,66.4
E0,client-longtail,5,65.17,66.45
E0,client-longtail,6,65.33,66.7
E0,client-longtail,7,65.43,66.8
E0,client-longtail,8,65.62,67.0
E0,client-longtail,9,65.68,67.05
E0,client-longtail,10,65.74,67.1
E0,client-longtail,11,65.79,67.2
E0,client-longtail,12,65.87,67.35
E0,client-longtail,13,65.96,67.45
E0,client-longtail,14,66.03,67.5
E0,client-longtail,15,66.11,67.6
E0,client-longtail,16,66.17,67.6
E0,client-longtail,17,66.21,67.6
E0,client-longtail,18,66.25,67.7
E0,client-longtail,19,66.3,67.7
E0,client-longtail,20,66.36,67.75
E0,client-longtail,21,66.38,67.85
E0,client-longtail,22,66.43,67.85
E0,client-longtail,23,66.43,67.8
E0,client-longtail,24,66.4,67.7
E0,client-longtail,25,66.43,67.75
E0,client-longtail,26,66.48,67.75
E0,client-longtail,27,66.49,67.8
E0,client-longtail,28,66.49,67.8
E0,client-longtail,29,66.52,67.75
E0,client-longtail,30,66.54,67.8
E0,client-longtail,31,66.6,67.85
E0,client-longtail,32,66.61,67.9
E0,client-longtail,33,66.69,67.85
E0,client-longtail,34,66.71,67.9
E0,client-longtail,35,66.75,67.9
E0,client-longtail,36,66.85,67.9
E0,client-longtail,37,66.9,67.95
E0,client-longtail,38,66.92,67.95
E0,client-longtail,39,66.97,67.95
E0,client-longtail,40,67.04,67.9
E0,client-longtail,41,67.09,67.95
E0,client-longtail,42,67.13,67.85
E0,client-longtail,43,67.1,67.75
E0,client-longtail,44,67.09,67.75
E0,client-longtail,45,67.08,67.75
E0,client-longtail,46,67.07,67.75
E0,client-longtail,47,67.08,67.85
E0,client-longtail,48,67.09,67.75
E0,client-longtail,49,67.09,67.7
E0,client-longtail,50,67.09,67.65
E0,client-longtail,51,67.12,67.6
E0,client-longtail,52,67.15,67.6
E0,client-longtail,53,67.15,67.6
E0,client-longtail,54,67.16,67.55
E0,client-longtail,55,67.17,67.5
E0,client-longtail,56,67.22,67.5
E0,client-longtail,57,67.2,67.5
E0,client-longtail,58,67.24,67.55
E0,client-longtail,59,67.28,67.55
E0,client-longtail,60,67.31,67.65
E0,client-longtail,61,67.31,67.55
E0,client-longtail,62,67.34,67.55
E0,client-longtail,63,67.35,67.6
E0,client-longtail,64,67.38,67.65
E0,client-longtail,65,67.38,67.65
E0,client-longtail,66,67.39,67.7
E0,client-longtail,67,67.44,67.7
E0,client-longtail,68,67.48,67.75
E0,client-longtail,69,67.51,67.75
E0,client-longtail,70,67.55,67.75
E0,client-longtail,71,67.6,67.8
E0,client-longtail,72,67.56,67.9
E0,client-longtail,73,67.55,67.9
E0,client-longtail,74,67.56,67.95
E0,client-longtail,75,67.57,67.95
E0,client-longtail,76,67.54,67.85
E0,client-longtail,77,67.53,67.85
E0,client-longtail,78,67.53,67.85
E0,client-longtail,79,67.57,67.95
E0,client-longtail,80,67.56,67.9
E0,client-longtail,81,67.58,67.9
E0,client-longtail,82,67.62,67.95
E0,client-longtail,83,67.64,68.0
E0,client-longtail,84,67.65,68.0
E0,client-longtail,85,67.63,68.0
E0,client-longtail,86,67.66,67.95
E0,client-longtail,87,67.68,67.9
E0,client-longtail,88,67.68,67.8
E0,client-longtail,89,67.7,67.75
E0,client-longtail,90,67.7,67.75
E0,client-longtail,91,67.75,67.75
E0,client-longtail,92,67.75,67.65
E0,client-longtail,93,67.74,67.65
E0,client-longtail,94,67.74,67.6
E0,client-longtail,95,67.73,67.6
E0,client-longtail,96,67.72,67.55
E0,client-longtail,97,67.74,67.55
E0,client-longtail,98,67.73,67.45
E0,client-longtail,99,67.74,67.5
E0,client-longtail,100,67.76,67.55
E1,client-longtail,0,64.95,66.35
E1,client-longtail,1,64.99,66.4
E1,client-longtail,2,65.07,66.45
E1,client-longtail,3,65.06,66.4
E1,client-longtail,4,65.09,66.4
E1,client-longtail,5,65.17,66.45
E1,client-longtail,6,65.33,66.7
E1,client-longtail,7,65.43,66.8
E1,client-longtail,8,65.62,67.0
E1,client-longtail,9,65.68,67.05
E1,client-longtail,10,65.96,67.55
E1,client-longtail,11,66.06,67.6
E1,client-longtail,12,66.15,67.6
E1,client-longtail,13,66.28,67.75
E1,client-longtail,14,66.28,67.75
E1,client-longtail,15,66.31,67.75
E1,client-longtail,16,66.39,67.95
E1,client-longtail,17,66.53,68.0
E1,client-longtail,18,66.52,68.05
E1,client-longtail,19,66.6,68.1
E1,client-longtail,20,66.95,68.2
E1,client-longtail,21,67.07,68.3
E1,client-longtail,22,67.07,68.15
E1,client-longtail,23,67.08,68.2
E1,client-longtail,24,67.18,68.15
E1,client-longtail,25,67.17,68.0
E1,client-longtail,26,67.15,67.95
E1,client-longtail,27,67.23,68.0
E1,client-longtail,28,67.33,68.15
E1,client-longtail,29,67.39,68.15
E1,client-longtail,30,67.51,68.45
E1,client-longtail,31,67.61,68.55
E1,client-longtail,32,67.62,68.4
E1,client-longtail,33,67.65,68.4
E1,client-longtail,34,67.66,68.3
E1,client-longtail,35,67.74,68.3
E1,client-longtail,36,67.74,68.35
E1,client-longtail,37,67.73,68.2
E1,client-longtail,38,67.73,68.1
E1,client-longtail,39,67.7,68.05
E1,client-longtail,40,67.8,67.85
E1,client-longtail,41,67.78,67.55
E1,client-longtail,42,67.79,67.55
E1,client-longtail,43,67.85,67.5
E1,client-longtail,44,67.86,67.4
E1,client-longtail,45,67.89,67.25
E1,client-longtail,46,67.83,67.15
E1,client-longtail,47,67.87,67.05
E1,client-longtail,48,67.84,66.85
E1,client-longtail,49,67.88,66.8
E1,client-longtail,50,67.78,66.25
E1,client-longtail,51,67.77,66.2
E1,client-longtail,52,67.74,66.1
E1,client-longtail,53,67.75,66.05
E1,client-longtail,54,67.74,65.95
E1,client-longtail,55,67.77,65.9
E1,client-longtail,56,67.76,65.6
E1,client-longtail,57,67.72,65.5
E1,client-longtail,58,67.7,65.2
E1,client-longtail,59,67.67,65.15
E1,client-longtail,60,67.28,64.5
E1,client-longtail,61,67.27,64.4
E1,client-longtail,62,67.25,64.3
E1,client-longtail,63,67.26,64.3
E1,client-longtail,64,67.25,64.0
E1,client-longtail,65,67.2,63.85
E1,client-longtail,66,67.1,63.45
E1,client-longtail,67,67.1,63.35
E1,client-longtail,68,67.04,63.1
E1,client-longtail,69,67.01,62.95
E1,client-longtail,70,66.77,62.25
E1,client-longtail,71,66.79,62.15
E1,client-longtail,72,66.73,62.0
E1,client-longtail,73,66.68,61.7
E1,client-longtail,74,66.64,61.55
E1,client-longtail,75,66.66,61.5
E1,client-longtail,76,66.67,61.35
E1,client-longtail,77,66.66,61.2
E1,client-longtail,78,66.66,60.9
E1,client-longtail,79,66.67,60.75
E1,client-longtail,80,66.29,59.8
E1,client-longtail,81,66.31,59.8
E1,client-longtail,82,66.33,59.8
E1,client-longtail,83,66.34,59.75
E1,client-longtail,84,66.33,59.5
E1,client-longtail,85,66.31,59.35
E1,client-longtail,86,66.22,59.05
E1,client-longtail,87,66.16,58.85
E1,client-longtail,88,66.09,58.65
E1,client-longtail,89,66.09,58.45
E1,client-longtail,90,65.66,57.25
E1,client-longtail,91,65.68,57.1
E1,client-longtail,92,65.68,57.05
E1,client-longtail,93,65.63,56.85
E1,client-longtail,94,65.6,56.65
E1,client-longtail,95,65.6,56.55
E1,client-longtail,96,65.59,56.25
E1,client-longtail,97,65.53,56.05
E1,client-longtail,98,65.47,55.75
E1,client-longtail,99,65.45,55.65
E1,client-longtail,100,65.45,55.65
E2,client-longtail,0,64.95,66.35
E2,client-longtail,1,64.98,66.35
E2,client-longtail,2,65.03,66.4
E2,client-longtail,3,65.11,66.55
E2,client-longtail,4,65.15,66.55
E2,client-longtail,5,65.2,66.55
E2,client-longtail,6,65.27,66.6
E2,client-longtail,7,65.4,66.6
E2,client-longtail,8,65.56,66.95
E2,client-longtail,9,65.63,67.1
E2,client-longtail,10,65.71,67.2
E2,client-longtail,11,65.72,67.25
E2,client-longtail,12,65.76,67.25
E2,client-longtail,13,65.83,67.35
E2,client-longtail,14,65.91,67.35
E2,client-longtail,15,66.0,67.55
E2,client-longtail,16,66.06,67.7
E2,client-longtail,17,66.09,67.75
E2,client-longtail,18,66.18,67.8
E2,client-longtail,19,66.21,67.9
E2,client-longtail,20,66.29,67.95
E2,client-longtail,21,66.29,67.95
E2,client-longtail,22,66.31,67.95
E2,client-longtail,23,66.4,68.05
E2,client-longtail,24,66.45,68.05
E2,client-longtail,25,66.49,68.15
E2,client-longtail,26,66.51,68.15
E2,client-longtail,27,66.55,68.2
E2,client-longtail,28,66.57,68.2
E2,client-longtail,29,66.59,68.15
E2,client-longtail,30,66.66,68.15
E2,client-longtail,31,66.69,68.15
E2,client-longtail,32,66.69,68.15
E2,client-longtail,33,66.71,68.15
E2,client-longtail,34,66.72,68.15
E2,client-longtail,35,66.77,68.15
E2,client-longtail,36,66.77,68.15
E2,client-longtail,37,66.81,68.15
E2,client-longtail,38,66.84,68.2
E2,client-longtail,39,66.92,68.25
E2,client-longtail,40,66.91,68.25
E2,client-longtail,41,66.95,68.35
E2,client-longtail,42,66.99,68.3
E2,client-longtail,43,67.02,68.35
E2,client-longtail,44,67.09,68.4
E2,client-longtail,45,67.11,68.45
E2,client-longtail,46,67.14,68.55
E2,client-longtail,47,67.15,68.6
E2,client-longtail,48,67.16,68.55
E2,client-longtail,49,67.21,68.6
E2,client-longtail,50,67.27,68.6
E2,client-longtail,51,67.33,68.65
E2,client-longtail,52,67.36,68.7
E2,client-longtail,53,67.4,68.7
E2,client-longtail,54,67.4,68.6
E2,client-longtail,55,67.43,68.65
E2,client-longtail,56,67.42,68.6
E2,client-longtail,57,67.43,68.6
E2,client-longtail,58,67.49,68.65
E2,client-longtail,59,67.51,68.55
E2,client-longtail,60,67.52,68.55
E2,client-longtail,61,67.54,68.6
E2,client-longtail,62,67.56,68.7
E2,client-longtail,63,67.57,68.7
E2,client-longtail,64,67.56,68.75
E2,client-longtail,65,67.6,68.85
E2,client-longtail,66,67.62,68.85
E2,client-longtail,67,67.59,68.75
E2,client-longtail,68,67.58,68.8
E2,client-longtail,69,67.62,68.9
E2,client-longtail,70,67.65,68.9
E2,client-longtail,71,67.7,68.9
E2,client-longtail,72,67.76,68.95
E2,client-longtail,73,67.78,69.0
E2,client-longtail,74,67.79,69.1
E2,client-longtail,75,67.82,69.1
E2,client-longtail,76,67.82,69.15
E2,client-longtail,77,67.82,69.15
E2,client-longtail,78,67.85,69.4
E2,client-longtail,79,67.88,69.4
E2,client-longtail,80,67.93,69.5
E2,client-longtail,81,67.95,69.55
E2,client-longtail,82,67.96,69.55
E2,client-longtail,83,67.97,69.6
E2,client-longtail,84,68.02,69.6
E2,client-longtail,85,68.03,69.6
E2,client-longtail,86,68.05,69.65
E2,client-longtail,87,68.06,69.55
E2,client-longtail,88,68.07,69.55
E2,client-longtail,89,68.06,69.55
E2,client-longtail,90,68.08,69.55
E2,client-longtail,91,68.09,69.6
E2,client-longtail,92,68.09,69.6
E2,client-longtail,93,68.11,69.6
E2,client-longtail,94,68.16,69.7
E2,client-longtail,95,68.19,69.75
E2,client-longtail,96,68.2,69.75
E2,client-longtail,97,68.22,69.8
E2,client-longtail,98,68.24,69.85
E2,client-longtail,99,68.22,69.8
E2,client-longtail,100,68.25,69.8
E3,client-longtail,0,64.95,66.35
E3,client-longtail,1,64.98,66.35
E3,client-longtail,2,65.03,66.4
E3,client-longtail,3,65.11,66.55
E3,client-longtail,4,65.15,66.55
E3,client-longtail,5,65.2,66.55
E3,client-longtail,6,65.27,66.6
E3,client-longtail,7,65.4,66.6
E3,client-longtail,8,65.56,66.95
E3,client-longtail,9,65.63,67.1
E3,client-longtail,10,65.78,67.35
E3,client-longtail,11,65.88,67.55
E3,client-longtail,12,65.98,67.7
E3,client-longtail,13,66.07,67.8
E3,client-longtail,14,66.19,68.0
E3,client-longtail,15,66.24,68.0
E3,client-longtail,16,66.27,68.0
E3,client-longtail,17,66.38,68.1
E3,client-longtail,18,66.44,68.1
E3,client-longtail,19,66.51,68.1
E3,client-longtail,20,66.8,68.4
E3,client-longtail,21,66.84,68.35
E3,client-longtail,22,66.98,68.35
E3,client-longtail,23,67.04,68.35
E3,client-longtail,24,67.1,68.6
E3,client-longtail,25,67.12,68.6
E3,client-longtail,26,67.22,68.6
E3,client-longtail,27,67.27,68.55
E3,client-longtail,28,67.31,68.6
E3,client-longtail,29,67.32,68.75
E3,client-longtail,30,67.67,69.1
E3,client-longtail,31,67.72,69.15
E3,client-longtail,32,67.81,69.25
E3,client-longtail,33,67.8,69.3
E3,client-longtail,34,67.8,69.45
E3,client-longtail,35,67.88,69.45
E3,client-longtail,36,67.97,69.5
E3,client-longtail,37,68.0,69.55
E3,client-longtail,38,68.0,69.55
E3,client-longtail,39,68.0,69.65
E3,client-longtail,40,68.2,70.1
E3,client-longtail,41,68.22,70.0
E3,client-longtail,42,68.25,70.05
E3,client-longtail,43,68.31,70.05
E3,client-longtail,44,68.3,70.05
E3,client-longtail,45,68.33,69.95
E3,client-longtail,46,68.39,70.05
E3,client-longtail,47,68.43,70.1
E3,client-longtail,48,68.5,70.15
E3,client-longtail,49,68.53,70.25
E3,client-longtail,50,68.64,70.25
E3,client-longtail,51,68.64,70.15
E3,client-longtail,52,68.61,70.2
E3,client-longtail,53,68.62,70.2
E3,client-longtail,54,68.64,70.25
E3,client-longtail,55,68.64,70.25
E3,client-longtail,56,68.68,70.3
E3,client-longtail,57,68.71,70.3
E3,client-longtail,58,68.71,70.3
E3,client-longtail,59,68.71,70.3
E3,client-longtail,60,68.78,70.4
E3,client-longtail,61,68.82,70.45
E3,client-longtail,62,68.88,70.6
E3,client-longtail,63,68.89,70.55
E3,client-longtail,64,68.91,70.5
E3,client-longtail,65,68.96,70.55
E3,client-longtail,66,69.01,70.55
E3,client-longtail,67,69.04,70.65
E3,client-longtail,68,69.06,70.75
E3,client-longtail,69,69.08,70.75
E3,client-longtail,70,69.13,70.8
E3,client-longtail,71,69.14,70.8
E3,client-longtail,72,69.19,70.95
E3,client-longtail,73,69.19,70.95
E3,client-longtail,74,69.24,70.95
E3,client-longtail,75,69.26,70.95
E3,client-longtail,76,69.24,70.95
E3,client-longtail,77,69.26,71.0
E3,client-longtail,78,69.26,70.9
E3,client-longtail,79,69.29,70.9
E3,client-longtail,80,69.37,71.15
E3,client-longtail,81,69.4,71.2
E3,client-longtail,82,69.39,71.2
E3,client-longtail,83,69.43,71.25
E3,client-longtail,84,69.48,71.3
E3,client-longtail,85,69.47,71.3
E3,client-longtail,86,69.5,71.35
E3,client-longtail,87,69.52,71.35
E3,client-longtail,88,69.58,71.35
E3,client-longtail,89,69.65,71.4
E3,client-longtail,90,69.67,71.25
E3,client-longtail,91,69.69,71.35
E3,client-longtail,92,69.72,71.35
E3,client-longtail,93,69.77,71.4
E3,client-longtail,94,69.77,71.3
E3,client-longtail,95,69.77,71.25
E3,client-longtail,96,69.79,71.2
E3,client-longtail,97,69.79,71.1
E3,client-longtail,98,69.83,71.1
E3,client-longtail,99,69.83,71.05
E3,client-longtail,100,69.86,71.05
E5,client-longtail,0,64.95,66.35
E5,client-longtail,1,64.98,66.35
E5,client-longtail,2,65.03,66.4
E5,client-longtail,3,65.11,66.55
E5,client-longtail,4,65.15,66.55
E5,client-longtail,5,65.2,66.55
E5,client-longtail,6,65.27,66.6
E5,client-longtail,7,65.4,66.6
E5,client-longtail,8,65.56,66.95
E5,client-longtail,9,65.63,67.1
E5,client-longtail,10,65.78,67.35
E5,client-longtail,11,65.88,67.55
E5,client-longtail,12,65.98,67.7
E5,client-longtail,13,66.07,67.8
E5,client-longtail,14,66.19,68.0
E5,client-longtail,15,66.24,68.0
E5,client-longtail,16,66.27,68.0
E5,client-longtail,17,66.38,68.1
E5,client-longtail,18,66.44,68.1
E5,client-longtail,19,66.51,68.1
E5,client-longtail,20,66.8,68.4
E5,client-longtail,21,66.84,68.35
E5,client-longtail,22,66.98,68.35
E5,client-longtail,23,67.04,68.35
E5,client-longtail,24,67.1,68.6
E5,client-longtail,25,67.12,68.6
E5,client-longtail,26,67.22,68.6
E5,client-longtail,27,67.27,68.55
E5,client-longtail,28,67.31,68.6
E5,client-longtail,29,67.32,68.75
E5,client-longtail,30,67.67,69.1
E5,client-longtail,31,67.72,69.15
E5,client-longtail,32,67.81,69.25
E5,client-longtail,33,67.8,69.3
E5,client-longtail,34,67.8,69.45
E5,client-longtail,35,67.88,69.45
E5,client-longtail,36,67.97,69.5
E5,client-longtail,37,68.0,69.55
E5,client-longtail,38,68.0,69.55
E5,client-longtail,39,68.0,69.65
E5,client-longtail,40,68.2,70.1
E5,client-longtail,41,68.22,70.0
E5,client-longtail,42,68.25,70.05
E5,client-longtail,43,68.31,70.05
E5,client-longtail,44,68.3,70.05
E5,client-longtail,45,68.33,69.95
E5,client-longtail,46,68.39,70.05
E5,client-longtail,47,68.43,70.1
E5,client-longtail,48,68.5,70.15
E5,client-longtail,49,68.53,70.25
E5,client-longtail,50,68.64,70.25
E5,client-longtail,51,68.64,70.15
E5,client-longtail,52,68.61,70.2
E5,client-longtail,53,68.62,70.2
E5,client-longtail,54,68.64,70.25
E5,client-longtail,55,68.64,70.25
E5,client-longtail,56,68.68,70.3
E5,client-longtail,57,68.71,70.3
E5,client-longtail,58,68.71,70.3
E5,client-longtail,59,68.71,70.3
E5,client-longtail,60,68.78,70.4
E5,client-longtail,61,68.82,70.45
E5,client-longtail,62,68.88,70.6
E5,client-longtail,63,68.89,70.55
E5,client-longtail,64,68.91,70.5
E5,client-longtail,65,68.96,70.55
E5,client-longtail,66,69.01,70.55
E5,client-longtail,67,69.04,70.65
E5,client-longtail,68,69.06,70.75
E5,client-longtail,69,69.08,70.75
E5,client-longtail,70,69.13,70.8
E5,client-longtail,71,69.14,70.8
E5,client-longtail,72,69.19,70.95
E5,client-longtail,73,69.19,70.95
E5,client-longtail,74,69.24,70.95
E5,client-longtail,75,69.26,70.95
E5,client-longtail,76,69.24,70.95
E5,client-longtail,77,69.26,71.0
E5,client-longtail,78,69.26,70.9
E5,client-longtail,79,69.29,70.9
E5,client-longtail,80,69.29,70.9
E5,client-longtail,81,69.3,70.9
E5,client-longtail,82,69.36,70.95
E5,client-longtail,83,69.39,70.9
E5,client-longtail,84,69.38,70.9
E5,client-longtail,85,69.41,71.05
E5,client-longtail,86,69.49,71.15
E5,client-longtail,87,69.49,71.15
E5,client-longtail,88,69.5,71.2
E5,client-longtail,89,69.51,71.2
E5,client-longtail,90,69.53,71.25
E5,client-longtail,91,69.58,71.25
E5,client-longtail,92,69.59,71.25
E5,client-longtail,93,69.64,71.25
E5,client-longtail,94,69.64,71.25
E5,client-longtail,95,69.67,71.2
E5,client-longtail,96,69.64,71.2
E5,client-longtail,97,69.64,71.25
E5,client-longtail,98,69.65,71.2
E5,client-longtail,99,69.7,71.25
E5,client-longtail,100,69.7,71.25
J,client-longtail,0,64.95,66.35
J,client-longtail,1,64.99,66.4
J,client-longtail,2,65.08,66.5
J,client-longtail,3,65.3,66.8
J,client-longtail,4,65.82,67.6
J,client-longtail,5,66.39,68.15
J,client-longtail,6,66.98,68.7
J,client-longtail,7,67.46,69.1
J,client-longtail,8,67.81,69.95
J,client-longtail,9,68.06,70.1
J,client-longtail,10,68.21,70.35
J,client-longtail,11,68.45,70.35
J,client-longtail,12,68.51,70.5
J,client-longtail,13,68.69,70.55
J,client-longtail,14,68.91,70.7
J,client-longtail,15,69.19,70.95
J,client-longtail,16,69.23,70.95
J,client-longtail,17,69.5,71.05
J,client-longtail,18,69.59,71.0
J,client-longtail,19,69.87,71.2
J,client-longtail,20,69.98,71.5
J,client-longtail,21,70.12,71.65
J,client-longtail,22,70.21,71.7
J,client-longtail,23,70.27,71.55
J,client-longtail,24,70.36,71.3
J,client-longtail,25,70.31,71.1
J,client-longtail,26,70.37,71.05
J,client-longtail,27,70.5,70.9
J,client-longtail,28,70.51,70.7
J,client-longtail,29,70.55,70.45
J,client-longtail,30,70.56,70.15
J,client-longtail,31,70.52,69.65
J,client-longtail,32,70.51,69.55
J,client-longtail,33,70.65,69.25
J,client-longtail,34,70.62,69.1
J,client-longtail,35,70.65,68.8
J,client-longtail,36,70.68,68.6
J,client-longtail,37,70.71,68.5
J,client-longtail,38,70.72,68.2
J,client-longtail,39,70.81,68.05
J,client-longtail,40,70.94,67.85
J,client-longtail,41,70.98,67.7
J,client-longtail,42,71.04,67.4
J,client-longtail,43,71.07,67.25
J,client-longtail,44,71.15,67.1
J,client-longtail,45,71.1,66.6
J,client-longtail,46,71.24,66.6
J,client-longtail,47,71.2,66.35
J,client-longtail,48,71.2,66.15
J,client-longtail,49,71.27,65.9
J,client-longtail,50,71.33,65.75
J,client-longtail,51,71.31,65.45
J,client-longtail,52,71.32,65.25
J,client-longtail,53,71.3,65.0
J,client-longtail,54,71.33,64.65
J,client-longtail,55,71.35,64.55
J,client-longtail,56,71.39,64.25
J,client-longtail,57,71.38,64.0
J,client-longtail,58,71.48,64.0
J,client-longtail,59,71.49,63.85
J,client-longtail,60,71.5,63.55
J,client-longtail,61,71.47,63.4
J,client-longtail,62,71.42,63.3
J,client-longtail,63,71.46,63.1
J,client-longtail,64,71.49,63.1
J,client-longtail,65,71.54,63.15
J,client-longtail,66,71.47,62.7
J,client-longtail,67,71.55,62.4
J,client-longtail,68,71.4,61.9
J,client-longtail,69,71.43,62.0
J,client-longtail,70,71.38,61.95
J,client-longtail,71,71.42,61.9
J,client-longtail,72,71.42,61.85
J,client-longtail,73,71.35,61.75
J,client-longtail,74,71.37,61.55
J,client-longtail,75,71.27,61.45
J,client-longtail,76,71.35,61.5
J,client-longtail,77,71.4,61.45
J,client-longtail,78,71.33,61.45
J,client-longtail,79,71.37,61.25
J,client-longtail,80,71.34,61.25
J,client-longtail,81,71.3,61.1
J,client-longtail,82,71.29,61.05
J,client-longtail,83,71.22,60.95
J,client-longtail,84,71.28,60.95
J,client-longtail,85,71.29,60.85
J,client-longtail,86,71.33,60.75
J,client-longtail,87,71.25,60.6
J,client-longtail,88,71.29,60.5
J,client-longtail,89,71.27,60.25
J,client-longtail,90,71.1,60.2
J,client-longtail,91,71.14,60.05
J,client-longtail,92,71.15,59.95
J,client-longtail,93,71.15,59.85
J,client-longtail,94,71.16,59.8
J,client-longtail,95,71.12,59.8
J,client-longtail,96,71.09,59.85
J,client-longtail,97,71.13,59.9
J,client-longtail,98,71.14,59.75
J,client-longtail,99,71.14,59.7
J,client-longtail,100,71.08,59.55
S,client-longtail,0,64.95,66.35
S,client-longtail,1,64.98,66.35
S,client-longtail,2,65.04,66.45
S,client-longtail,3,65.13,66.65
S,client-longtail,4,65.27,66.65
S,client-longtail,5,65.54,67.05
S,client-longtail,6,65.77,67.5
S,client-longtail,7,66.07,67.9
S,client-longtail,8,66.31,68.2
S,client-longtail,9,66.59,68.3
S,client-longtail,10,66.85,68.4
S,client-longtail,11,67.11,68.75
S,client-longtail,12,67.29,68.9
S,client-longtail,13,67.42,69.2
S,client-longtail,14,67.73,69.75
S,client-longtail,15,67.9,70.0
S,client-longtail,16,67.97,69.95
S,client-longtail,17,68.02,70.0
S,client-longtail,18,68.12,70.05
S,client-longtail,19,68.26,70.15
S,client-longtail,20,68.27,70.25
S,client-longtail,21,68.41,70.3
S,client-longtail,22,68.5,70.45
S,client-longtail,23,68.52,70.45
S,client-longtail,24,68.58,70.55
S,client-longtail,25,68.7,70.55
S,client-longtail,26,68.74,70.6
S,client-longtail,27,68.84,70.7
S,client-longtail,28,68.9,70.75
S,client-longtail,29,69.04,70.85
S,client-longtail,30,69.07,70.85
S,client-longtail,31,69.23,71.1
S,client-longtail,32,69.26,71.1
S,client-longtail,33,69.22,70.95
S,client-longtail,34,69.28,70.9
S,client-longtail,35,69.43,71.1
S,client-longtail,36,69.48,71.1
S,client-longtail,37,69.56,71.05
S,client-longtail,38,69.64,71.0
S,client-longtail,39,69.74,71.1
S,client-longtail,40,69.86,71.15
S,client-longtail,41,69.96,71.1
S,client-longtail,42,70.04,71.25
S,client-longtail,43,70.06,71.35
S,client-longtail,44,70.21,71.5
S,client-longtail,45,70.24,71.7
S,client-longtail,46,70.29,71.8
S,client-longtail,47,70.29,71.8
S,client-longtail,48,70.33,71.8
S,client-longtail,49,70.33,71.75
S,client-longtail,50,70.3,71.6
S,client-longtail,51,70.36,71.55
S,client-longtail,52,70.39,71.5
S,client-longtail,53,70.41,71.35
S,client-longtail,54,70.41,71.3
S,client-longtail,55,70.41,71.3
S,client-longtail,56,70.48,71.35
S,client-longtail,57,70.4,71.15
S,client-longtail,58,70.44,71.1
S,client-longtail,59,70.42,71.05
S,client-longtail,60,70.44,71.0
S,client-longtail,61,70.41,70.85
S,client-longtail,62,70.42,70.8
S,client-longtail,63,70.5,70.8
S,client-longtail,64,70.51,70.85
S,client-longtail,65,70.56,70.8
S,client-longtail,66,70.51,70.6
S,client-longtail,67,70.56,70.55
S,client-longtail,68,70.58,70.55
S,client-longtail,69,70.59,70.4
S,client-longtail,70,70.62,70.25
S,client-longtail,71,70.63,70.2
S,client-longtail,72,70.64,70.2
S,client-longtail,73,70.71,70.2
S,client-longtail,74,70.7,70.15
S,client-longtail,75,70.68,69.9
S,client-longtail,76,70.73,69.85
S,client-longtail,77,70.73,69.85
S,client-longtail,78,70.7,69.65
S,client-longtail,79,70.68,69.55
S,client-longtail,80,70.67,69.35
S,client-longtail,81,70.6,69.0
S,client-longtail,82,70.66,68.9
S,client-longtail,83,70.76,68.9
S,client-longtail,84,70.78,68.95
S,client-longtail,85,70.78,68.95
S,client-longtail,86,70.8,68.95
S,client-longtail,87,70.81,68.85
S,client-longtail,88,70.89,68.85
S,client-longtail,89,70.97,68.75
S,client-longtail,90,71.01,68.65
S,client-longtail,91,70.98,68.55
S,client-longtail,92,70.98,68.55
S,client-longtail,93,70.98,68.5
S,client-longtail,94,71.02,68.5
S,client-longtail,95,71.01,68.55
S,client-longtail,96,71.0,68.4
S,client-longtail,97,71.03,68.4
S,client-longtail,98,71.05,68.35
S,client-longtail,99,71.03,68.35
S,client-longtail,100,71.06,68.35
E0,noniid-labeldir-fine,0,64.95,66.35
E0,noniid-labeldir-fine,1,64.98,66.35
E0,noniid-labeldir-fine,2,65.04,66.45
E0,noniid-labeldir-fine,3,65.07,66.4
E0,noniid-labeldir-fine,4,65.11,66.4
E0,noniid-labeldir-fine,5,65.18,66.5
E0,noniid-labeldir-fine,6,65.29,66.6
E0,noniid-labeldir-fine,7,65.4,66.7
E0,noniid-labeldir-fine,8,65.46,66.8
E0,noniid-labeldir-fine,9,65.66,67.1
E0,noniid-labeldir-fine,10,65.72,67.1
E0,noniid-labeldir-fine,11,65.74,67.1
E0,noniid-labeldir-fine,12,65.76,67.15
E0,noniid-labeldir-fine,13,65.85,67.35
E0,noniid-labeldir-fine,14,65.91,67.45
E0,noniid-labeldir-fine,15,65.99,67.55
E0,noniid-labeldir-fine,16,66.11,67.6
E0,noniid-labeldir-fine,17,66.14,67.6
E0,noniid-labeldir-fine,18,66.23,67.65
E0,noniid-labeldir-fine,19,66.24,67.65
E0,noniid-labeldir-fine,20,66.26,67.65
E0,noniid-labeldir-fine,21,66.31,67.7
E0,noniid-labeldir-fine,22,66.35,67.75
E0,noniid-labeldir-fine,23,66.39,67.8
E0,noniid-labeldir-fine,24,66.39,67.8
E0,noniid-labeldir-fine,25,66.42,67.8
E0,noniid-labeldir-fine,26,66.44,67.75
E0,noniid-labeldir-fine,27,66.48,67.75
E0,noniid-labeldir-fine,28,66.5,67.75
E0,noniid-labeldir-fine,29,66.55,67.8
E0,noniid-labeldir-fine,30,66.56,67.8
E0,noniid-labeldir-fine,31,66.52,67.8
E0,noniid-labeldir-fine,32,66.56,67.85
E0,noniid-labeldir-fine,33,66.63,67.95
E0,noniid-labeldir-fine,34,66.66,67.95
E0,noniid-labeldir-fine,35,66.68,67.9
E0,noniid-labeldir-fine,36,66.75,67.9
E0,noniid-labeldir-fine,37,66.79,67.85
E0,noniid-labeldir-fine,38,66.87,68.0
E0,noniid-labeldir-fine,39,66.94,68.0
E0,noniid-labeldir-fine,40,66.95,68.0
E0,noniid-labeldir-fine,41,66.96,67.95
E0,noniid-labeldir-fine,42,67.01,67.95
E0,noniid-labeldir-fine,43,67.04,67.95
E0,noniid-labeldir-fine,44,67.01,67.95
E0,noniid-labeldir-fine,45,67.03,67.95
E0,noniid-labeldir-fine,46,67.07,67.95
E0,noniid-labeldir-fine,47,67.09,67.9
E0,noniid-labeldir-fine,48,67.14,67.95
E0,noniid-labeldir-fine,49,67.17,67.9
E0,noniid-labeldir-fine,50,67.16,67.9
E0,noniid-labeldir-fine,51,67.19,67.9
E0,noniid-labeldir-fine,52,67.21,67.9
E0,noniid-labeldir-fine,53,67.19,67.75
E0,noniid-labeldir-fine,54,67.21,67.7
E0,noniid-labeldir-fine,55,67.24,67.7
E0,noniid-labeldir-fine,56,67.24,67.7
E0,noniid-labeldir-fine,57,67.22,67.6
E0,noniid-labeldir-fine,58,67.23,67.65
E0,noniid-labeldir-fine,59,67.27,67.65
E0,noniid-labeldir-fine,60,67.26,67.65
E0,noniid-labeldir-fine,61,67.27,67.65
E0,noniid-labeldir-fine,62,67.32,67.75
E0,noniid-labeldir-fine,63,67.33,67.8
E0,noniid-labeldir-fine,64,67.34,67.8
E0,noniid-labeldir-fine,65,67.37,67.9
E0,noniid-labeldir-fine,66,67.44,67.85
E0,noniid-labeldir-fine,67,67.43,67.8
E0,noniid-labeldir-fine,68,67.41,67.8
E0,noniid-labeldir-fine,69,67.44,67.9
E0,noniid-labeldir-fine,70,67.46,67.9
E0,noniid-labeldir-fine,71,67.46,67.85
E0,noniid-labeldir-fine,72,67.51,67.9
E0,noniid-labeldir-fine,73,67.49,67.8
E0,noniid-labeldir-fine,74,67.51,67.85
E0,noniid-labeldir-fine,75,67.52,67.9
E0,noniid-labeldir-fine,76,67.52,67.95
E0,noniid-labeldir-fine,77,67.5,67.95
E0,noniid-labeldir-fine,78,67.53,67.95
E0,noniid-labeldir-fine,79,67.58,67.95
E0,noniid-labeldir-fine,80,67.64,68.05
E0,noniid-labeldir-fine,81,67.62,68.05
E0,noniid-labeldir-fine,82,67.61,68.1
E0,noniid-labeldir-fine,83,67.59,68.05
E0,noniid-labeldir-fine,84,67.6,68.05
E0,noniid-labeldir-fine,85,67.58,68.05
E0,noniid-labeldir-fine,86,67.59,68.05
E0,noniid-labeldir-fine,87,67.6,68.0
E0,noniid-labeldir-fine,88,67.66,68.0
E0,noniid-labeldir-fine,89,67.68,67.95
E0,noniid-labeldir-fine,90,67.7,68.0
E0,noniid-labeldir-fine,91,67.72,68.0
E0,noniid-labeldir-fine,92,67.75,68.0
E0,noniid-labeldir-fine,93,67.71,67.95
E0,noniid-labeldir-fine,94,67.7,67.9
E0,noniid-labeldir-fine,95,67.67,67.85
E0,noniid-labeldir-fine,96,67.69,67.85
E0,noniid-labeldir-fine,97,67.7,67.8
E0,noniid-labeldir-fine,98,67.73,67.75
E0,noniid-labeldir-fine,99,67.75,67.75
E0,noniid-labeldir-fine,100,67.74,67.75
E1,noniid-labeldir-fine,0,64.95,66.35
E1,noniid-labeldir-fine,1,64.98,66.35
E1,noniid-labeldir-fine,2,65.04,66.45
E1,noniid-labeldir-fine,3,65.07,66.4
E1,noniid-labeldir-fine,4,65.11,66.4
E1,noniid-labeldir-fine,5,65.18,66.5
E1,noniid-labeldir-fine,6,65.29,66.6
E1,noniid-labeldir-fine,7,65.4,66.7
E1,noniid-labeldir-fine,8,65.46,66.8
E1,noniid-labeldir-fine,9,65.66,67.1
E1,noniid-labeldir-fine,10,65.82,67.4
E1,noniid-labeldir-fine,11,65.92,67.55
E1,noniid-labeldir-fine,12,65.99,67.6
E1,noniid-labeldir-fine,13,66.15,67.65
E1,noniid-labeldir-fine,14,66.23,67.7
E1,noniid-labeldir-fine,15,66.29,67.75
E1,noniid-labeldir-fine,16,66.36,67.95
E1,noniid-labeldir-fine,17,66.4,68.0
E1,noniid-labeldir-fine,18,66.43,68.0
E1,noniid-labeldir-fine,19,66.5,68.05
E1,noniid-labeldir-fine,20,66.85,68.3
E1,noniid-labeldir-fine,21,66.89,68.25
E1,noniid-labeldir-fine,22,66.95,68.15
E1,noniid-labeldir-fine,23,67.0,68.2
E1,noniid-labeldir-fine,24,67.08,68.25
E1,noniid-labeldir-fine,25,67.14,68.25
E1,noniid-labeldir-fine,26,67.18,68.3
E1,noniid-labeldir-fine,27,67.19,68.3
E1,noniid-labeldir-fine,28,67.24,68.2
E1,noniid-labeldir-fine,29,67.27,68.1
E1,noniid-labeldir-fine,30,67.53,68.45
E1,noniid-labeldir-fine,31,67.52,68.6
E1,noniid-labeldir-fine,32,67.54,68.55
E1,noniid-labeldir-fine,33,67.62,68.6
E1,noniid-labeldir-fine,34,67.62,68.55
E1,noniid-labeldir-fine,35,67.65,68.55
E1,noniid-labeldir-fine,36,67.69,68.55
E1,noniid-labeldir-fine,37,67.7,68.55
E1,noniid-labeldir-fine,38,67.74,68.5
E1,noniid-labeldir-fine,39,67.74,68.5
E1,noniid-labeldir-fine,40,67.7,68.1
E1,noniid-labeldir-fine,41,67.74,68.1
E1,noniid-labeldir-fine,42,67.83,68.15
E1,noniid-labeldir-fine,43,67.81,68.05
E1,noniid-labeldir-fine,44,67.87,68.0
E1,noniid-labeldir-fine,45,67.91,68.0
E1,noniid-labeldir-fine,46,67.9,68.05
E1,noniid-labeldir-fine,47,67.93,67.8
E1,noniid-labeldir-fine,48,67.98,67.8
E1,noniid-labeldir-fine,49,68.03,67.75
E1,noniid-labeldir-fine,50,67.82,67.45
E1,noniid-labeldir-fine,51,67.84,67.4
E1,noniid-labeldir-fine,52,67.86,67.3
E1,noniid-labeldir-fine,53,67.91,67.15
E1,noniid-labeldir-fine,54,67.8,67.0
E1,noniid-labeldir-fine,55,67.86,67.0
E1,noniid-labeldir-fine,56,67.83,66.9
E1,noniid-labeldir-fine,57,67.79,66.7
E1,noniid-labeldir-fine,58,67.79,66.65
E1,noniid-labeldir-fine,59,67.79,66.6
E1,noniid-labeldir-fine,60,67.47,65.8
E1,noniid-labeldir-fine,61,67.5,65.7
E1,noniid-labeldir-fine,62,67.51,65.7
E1,noniid-labeldir-fine,63,67.47,65.55
E1,noniid-labeldir-fine,64,67.48,65.45
E1,noniid-labeldir-fine,65,67.5,65.35
E1,noniid-labeldir-fine,66,67.43,65.05
E1,noniid-labeldir-fine,67,67.38,64.85
E1,noniid-labeldir-fine,68,67.37,64.75
E1,noniid-labeldir-fine,69,67.38,64.65
E1,noniid-labeldir-fine,70,67.09,64.2
E1,noniid-labeldir-fine,71,67.04,64.0
E1,noniid-labeldir-fine,72,67.05,63.9
E1,noniid-labeldir-fine,73,66.96,63.65
E1,noniid-labeldir-fine,74,66.9,63.45
E1,noniid-labeldir-fine,75,66.92,63.35
E1,noniid-labeldir-fine,76,66.89,63.3
E1,noniid-labeldir-fine,77,66.94,63.2
E1,noniid-labeldir-fine,78,66.96,63.1
E1,noniid-labeldir-fine,79,66.92,63.0
E1,noniid-labeldir-fine,80,66.77,62.5
E1,noniid-labeldir-fine,81,66.74,62.4
E1,noniid-labeldir-fine,82,66.69,62.25
E1,noniid-labeldir-fine,83,66.67,62.05
E1,noniid-labeldir-fine,84,66.7,62.1
E1,noniid-labeldir-fine,85,66.63,61.85
E1,noniid-labeldir-fine,86,66.59,61.75
E1,noniid-labeldir-fine,87,66.6,61.65
E1,noniid-labeldir-fine,88,66.58,61.45
E1,noniid-labeldir-fine,89,66.54,61.4
E1,noniid-labeldir-fine,90,66.25,60.7
E1,noniid-labeldir-fine,91,66.26,60.55
E1,noniid-labeldir-fine,92,66.28,60.5
E1,noniid-labeldir-fine,93,66.32,60.35
E1,noniid-labeldir-fine,94,66.34,60.3
E1,noniid-labeldir-fine,95,66.33,60.2
E1,noniid-labeldir-fine,96,66.31,60.15
E1,noniid-labeldir-fine,97,66.27,59.95
E1,noniid-labeldir-fine,98,66.26,59.9
E1,noniid-labeldir-fine,99,66.24,59.75
E1,noniid-labeldir-fine,100,66.16,59.5
E2,noniid-labeldir-fine,0,64.95,66.35
E2,noniid-labeldir-fine,1,64.96,66.35
E2,noniid-labeldir-fine,2,65.03,66.4
E2,noniid-labeldir-fine,3,65.1,66.5
E2,noniid-labeldir-fine,4,65.14,66.6
E2,noniid-labeldir-fine,5,65.18,66.55
E2,noniid-labeldir-fine,6,65.25,66.6
E2,noniid-labeldir-fine,7,65.31,66.6
E2,noniid-labeldir-fine,8,65.49,66.8
E2,noniid-labeldir-fine,9,65.61,67.15
E2,noniid-labeldir-fine,10,65.64,67.15
E2,noniid-labeldir-fine,11,65.73,67.2
E2,noniid-labeldir-fine,12,65.75,67.25
E2,noniid-labeldir-fine,13,65.78,67.3
E2,noniid-labeldir-fine,14,65.86,67.3
E2,noniid-labeldir-fine,15,65.96,67.45
E2,noniid-labeldir-fine,16,66.06,67.6
E2,noniid-labeldir-fine,17,66.07,67.7
E2,noniid-labeldir-fine,18,66.07,67.75
E2,noniid-labeldir-fine,19,66.16,67.8
E2,noniid-labeldir-fine,20,66.26,67.95
E2,noniid-labeldir-fine,21,66.3,68.0
E2,noniid-labeldir-fine,22,66.31,68.05
E2,noniid-labeldir-fine,23,66.35,68.05
E2,noniid-labeldir-fine,24,66.41,68.15
E2,noniid-labeldir-fine,25,66.42,68.2
E2,noniid-labeldir-fine,26,66.43,68.2
E2,noniid-labeldir-fine,27,66.46,68.2
E2,noniid-labeldir-fine,28,66.47,68.2
E2,noniid-labeldir-fine,29,66.52,68.2
E2,noniid-labeldir-fine,30,66.52,68.2
E2,noniid-labeldir-fine,31,66.58,68.25
E2,noniid-labeldir-fine,32,66.57,68.25
E2,noniid-labeldir-fine,33,66.65,68.3
E2,noniid-labeldir-fine,34,66.7,68.3
E2,noniid-labeldir-fine,35,66.67,68.25
E2,noniid-labeldir-fine,36,66.69,68.25
E2,noniid-labeldir-fine,37,66.7,68.25
E2,noniid-labeldir-fine,38,66.76,68.25
E2,noniid-labeldir-fine,39,66.81,68.3
E2,noniid-labeldir-fine,40,66.85,68.35
E2,noniid-labeldir-fine,41,66.87,68.4
E2,noniid-labeldir-fine,42,66.91,68.45
E2,noniid-labeldir-fine,43,66.97,68.55
E2,noniid-labeldir-fine,44,67.03,68.65
E2,noniid-labeldir-fine,45,67.05,68.6
E2,noniid-labeldir-fine,46,67.07,68.65
E2,noniid-labeldir-fine,47,67.08,68.65
E2,noniid-labeldir-fine,48,67.11,68.65
E2,noniid-labeldir-fine,49,67.12,68.65
E2,noniid-labeldir-fine,50,67.15,68.6
E2,noniid-labeldir-fine,51,67.22,68.65
E2,noniid-labeldir-fine,52,67.26,68.7
E2,noniid-labeldir-fine,53,67.29,68.75
E2,noniid-labeldir-fine,54,67.3,68.7
E2,noniid-labeldir-fine,55,67.32,68.75
E2,noniid-labeldir-fine,56,67.36,68.9
E2,noniid-labeldir-fine,57,67.41,68.95
E2,noniid-labeldir-fine,58,67.42,68.95
E2,noniid-labeldir-fine,59,67.42,69.0
E2,noniid-labeldir-fine,60,67.44,69.05
E2,noniid-labeldir-fine,61,67.49,69.05
E2,noniid-labeldir-fine,62,67.51,69.0
E2,noniid-labeldir-fine,63,67.53,69.0
E2,noniid-labeldir-fine,64,67.56,69.05
E2,noniid-labeldir-fine,65,67.57,69.05
E2,noniid-labeldir-fine,66,67.58,69.1
E2,noniid-labeldir-fine,67,67.59,69.15
E2,noniid-labeldir-fine,68,67.6,69.15
E2,noniid-labeldir-fine,69,67.61,69.1
E2,noniid-labeldir-fine,70,67.65,69.1
E2,noniid-labeldir-fine,71,67.65,69.1
E2,noniid-labeldir-fine,72,67.66,69.05
E2,noniid-labeldir-fine,73,67.69,69.1
E2,noniid-labeldir-fine,74,67.71,69.15
E2,noniid-labeldir-fine,75,67.73,69.2
E2,noniid-labeldir-fine,76,67.75,69.25
E2,noniid-labeldir-fine,77,67.76,69.3
E2,noniid-labeldir-fine,78,67.78,69.35
E2,noniid-labeldir-fine,79,67.77,69.35
E2,noniid-labeldir-fine,80,67.8,69.4
E2,noniid-labeldir-fine,81,67.84,69.4
E2,noniid-labeldir-fine,82,67.87,69.4
E2,noniid-labeldir-fine,83,67.89,69.35
E2,noniid-labeldir-fine,84,67.91,69.35
E2,noniid-labeldir-fine,85,67.95,69.5
E2,noniid-labeldir-fine,86,67.98,69.7
E2,noniid-labeldir-fine,87,67.98,69.75
E2,noniid-labeldir-fine,88,68.02,69.8
E2,noniid-labeldir-fine,89,68.04,69.8
E2,noniid-labeldir-fine,90,68.08,69.9
E2,noniid-labeldir-fine,91,68.09,69.9
E2,noniid-labeldir-fine,92,68.11,69.95
E2,noniid-labeldir-fine,93,68.14,69.95
E2,noniid-labeldir-fine,94,68.16,69.95
E2,noniid-labeldir-fine,95,68.18,70.0
E2,noniid-labeldir-fine,96,68.19,70.0
E2,noniid-labeldir-fine,97,68.2,70.1
E2,noniid-labeldir-fine,98,68.23,70.15
E2,noniid-labeldir-fine,99,68.26,70.2
E2,noniid-labeldir-fine,100,68.29,70.2
E3,noniid-labeldir-fine,0,64.95,66.35
E3,noniid-labeldir-fine,1,64.96,66.35
E3,noniid-labeldir-fine,2,65.03,66.4
E3,noniid-labeldir-fine,3,65.1,66.5
E3,noniid-labeldir-fine,4,65.14,66.6
E3,noniid-labeldir-fine,5,65.18,66.55
E3,noniid-labeldir-fine,6,65.25,66.6
E3,noniid-labeldir-fine,7,65.31,66.6
E3,noniid-labeldir-fine,8,65.49,66.8
E3,noniid-labeldir-fine,9,65.61,67.15
E3,noniid-labeldir-fine,10,65.78,67.45
E3,noniid-labeldir-fine,11,65.8,67.4
E3,noniid-labeldir-fine,12,65.92,67.6
E3,noniid-labeldir-fine,13,66.04,67.75
E3,noniid-labeldir-fine,14,66.09,67.85
E3,noniid-labeldir-fine,15,66.19,68.0
E3,noniid-labeldir-fine,16,66.18,68.0
E3,noniid-labeldir-fine,17,66.23,68.1
E3,noniid-labeldir-fine,18,66.34,68.25
E3,noniid-labeldir-fine,19,66.37,68.2
E3,noniid-labeldir-fine,20,66.63,68.35
E3,noniid-labeldir-fine,21,66.71,68.4
E3,noniid-labeldir-fine,22,66.79,68.45
E3,noniid-labeldir-fine,23,66.86,68.45
E3,noniid-labeldir-fine,24,66.95,68.45
E3,noniid-labeldir-fine,25,66.98,68.55
E3,noniid-labeldir-fine,26,67.05,68.7
E3,noniid-labeldir-fine,27,67.12,68.65
E3,noniid-labeldir-fine,28,67.14,68.65
E3,noniid-labeldir-fine,29,67.24,68.8
E3,noniid-labeldir-fine,30,67.51,69.2
E3,noniid-labeldir-fine,31,67.55,69.25
E3,noniid-labeldir-fine,32,67.62,69.25
E3,noniid-labeldir-fine,33,67.67,69.3
E3,noniid-labeldir-fine,34,67.75,69.45
E3,noniid-labeldir-fine,35,67.79,69.4
E3,noniid-labeldir-fine,36,67.87,69.55
E3,noniid-labeldir-fine,37,67.93,69.6
E3,noniid-labeldir-fine,38,67.95,69.65
E3,noniid-labeldir-fine,39,67.98,69.75
E3,noniid-labeldir-fine,40,68.15,70.25
E3,noniid-labeldir-fine,41,68.17,70.25
E3,noniid-labeldir-fine,42,68.21,70.35
E3,noniid-labeldir-fine,43,68.26,70.4
E3,noniid-labeldir-fine,44,68.29,70.35
E3,noniid-labeldir-fine,45,68.29,70.35
E3,noniid-labeldir-fine,46,68.34,70.35
E3,noniid-labeldir-fine,47,68.4,70.4
E3,noniid-labeldir-fine,48,68.49,70.45
E3,noniid-labeldir-fine,49,68.52,70.6
E3,noniid-labeldir-fine,50,68.56,70.75
E3,noniid-labeldir-fine,51,68.58,70.75
E3,noniid-labeldir-fine,52,68.57,70.7
E3,noniid-labeldir-fine,53,68.57,70.65
E3,noniid-labeldir-fine,54,68.61,70.6
E3,noniid-labeldir-fine,55,68.67,70.65
E3,noniid-labeldir-fine,56,68.68,70.65
E3,noniid-labeldir-fine,57,68.7,70.65
E3,noniid-labeldir-fine,58,68.7,70.75
E3,noniid-labeldir-fine,59,68.71,70.75
E3,noniid-labeldir-fine,60,68.83,70.95
E3,noniid-labeldir-fine,61,68.81,70.95
E3,noniid-labeldir-fine,62,68.82,70.9
E3,noniid-labeldir-fine,63,68.8,70.9
E3,noniid-labeldir-fine,64,68.8,70.85
E3,noniid-labeldir-fine,65,68.82,70.9
E3,noniid-labeldir-fine,66,68.82,70.95
E3,noniid-labeldir-fine,67,68.87,71.15
E3,noniid-labeldir-fine,68,68.88,71.15
E3,noniid-labeldir-fine,69,68.88,71.15
E3,noniid-labeldir-fine,70,68.92,71.35
E3,noniid-labeldir-fine,71,68.98,71.45
E3,noniid-labeldir-fine,72,69.01,71.45
E3,noniid-labeldir-fine,73,69.04,71.45
E3,noniid-labeldir-fine,74,69.07,71.45
E3,noniid-labeldir-fine,75,69.09,71.4
E3,noniid-labeldir-fine,76,69.12,71.4
E3,noniid-labeldir-fine,77,69.12,71.4
E3,noniid-labeldir-fine,78,69.11,71.4
E3,noniid-labeldir-fine,79,69.18,71.55
E3,noniid-labeldir-fine,80,69.27,71.7
E3,noniid-labeldir-fine,81,69.31,71.85
E3,noniid-labeldir-fine,82,69.34,71.85
E3,noniid-labeldir-fine,83,69.39,71.9
E3,noniid-labeldir-fine,84,69.43,71.9
E3,noniid-labeldir-fine,85,69.46,71.95
E3,noniid-labeldir-fine,86,69.48,72.0
E3,noniid-labeldir-fine,87,69.5,72.05
E3,noniid-labeldir-fine,88,69.51,72.05
E3,noniid-labeldir-fine,89,69.52,72.05
E3,noniid-labeldir-fine,90,69.65,72.0
E3,noniid-labeldir-fine,91,69.65,72.05
E3,noniid-labeldir-fine,92,69.66,72.05
E3,noniid-labeldir-fine,93,69.69,72.0
E3,noniid-labeldir-fine,94,69.72,72.05
E3,noniid-labeldir-fine,95,69.74,72.05
E3,noniid-labeldir-fine,96,69.77,72.05
E3,noniid-labeldir-fine,97,69.8,72.1
E3,noniid-labeldir-fine,98,69.81,72.15
E3,noniid-labeldir-fine,99,69.82,72.15
E3,noniid-labeldir-fine,100,69.82,72.1
E5,noniid-labeldir-fine,0,64.95,66.35
E5,noniid-labeldir-fine,1,64.96,66.35
E5,noniid-labeldir-fine,2,65.03,66.4
E5,noniid-labeldir-fine,3,65.1,66.5
E5,noniid-labeldir-fine,4,65.14,66.6
E5,noniid-labeldir-fine,5,65.18,66.55
E5,noniid-labeldir-fine,6,65.25,66.6
E5,noniid-labeldir-fine,7,65.31,66.6
E5,noniid-labeldir-fine,8,65.49,66.8
E5,noniid-labeldir-fine,9,65.61,67.15
E5,noniid-labeldir-fine,10,65.78,67.45
E5,noniid-labeldir-fine,11,65.8,67.4
E5,noniid-labeldir-fine,12,65.92,67.6
E5,noniid-labeldir-fine,13,66.04,67.75
E5,noniid-labeldir-fine,14,66.09,67.85
E5,noniid-labeldir-fine,15,66.19,68.0
E5,noniid-labeldir-fine,16,66.18,68.0
E5,noniid-labeldir-fine,17,66.23,68.1
E5,noniid-labeldir-fine,18,66.34,68.25
E5,noniid-labeldir-fine,19,66.37,68.2
E5,noniid-labeldir-fine,20,66.63,68.35
E5,noniid-labeldir-fine,21,66.71,68.4
E5,noniid-labeldir-fine,22,66.79,68.45
E5,noniid-labeldir-fine,23,66.86,68.45
E5,noniid-labeldir-fine,24,66.95,68.45
E5,noniid-labeldir-fine,25,66.98,68.55
E5,noniid-labeldir-fine,26,67.05,68.7
E5,noniid-labeldir-fine,27,67.12,68.65
E5,noniid-labeldir-fine,28,67.14,68.65
E5,noniid-labeldir-fine,29,67.24,68.8
E5,noniid-labeldir-fine,30,67.51,69.2
E5,noniid-labeldir-fine,31,67.55,69.25
E5,noniid-labeldir-fine,32,67.62,69.25
E5,noniid-labeldir-fine,33,67.67,69.3
E5,noniid-labeldir-fine,34,67.75,69.45
E5,noniid-labeldir-fine,35,67.79,69.4
E5,noniid-labeldir-fine,36,67.87,69.55
E5,noniid-labeldir-fine,37,67.93,69.6
E5,noniid-labeldir-fine,38,67.95,69.65
E5,noniid-labeldir-fine,39,67.98,69.75
E5,noniid-labeldir-fine,40,68.15,70.25
E5,noniid-labeldir-fine,41,68.17,70.25
E5,noniid-labeldir-fine,42,68.21,70.35
E5,noniid-labeldir-fine,43,68.26,70.4
E5,noniid-labeldir-fine,44,68.29,70.35
E5,noniid-labeldir-fine,45,68.29,70.35
E5,noniid-labeldir-fine,46,68.34,70.35
E5,noniid-labeldir-fine,47,68.4,70.4
E5,noniid-labeldir-fine,48,68.49,70.45
E5,noniid-labeldir-fine,49,68.52,70.6
E5,noniid-labeldir-fine,50,68.56,70.75
E5,noniid-labeldir-fine,51,68.58,70.75
E5,noniid-labeldir-fine,52,68.57,70.7
E5,noniid-labeldir-fine,53,68.57,70.65
E5,noniid-labeldir-fine,54,68.61,70.6
E5,noniid-labeldir-fine,55,68.67,70.65
E5,noniid-labeldir-fine,56,68.68,70.65
E5,noniid-labeldir-fine,57,68.7,70.65
E5,noniid-labeldir-fine,58,68.7,70.75
E5,noniid-labeldir-fine,59,68.71,70.75
E5,noniid-labeldir-fine,60,68.83,70.95
E5,noniid-labeldir-fine,61,68.81,70.95
E5,noniid-labeldir-fine,62,68.82,70.9
E5,noniid-labeldir-fine,63,68.8,70.9
E5,noniid-labeldir-fine,64,68.8,70.85
E5,noniid-labeldir-fine,65,68.82,70.9
E5,noniid-labeldir-fine,66,68.82,70.95
E5,noniid-labeldir-fine,67,68.87,71.15
E5,noniid-labeldir-fine,68,68.88,71.15
E5,noniid-labeldir-fine,69,68.88,71.15
E5,noniid-labeldir-fine,70,68.92,71.35
E5,noniid-labeldir-fine,71,68.98,71.45
E5,noniid-labeldir-fine,72,69.01,71.45
E5,noniid-labeldir-fine,73,69.04,71.45
E5,noniid-labeldir-fine,74,69.07,71.45
E5,noniid-labeldir-fine,75,69.09,71.4
E5,noniid-labeldir-fine,76,69.12,71.4
E5,noniid-labeldir-fine,77,69.12,71.4
E5,noniid-labeldir-fine,78,69.11,71.4
E5,noniid-labeldir-fine,79,69.18,71.55
E5,noniid-labeldir-fine,80,69.23,71.7
E5,noniid-labeldir-fine,81,69.26,71.7
E5,noniid-labeldir-fine,82,69.28,71.7
E5,noniid-labeldir-fine,83,69.3,71.75
E5,noniid-labeldir-fine,84,69.32,71.8
E5,noniid-labeldir-fine,85,69.31,71.8
E5,noniid-labeldir-fine,86,69.36,71.9
E5,noniid-labeldir-fine,87,69.38,71.95
E5,noniid-labeldir-fine,88,69.4,71.95
E5,noniid-labeldir-fine,89,69.43,72.0
E5,noniid-labeldir-fine,90,69.47,72.0
E5,noniid-labeldir-fine,91,69.49,72.05
E5,noniid-labeldir-fine,92,69.54,72.1
E5,noniid-labeldir-fine,93,69.52,72.1
E5,noniid-labeldir-fine,94,69.57,72.1
E5,noniid-labeldir-fine,95,69.58,72.1
E5,noniid-labeldir-fine,96,69.58,72.1
E5,noniid-labeldir-fine,97,69.58,72.1
E5,noniid-labeldir-fine,98,69.6,72.15
E5,noniid-labeldir-fine,99,69.62,72.2
E5,noniid-labeldir-fine,100,69.62,72.2
J,noniid-labeldir-fine,0,64.95,66.35
J,noniid-labeldir-fine,1,64.97,66.4
J,noniid-labeldir-fine,2,65.08,66.5
J,noniid-labeldir-fine,3,65.24,66.7
J,noniid-labeldir-fine,4,65.7,67.4
J,noniid-labeldir-fine,5,66.22,68.2
J,noniid-labeldir-fine,6,66.76,68.55
J,noniid-labeldir-fine,7,67.21,69.0
J,noniid-labeldir-fine,8,67.65,69.9
J,noniid-labeldir-fine,9,67.95,70.05
J,noniid-labeldir-fine,10,68.18,70.3
J,noniid-labeldir-fine,11,68.32,70.65
J,noniid-labeldir-fine,12,68.58,70.75
J,noniid-labeldir-fine,13,68.64,70.8
J,noniid-labeldir-fine,14,68.81,71.25
J,noniid-labeldir-fine,15,69.04,71.3
J,noniid-labeldir-fine,16,69.18,71.65
J,noniid-labeldir-fine,17,69.41,71.75
J,noniid-labeldir-fine,18,69.56,71.7
J,noniid-labeldir-fine,19,69.65,72.0
J,noniid-labeldir-fine,20,69.9,72.25
J,noniid-labeldir-fine,21,70.03,72.55
J,noniid-labeldir-fine,22,70.19,72.7
J,noniid-labeldir-fine,23,70.28,72.65
J,noniid-labeldir-fine,24,70.38,72.95
J,noniid-labeldir-fine,25,70.4,72.95
J,noniid-labeldir-fine,26,70.4,72.8
J,noniid-labeldir-fine,27,70.46,72.8
J,noniid-labeldir-fine,28,70.58,73.05
J,noniid-labeldir-fine,29,70.67,72.9
J,noniid-labeldir-fine,30,70.8,72.85
J,noniid-labeldir-fine,31,70.8,72.8
J,noniid-labeldir-fine,32,70.77,72.8
J,noniid-labeldir-fine,33,70.87,72.7
J,noniid-labeldir-fine,34,70.87,72.6
J,noniid-labeldir-fine,35,70.86,72.45
J,noniid-labeldir-fine,36,70.84,72.25
J,noniid-labeldir-fine,37,71.02,72.35
J,noniid-labeldir-fine,38,71.04,72.3
J,noniid-labeldir-fine,39,70.9,71.8
J,noniid-labeldir-fine,40,71.04,71.75
J,noniid-labeldir-fine,41,71.12,71.85
J,noniid-labeldir-fine,42,71.08,71.65
J,noniid-labeldir-fine,43,71.16,71.55
J,noniid-labeldir-fine,44,71.15,71.55
J,noniid-labeldir-fine,45,71.22,71.55
J,noniid-labeldir-fine,46,71.3,71.6
J,noniid-labeldir-fine,47,71.39,71.75
J,noniid-labeldir-fine,48,71.43,72.0
J,noniid-labeldir-fine,49,71.61,72.05
J,noniid-labeldir-fine,50,71.68,72.25
J,noniid-labeldir-fine,51,71.74,72.2
J,noniid-labeldir-fine,52,71.66,72.1
J,noniid-labeldir-fine,53,71.66,72.0
J,noniid-labeldir-fine,54,71.78,72.05
J,noniid-labeldir-fine,55,71.73,71.85
J,noniid-labeldir-fine,56,71.75,71.8
J,noniid-labeldir-fine,57,71.8,71.8
J,noniid-labeldir-fine,58,71.8,71.7
J,noniid-labeldir-fine,59,71.82,71.75
J,noniid-labeldir-fine,60,71.75,71.55
J,noniid-labeldir-fine,61,71.84,71.55
J,noniid-labeldir-fine,62,71.96,71.8
J,noniid-labeldir-fine,63,71.94,72.2
J,noniid-labeldir-fine,64,71.99,72.15
J,noniid-labeldir-fine,65,71.97,72.1
J,noniid-labeldir-fine,66,71.96,72.0
J,noniid-labeldir-fine,67,71.99,72.15
J,noniid-labeldir-fine,68,72.0,72.2
J,noniid-labeldir-fine,69,72.09,72.2
J,noniid-labeldir-fine,70,72.0,71.95
J,noniid-labeldir-fine,71,72.03,71.9
J,noniid-labeldir-fine,72,72.11,71.9
J,noniid-labeldir-fine,73,72.17,71.9
J,noniid-labeldir-fine,74,72.14,71.85
J,noniid-labeldir-fine,75,72.15,71.75
J,noniid-labeldir-fine,76,72.1,71.65
J,noniid-labeldir-fine,77,72.13,71.5
J,noniid-labeldir-fine,78,72.11,71.45
J,noniid-labeldir-fine,79,72.16,71.55
J,noniid-labeldir-fine,80,72.16,71.25
J,noniid-labeldir-fine,81,72.19,71.4
J,noniid-labeldir-fine,82,72.17,71.3
J,noniid-labeldir-fine,83,72.17,71.2
J,noniid-labeldir-fine,84,72.2,71.35
J,noniid-labeldir-fine,85,72.24,71.45
J,noniid-labeldir-fine,86,72.27,71.45
J,noniid-labeldir-fine,87,72.34,71.55
J,noniid-labeldir-fine,88,72.31,71.4
J,noniid-labeldir-fine,89,72.36,71.4
J,noniid-labeldir-fine,90,72.39,71.55
J,noniid-labeldir-fine,91,72.33,71.85
J,noniid-labeldir-fine,92,72.26,71.55
J,noniid-labeldir-fine,93,72.35,71.55
J,noniid-labeldir-fine,94,72.32,71.4
J,noniid-labeldir-fine,95,72.22,71.1
J,noniid-labeldir-fine,96,72.35,71.05
J,noniid-labeldir-fine,97,72.4,71.2
J,noniid-labeldir-fine,98,72.34,71.0
J,noniid-labeldir-fine,99,72.34,71.2
J,noniid-labeldir-fine,100,72.3,71.25
S,noniid-labeldir-fine,0,64.95,66.35
S,noniid-labeldir-fine,1,64.96,66.35
S,noniid-labeldir-fine,2,65.05,66.45
S,noniid-labeldir-fine,3,65.13,66.65
S,noniid-labeldir-fine,4,65.25,66.6
S,noniid-labeldir-fine,5,65.43,66.8
S,noniid-labeldir-fine,6,65.71,67.5
S,noniid-labeldir-fine,7,65.91,67.8
S,noniid-labeldir-fine,8,66.16,68.0
S,noniid-labeldir-fine,9,66.45,68.2
S,noniid-labeldir-fine,10,66.62,68.35
S,noniid-labeldir-fine,11,66.9,68.55
S,noniid-labeldir-fine,12,67.14,68.8
S,noniid-labeldir-fine,13,67.28,69.1
S,noniid-labeldir-fine,14,67.5,69.4
S,noniid-labeldir-fine,15,67.7,69.8
S,noniid-labeldir-fine,16,67.81,70.05
S,noniid-labeldir-fine,17,67.94,70.1
S,noniid-labeldir-fine,18,68.02,70.2
S,noniid-labeldir-fine,19,68.1,70.25
S,noniid-labeldir-fine,20,68.21,70.3
S,noniid-labeldir-fine,21,68.33,70.6
S,noniid-labeldir-fine,22,68.37,70.55
S,noniid-labeldir-fine,23,68.54,70.7
S,noniid-labeldir-fine,24,68.56,70.7
S,noniid-labeldir-fine,25,68.56,70.75
S,noniid-labeldir-fine,26,68.58,70.75
S,noniid-labeldir-fine,27,68.69,70.9
S,noniid-labeldir-fine,28,68.81,71.05
S,noniid-labeldir-fine,29,68.92,71.4
S,noniid-labeldir-fine,30,69.06,71.5
S,noniid-labeldir-fine,31,69.15,71.45
S,noniid-labeldir-fine,32,69.24,71.6
S,noniid-labeldir-fine,33,69.32,71.7
S,noniid-labeldir-fine,34,69.3,71.65
S,noniid-labeldir-fine,35,69.39,71.75
S,noniid-labeldir-fine,36,69.47,71.7
S,noniid-labeldir-fine,37,69.5,71.65
S,noniid-labeldir-fine,38,69.52,71.55
S,noniid-labeldir-fine,39,69.62,71.65
S,noniid-labeldir-fine,40,69.65,71.75
S,noniid-labeldir-fine,41,69.7,71.95
S,noniid-labeldir-fine,42,69.76,72.05
S,noniid-labeldir-fine,43,69.83,72.2
S,noniid-labeldir-fine,44,69.93,72.35
S,noniid-labeldir-fine,45,70.01,72.5
S,noniid-labeldir-fine,46,70.05,72.55
S,noniid-labeldir-fine,47,70.11,72.5
S,noniid-labeldir-fine,48,70.14,72.6
S,noniid-labeldir-fine,49,70.2,72.6
S,noniid-labeldir-fine,50,70.21,72.7
S,noniid-labeldir-fine,51,70.21,72.7
S,noniid-labeldir-fine,52,70.24,72.75
S,noniid-labeldir-fine,53,70.3,72.85
S,noniid-labeldir-fine,54,70.25,72.7
S,noniid-labeldir-fine,55,70.27,72.75
S,noniid-labeldir-fine,56,70.32,72.8
S,noniid-labeldir-fine,57,70.38,72.9
S,noniid-labeldir-fine,58,70.44,72.85
S,noniid-labeldir-fine,59,70.47,72.85
S,noniid-labeldir-fine,60,70.46,72.8
S,noniid-labeldir-fine,61,70.53,72.9
S,noniid-labeldir-fine,62,70.54,72.85
S,noniid-labeldir-fine,63,70.5,72.7
S,noniid-labeldir-fine,64,70.52,72.65
S,noniid-labeldir-fine,65,70.62,72.85
S,noniid-labeldir-fine,66,70.57,72.8
S,noniid-labeldir-fine,67,70.59,72.75
S,noniid-labeldir-fine,68,70.65,72.75
S,noniid-labeldir-fine,69,70.68,72.75
S,noniid-labeldir-fine,70,70.78,72.85
S,noniid-labeldir-fine,71,70.79,72.85
S,noniid-labeldir-fine,72,70.74,72.75
S,noniid-labeldir-fine,73,70.8,72.85
S,noniid-labeldir-fine,74,70.81,72.75
S,noniid-labeldir-fine,75,70.8,72.7
S,noniid-labeldir-fine,76,70.86,72.8
S,noniid-labeldir-fine,77,70.83,72.75
S,noniid-labeldir-fine,78,70.8,72.8
S,noniid-labeldir-fine,79,70.79,72.75
S,noniid-labeldir-fine,80,70.77,72.7
S,noniid-labeldir-fine,81,70.81,72.6
S,noniid-labeldir-fine,82,70.8,72.55
S,noniid-labeldir-fine,83,70.84,72.5
S,noniid-labeldir-fine,84,70.86,72.5
S,noniid-labeldir-fine,85,70.89,72.45
S,noniid-labeldir-fine,86,70.9,72.45
S,noniid-labeldir-fine,87,70.93,72.4
S,noniid-labeldir-fine,88,70.99,72.45
S,noniid-labeldir-fine,89,70.99,72.35
S,noniid-labeldir-fine,90,71.02,72.35
S,noniid-labeldir-fine,91,71.04,72.4
S,noniid-labeldir-fine,92,71.04,72.4
S,noniid-labeldir-fine,93,71.09,72.35
S,noniid-labeldir-fine,94,71.05,72.15
S,noniid-labeldir-fine,95,71.13,72.05
S,noniid-labeldir-fine,96,71.12,72.0
S,noniid-labeldir-fine,97,71.16,72.0
S,noniid-labeldir-fine,98,71.16,71.95
S,noniid-labeldir-fine,99,71.24,72.05
S,noniid-labeldir-fine,100,71.22,72.0
Full-1,client-longtail,0,64.95,66.35
Full-1,client-longtail,1,64.98,66.35
Full-1,client-longtail,2,65.04,66.45
Full-1,client-longtail,3,65.13,66.65
Full-1,client-longtail,4,65.27,66.65
Full-1,client-longtail,5,65.54,67.05
Full-1,client-longtail,6,65.77,67.5
Full-1,client-longtail,7,66.07,67.9
Full-1,client-longtail,8,66.31,68.2
Full-1,client-longtail,9,66.59,68.3
Full-1,client-longtail,10,66.85,68.4
Full-1,client-longtail,11,67.11,68.75
Full-1,client-longtail,12,67.29,68.9
Full-1,client-longtail,13,67.42,69.2
Full-1,client-longtail,14,67.73,69.75
Full-1,client-longtail,15,67.9,70.0
Full-1,client-longtail,16,67.97,69.95
Full-1,client-longtail,17,68.03,70.0
Full-1,client-longtail,18,68.11,70.05
Full-1,client-longtail,19,68.23,70.05
Full-1,client-longtail,20,68.28,70.25
Full-1,client-longtail,21,68.39,70.25
Full-1,client-longtail,22,68.5,70.4
Full-1,client-longtail,23,68.49,70.4
Full-1,client-longtail,24,68.58,70.55
Full-1,client-longtail,25,68.68,70.55
Full-1,client-longtail,26,68.76,70.6
Full-1,client-longtail,27,68.84,70.7
Full-1,client-longtail,28,68.9,70.75
Full-1,client-longtail,29,69.05,70.85
Full-1,client-longtail,30,69.07,70.85
Full-1,client-longtail,31,69.19,71.0
Full-1,client-longtail,32,69.26,71.1
Full-1,client-longtail,33,69.23,70.95
Full-1,client-longtail,34,69.27,70.85
Full-1,client-longtail,35,69.37,71.05
Full-1,client-longtail,36,69.45,71.05
Full-1,client-longtail,37,69.55,71.1
Full-1,client-longtail,38,69.63,71.05
Full-1,client-longtail,39,69.72,71.1
Full-1,client-longtail,40,69.8,71.15
Full-1,client-longtail,41,69.89,71.1
Full-1,client-longtail,42,70.01,71.25
Full-1,client-longtail,43,70.04,71.3
Full-1,client-longtail,44,70.14,71.45
Full-1,client-longtail,45,70.24,71.6
Full-1,client-longtail,46,70.27,71.75
Full-1,client-longtail,47,70.28,71.75
Full-1,client-longtail,48,70.33,71.8
Full-1,client-longtail,49,70.36,71.8
Full-1,client-longtail,50,70.34,71.7
Full-1,client-longtail,51,70.33,71.6
Full-1,client-longtail,52,70.32,71.5
Full-1,client-longtail,53,70.4,71.5
Full-1,client-longtail,54,70.39,71.35
Full-1,client-longtail,55,70.4,71.3
Full-1,client-longtail,56,70.38,71.3
Full-1,client-longtail,57,70.48,71.35
Full-1,client-longtail,58,70.41,71.2
Full-1,client-longtail,59,70.42,71.1
Full-1,client-longtail,60,70.42,71.05
Full-1,client-longtail,61,70.41,71.05
Full-1,client-longtail,62,70.44,71.0
Full-1,client-longtail,63,70.39,70.8
Full-1,client-longtail,64,70.49,70.8
Full-1,client-longtail,65,70.55,70.9
Full-1,client-longtail,66,70.56,70.85
Full-1,client-longtail,67,70.54,70.6
Full-1,client-longtail,68,70.53,70.55
Full-1,client-longtail,69,70.57,70.55
Full-1,client-longtail,70,70.57,70.45
Full-1,client-longtail,71,70.6,70.4
Full-1,client-longtail,72,70.59,70.3
Full-1,client-longtail,73,70.63,70.25
Full-1,client-longtail,74,70.66,70.25
Full-1,client-longtail,75,70.7,70.2
Full-1,client-longtail,76,70.73,70.1
Full-1,client-longtail,77,70.7,69.85
Full-1,client-longtail,78,70.69,69.85
Full-1,client-longtail,79,70.68,69.7
Full-1,client-longtail,80,70.67,69.65
Full-1,client-longtail,81,70.66,69.5
Full-1,client-longtail,82,70.7,69.35
Full-1,client-longtail,83,70.73,69.35
Full-1,client-longtail,84,70.7,69.05
Full-1,client-longtail,85,70.77,68.95
Full-1,client-longtail,86,70.81,69.0
Full-1,client-longtail,87,70.81,69.0
Full-1,client-longtail,88,70.81,69.05
Full-1,client-longtail,89,70.88,69.1
Full-1,client-longtail,90,70.88,68.95
Full-1,client-longtail,91,70.93,68.9
Full-1,client-longtail,92,70.96,68.85
Full-1,client-longtail,93,70.99,68.8
Full-1,client-longtail,94,71.0,68.8
Full-1,client-longtail,95,71.01,68.85
Full-1,client-longtail,96,70.99,68.75
Full-1,client-longtail,97,70.98,68.6
Full-1,client-longtail,98,70.99,68.55
Full-1,client-longtail,99,71.01,68.6
Full-1,client-longtail,100,71.05,68.6
Full-3,client-longtail,0,64.95,66.35
Full-3,client-longtail,1,64.98,66.35
Full-3,client-longtail,2,65.04,66.45
Full-3,client-longtail,3,65.13,66.65
Full-3,client-longtail,4,65.27,66.65
Full-3,client-longtail,5,65.54,67.05
Full-3,client-longtail,6,65.77,67.5
Full-3,client-longtail,7,66.07,67.9
Full-3,client-longtail,8,66.31,68.2
Full-3,client-longtail,9,66.59,68.3
Full-3,client-longtail,10,66.85,68.4
Full-3,client-longtail,11,67.11,68.75
Full-3,client-longtail,12,67.29,68.9
Full-3,client-longtail,13,67.42,69.2
Full-3,client-longtail,14,67.73,69.75
Full-3,client-longtail,15,67.87,69.95
Full-3,client-longtail,16,67.98,70.0
Full-3,client-longtail,17,68.03,70.0
Full-3,client-longtail,18,68.13,70.05
Full-3,client-longtail,19,68.22,70.05
Full-3,client-longtail,20,68.31,70.25
Full-3,client-longtail,21,68.41,70.25
Full-3,client-longtail,22,68.5,70.4
Full-3,client-longtail,23,68.52,70.4
Full-3,client-longtail,24,68.57,70.55
Full-3,client-longtail,25,68.67,70.55
Full-3,client-longtail,26,68.71,70.55
Full-3,client-longtail,27,68.81,70.7
Full-3,client-longtail,28,68.91,70.8
Full-3,client-longtail,29,68.96,70.75
Full-3,client-longtail,30,69.06,70.9
Full-3,client-longtail,31,69.15,70.95
Full-3,client-longtail,32,69.26,71.05
Full-3,client-longtail,33,69.27,71.05
Full-3,client-longtail,34,69.27,70.95
Full-3,client-longtail,35,69.32,70.9
Full-3,client-longtail,36,69.44,71.15
Full-3,client-longtail,37,69.52,71.2
Full-3,client-longtail,38,69.6,71.15
Full-3,client-longtail,39,69.66,71.1
Full-3,client-longtail,40,69.74,71.1
Full-3,client-longtail,41,69.79,71.15
Full-3,client-longtail,42,69.92,71.15
Full-3,client-longtail,43,70.01,71.35
Full-3,client-longtail,44,70.08,71.35
Full-3,client-longtail,45,70.17,71.5
Full-3,client-longtail,46,70.23,71.5
Full-3,client-longtail,47,70.26,71.6
Full-3,client-longtail,48,70.3,71.65
Full-3,client-longtail,49,70.34,71.75
Full-3,client-longtail,50,70.33,71.6
Full-3,client-longtail,51,70.36,71.65
Full-3,client-longtail,52,70.33,71.65
Full-3,client-longtail,53,70.31,71.5
Full-3,client-longtail,54,70.35,71.55
Full-3,client-longtail,55,70.39,71.55
Full-3,client-longtail,56,70.37,71.4
Full-3,client-longtail,57,70.38,71.35
Full-3,client-longtail,58,70.42,71.35
Full-3,client-longtail,59,70.46,71.3
Full-3,client-longtail,60,70.47,71.2
Full-3,client-longtail,61,70.45,71.15
Full-3,client-longtail,62,70.46,71.15
Full-3,client-longtail,63,70.43,71.1
Full-3,client-longtail,64,70.42,71.05
Full-3,client-longtail,65,70.4,70.85
Full-3,client-longtail,66,70.4,70.85
Full-3,client-longtail,67,70.54,70.9
Full-3,client-longtail,68,70.54,70.8
Full-3,client-longtail,69,70.6,70.85
Full-3,client-longtail,70,70.6,70.85
Full-3,client-longtail,71,70.56,70.85
Full-3,client-longtail,72,70.6,70.75
Full-3,client-longtail,73,70.62,70.65
Full-3,client-longtail,74,70.64,70.55
Full-3,client-longtail,75,70.63,70.35
Full-3,client-longtail,76,70.64,70.3
Full-3,client-longtail,77,70.68,70.2
Full-3,client-longtail,78,70.68,70.1
Full-3,client-longtail,79,70.68,70.1
Full-3,client-longtail,80,70.69,70.05
Full-3,client-longtail,81,70.73,70.1
Full-3,client-longtail,82,70.72,70.05
Full-3,client-longtail,83,70.71,69.9
Full-3,client-longtail,84,70.69,69.7
Full-3,client-longtail,85,70.7,69.6
Full-3,client-longtail,86,70.71,69.55
Full-3,client-longtail,87,70.72,69.5
Full-3,client-longtail,88,70.71,69.45
Full-3,client-longtail,89,70.72,69.3
Full-3,client-longtail,90,70.78,69.25
Full-3,client-longtail,91,70.81,69.25
Full-3,client-longtail,92,70.88,69.3
Full-3,client-longtail,93,70.85,69.15
Full-3,client-longtail,94,70.85,69.1
Full-3,client-longtail,95,70.87,69.15
Full-3,client-longtail,96,70.87,69.1
Full-3,client-longtail,97,70.88,69.0
Full-3,client-longtail,98,70.93,69.05
Full-3,client-longtail,99,70.92,69.05
Full-3,client-longtail,100,70.9,68.95
Full-10,client-longtail,0,64.95,66.35
Full-10,client-longtail,1,64.98,66.35
Full-10,client-longtail,2,65.04,66.45
Full-10,client-longtail,3,65.13,66.65
Full-10,client-longtail,4,65.27,66.65
Full-10,client-longtail,5,65.54,67.05
Full-10,client-longtail,6,65.77,67.5
Full-10,client-longtail,7,66.07,67.9
Full-10,client-longtail,8,66.31,68.2
Full-10,client-longtail,9,66.59,68.3
Full-10,client-longtail,10,66.84,68.4
Full-10,client-longtail,11,67.11,68.75
Full-10,client-longtail,12,67.29,68.9
Full-10,client-longtail,13,67.41,69.2
Full-10,client-longtail,14,67.74,69.7
Full-10,client-longtail,15,67.86,69.95
Full-10,client-longtail,16,68.0,70.05
Full-10,client-longtail,17,68.05,70.05
Full-10,client-longtail,18,68.07,70.1
Full-10,client-longtail,19,68.23,70.1
Full-10,client-longtail,20,68.26,70.25
Full-10,client-longtail,21,68.4,70.25
Full-10,client-longtail,22,68.48,70.35
Full-10,client-longtail,23,68.52,70.45
Full-10,client-longtail,24,68.55,70.5
Full-10,client-longtail,25,68.63,70.55
Full-10,client-longtail,26,68.68,70.5
Full-10,client-longtail,27,68.75,70.55
Full-10,client-longtail,28,68.82,70.65
Full-10,client-longtail,29,68.89,70.6
Full-10,client-longtail,30,68.97,70.8
Full-10,client-longtail,31,69.04,70.8
Full-10,client-longtail,32,69.08,70.8
Full-10,client-longtail,33,69.2,70.9
Full-10,client-longtail,34,69.25,70.95
Full-10,client-longtail,35,69.32,70.95
Full-10,client-longtail,36,69.34,70.95
Full-10,client-longtail,37,69.39,71.05
Full-10,client-longtail,38,69.45,71.1
Full-10,client-longtail,39,69.53,71.1
Full-10,client-longtail,40,69.59,71.2
Full-10,client-longtail,41,69.64,71.15
Full-10,client-longtail,42,69.69,71.1
Full-10,client-longtail,43,69.76,71.15
Full-10,client-longtail,44,69.8,71.2
Full-10,client-longtail,45,69.84,71.2
Full-10,client-longtail,46,69.92,71.2
Full-10,client-longtail,47,69.96,71.15
Full-10,client-longtail,48,70.02,71.3
Full-10,client-longtail,49,70.1,71.4
Full-10,client-longtail,50,70.12,71.3
Full-10,client-longtail,51,70.15,71.3
Full-10,client-longtail,52,70.14,71.25
Full-10,client-longtail,53,70.23,71.25
Full-10,client-longtail,54,70.21,71.25
Full-10,client-longtail,55,70.23,71.3
Full-10,client-longtail,56,70.21,71.3
Full-10,client-longtail,57,70.27,71.4
Full-10,client-longtail,58,70.24,71.45
Full-10,client-longtail,59,70.24,71.5
Full-10,client-longtail,60,70.22,71.45
Full-10,client-longtail,61,70.26,71.5
Full-10,client-longtail,62,70.28,71.5
Full-10,client-longtail,63,70.29,71.5
Full-10,client-longtail,64,70.34,71.55
Full-10,client-longtail,65,70.35,71.5
Full-10,client-longtail,66,70.33,71.5
Full-10,client-longtail,67,70.34,71.5
Full-10,client-longtail,68,70.33,71.4
Full-10,client-longtail,69,70.32,71.4
Full-10,client-longtail,70,70.41,71.4
Full-10,client-longtail,71,70.42,71.45
Full-10,client-longtail,72,70.4,71.4
Full-10,client-longtail,73,70.41,71.4
Full-10,client-longtail,74,70.41,71.35
Full-10,client-longtail,75,70.38,71.3
Full-10,client-longtail,76,70.4,71.3
Full-10,client-longtail,77,70.41,71.35
Full-10,client-longtail,78,70.42,71.35
Full-10,client-longtail,79,70.43,71.35
Full-10,client-longtail,80,70.47,71.35
Full-10,client-longtail,81,70.47,71.3
Full-10,client-longtail,82,70.47,71.25
Full-10,client-longtail,83,70.5,71.25
Full-10,client-longtail,84,70.52,71.25
Full-10,client-longtail,85,70.53,71.25
Full-10,client-longtail,86,70.51,71.15
Full-10,client-longtail,87,70.53,71.15
Full-10,client-longtail,88,70.51,71.05
Full-10,client-longtail,89,70.53,71.05
Full-10,client-longtail,90,70.53,71.05
Full-10,client-longtail,91,70.58,71.1
Full-10,client-longtail,92,70.61,71.1
Full-10,client-longtail,93,70.62,71.1
Full-10,client-longtail,94,70.59,70.95
Full-10,client-longtail,95,70.61,71.0
Full-10,client-longtail,96,70.6,70.95
Full-10,client-longtail,97,70.65,70.95
Full-10,client-longtail,98,70.62,70.85
Full-10,client-longtail,99,70.65,70.85
Full-10,client-longtail,100,70.67,70.85
Current-10,client-longtail,0,64.95,66.35
Current-10,client-longtail,1,64.98,66.35
Current-10,client-longtail,2,65.04,66.45
Current-10,client-longtail,3,65.13,66.65
Current-10,client-longtail,4,65.27,66.65
Current-10,client-longtail,5,65.54,67.05
Current-10,client-longtail,6,65.77,67.5
Current-10,client-longtail,7,66.07,67.9
Current-10,client-longtail,8,66.31,68.2
Current-10,client-longtail,9,66.59,68.3
Current-10,client-longtail,10,66.84,68.4
Current-10,client-longtail,11,67.11,68.75
Current-10,client-longtail,12,67.29,68.9
Current-10,client-longtail,13,67.41,69.2
Current-10,client-longtail,14,67.74,69.7
Current-10,client-longtail,15,67.86,69.95
Current-10,client-longtail,16,68.0,70.05
Current-10,client-longtail,17,68.05,70.05
Current-10,client-longtail,18,68.09,70.1
Current-10,client-longtail,19,68.23,70.1
Current-10,client-longtail,20,68.25,70.2
Current-10,client-longtail,21,68.4,70.25
Current-10,client-longtail,22,68.48,70.35
Current-10,client-longtail,23,68.53,70.45
Current-10,client-longtail,24,68.54,70.5
Current-10,client-longtail,25,68.67,70.6
Current-10,client-longtail,26,68.67,70.5
Current-10,client-longtail,27,68.8,70.65
Current-10,client-longtail,28,68.86,70.7
Current-10,client-longtail,29,68.94,70.7
Current-10,client-longtail,30,69.08,70.95
Current-10,client-longtail,31,69.09,70.85
Current-10,client-longtail,32,69.25,71.05
Current-10,client-longtail,33,69.26,71.05
Current-10,client-longtail,34,69.25,70.95
Current-10,client-longtail,35,69.29,70.9
Current-10,client-longtail,36,69.41,71.1
Current-10,client-longtail,37,69.49,71.15
Current-10,client-longtail,38,69.56,71.1
Current-10,client-longtail,39,69.68,71.1
Current-10,client-longtail,40,69.75,71.1
Current-10,client-longtail,41,69.84,71.15
Current-10,client-longtail,42,69.95,71.15
Current-10,client-longtail,43,70.04,71.3
Current-10,client-longtail,44,70.03,71.35
Current-10,client-longtail,45,70.21,71.55
Current-10,client-longtail,46,70.22,71.6
Current-10,client-longtail,47,70.27,71.65
Current-10,client-longtail,48,70.31,71.8
Current-10,client-longtail,49,70.3,71.8
Current-10,client-longtail,50,70.36,71.8
Current-10,client-longtail,51,70.34,71.65
Current-10,client-longtail,52,70.32,71.55
Current-10,client-longtail,53,70.35,71.5
Current-10,client-longtail,54,70.39,71.5
Current-10,client-longtail,55,70.4,71.35
Current-10,client-longtail,56,70.4,71.25
Current-10,client-longtail,57,70.42,71.3
Current-10,client-longtail,58,70.49,71.35
Current-10,client-longtail,59,70.43,71.2
Current-10,client-longtail,60,70.46,71.1
Current-10,client-longtail,61,70.43,71.1
Current-10,client-longtail,62,70.44,71.05
Current-10,client-longtail,63,70.42,70.9
Current-10,client-longtail,64,70.45,70.85
Current-10,client-longtail,65,70.48,70.8
Current-10,client-longtail,66,70.5,70.85
Current-10,client-longtail,67,70.53,70.7
Current-10,client-longtail,68,70.54,70.6
Current-10,client-longtail,69,70.52,70.55
Current-10,client-longtail,70,70.56,70.55
Current-10,client-longtail,71,70.6,70.5
Current-10,client-longtail,72,70.57,70.35
Current-10,client-longtail,73,70.62,70.3
Current-10,client-longtail,74,70.62,70.2
Current-10,client-longtail,75,70.67,70.25
Current-10,client-longtail,76,70.67,70.2
Current-10,client-longtail,77,70.67,70.0
Current-10,client-longtail,78,70.72,70.0
Current-10,client-longtail,79,70.7,69.9
Current-10,client-longtail,80,70.67,69.65
Current-10,client-longtail,81,70.67,69.65
Current-10,client-longtail,82,70.66,69.5
Current-10,client-longtail,83,70.68,69.4
Current-10,client-longtail,84,70.7,69.3
Current-10,client-longtail,85,70.72,69.05
Current-10,client-longtail,86,70.76,68.9
Current-10,client-longtail,87,70.79,68.9
Current-10,client-longtail,88,70.81,69.0
Current-10,client-longtail,89,70.81,69.0
Current-10,client-longtail,90,70.84,68.95
Current-10,client-longtail,91,70.86,68.9
Current-10,client-longtail,92,70.94,69.05
Current-10,client-longtail,93,70.93,68.8
Current-10,client-longtail,94,70.98,68.8
Current-10,client-longtail,95,71.03,68.85
Current-10,client-longtail,96,71.04,68.8
Current-10,client-longtail,97,70.99,68.65
Current-10,client-longtail,98,70.99,68.6
Current-10,client-longtail,99,71.02,68.6
Current-10,client-longtail,100,71.0,68.55
Flat-10,client-longtail,0,64.95,66.35
Flat-10,client-longtail,1,64.98,66.35
Flat-10,client-longtail,2,65.04,66.45
Flat-10,client-longtail,3,65.13,66.65
Flat-10,client-longtail,4,65.27,66.65
Flat-10,client-longtail,5,65.54,67.05
Flat-10,client-longtail,6,65.77,67.5
Flat-10,client-longtail,7,66.07,67.9
Flat-10,client-longtail,8,66.31,68.2
Flat-10,client-longtail,9,66.59,68.3
Flat-10,client-longtail,10,66.85,68.4
Flat-10,client-longtail,11,67.11,68.75
Flat-10,client-longtail,12,67.29,68.9
Flat-10,client-longtail,13,67.42,69.2
Flat-10,client-longtail,14,67.73,69.75
Flat-10,client-longtail,15,67.88,69.95
Flat-10,client-longtail,16,67.98,70.0
Flat-10,client-longtail,17,68.03,70.0
Flat-10,client-longtail,18,68.13,70.05
Flat-10,client-longtail,19,68.22,70.05
Flat-10,client-longtail,20,68.3,70.25
Flat-10,client-longtail,21,68.41,70.25
Flat-10,client-longtail,22,68.5,70.4
Flat-10,client-longtail,23,68.51,70.4
Flat-10,client-longtail,24,68.57,70.55
Flat-10,client-longtail,25,68.67,70.55
Flat-10,client-longtail,26,68.7,70.55
Flat-10,client-longtail,27,68.8,70.65
Flat-10,client-longtail,28,68.88,70.7
Flat-10,client-longtail,29,68.94,70.75
Flat-10,client-longtail,30,69.06,70.9
Flat-10,client-longtail,31,69.13,70.9
Flat-10,client-longtail,32,69.22,71.0
Flat-10,client-longtail,33,69.26,71.0
Flat-10,client-longtail,34,69.3,71.0
Flat-10,client-longtail,35,69.36,71.0
Flat-10,client-longtail,36,69.42,71.15
Flat-10,client-longtail,37,69.48,71.15
Flat-10,client-longtail,38,69.58,71.15
Flat-10,client-longtail,39,69.66,71.15
Flat-10,client-longtail,40,69.76,71.2
Flat-10,client-longtail,41,69.75,71.2
Flat-10,client-longtail,42,69.83,71.2
Flat-10,client-longtail,43,69.95,71.2
Flat-10,client-longtail,44,70.03,71.25
Flat-10,client-longtail,45,70.07,71.2
Flat-10,client-longtail,46,70.14,71.35
Flat-10,client-longtail,47,70.21,71.45
Flat-10,client-longtail,48,70.29,71.55
Flat-10,client-longtail,49,70.24,71.45
Flat-10,client-longtail,50,70.32,71.6
Flat-10,client-longtail,51,70.29,71.6
Flat-10,client-longtail,52,70.29,71.6
Flat-10,client-longtail,53,70.33,71.6
Flat-10,client-longtail,54,70.35,71.55
Flat-10,client-longtail,55,70.35,71.6
Flat-10,client-longtail,56,70.36,71.55
Flat-10,client-longtail,57,70.38,71.55
Flat-10,client-longtail,58,70.38,71.4
Flat-10,client-longtail,59,70.4,71.45
Flat-10,client-longtail,60,70.42,71.35
Flat-10,client-longtail,61,70.42,71.4
Flat-10,client-longtail,62,70.42,71.2
Flat-10,client-longtail,63,70.44,71.2
Flat-10,client-longtail,64,70.52,71.25
Flat-10,client-longtail,65,70.48,71.2
Flat-10,client-longtail,66,70.47,71.25
Flat-10,client-longtail,67,70.52,71.25
Flat-10,client-longtail,68,70.56,71.3
Flat-10,client-longtail,69,70.5,71.1
Flat-10,client-longtail,70,70.48,71.05
Flat-10,client-longtail,71,70.48,70.95
Flat-10,client-longtail,72,70.49,70.85
Flat-10,client-longtail,73,70.52,70.8
Flat-10,client-longtail,74,70.56,70.75
Flat-10,client-longtail,75,70.58,70.75
Flat-10,client-longtail,76,70.57,70.65
Flat-10,client-longtail,77,70.6,70.65
Flat-10,client-longtail,78,70.65,70.65
Flat-10,client-longtail,79,70.69,70.6
Flat-10,client-longtail,80,70.66,70.6
Flat-10,client-longtail,81,70.69,70.6
Flat-10,client-longtail,82,70.68,70.55
Flat-10,client-longtail,83,70.66,70.5
Flat-10,client-longtail,84,70.65,70.45
Flat-10,client-longtail,85,70.66,70.5
Flat-10,client-longtail,86,70.63,70.4
Flat-10,client-longtail,87,70.67,70.5
Flat-10,client-longtail,88,70.66,70.45
Flat-10,client-longtail,89,70.66,70.35
Flat-10,client-longtail,90,70.68,70.2
Flat-10,client-longtail,91,70.7,70.2
Flat-10,client-longtail,92,70.7,70.1
Flat-10,client-longtail,93,70.69,69.95
Flat-10,client-longtail,94,70.68,69.95
Flat-10,client-longtail,95,70.73,69.9
Flat-10,client-longtail,96,70.77,69.85
Flat-10,client-longtail,97,70.74,69.75
Flat-10,client-longtail,98,70.78,69.75
Flat-10,client-longtail,99,70.78,69.7
Flat-10,client-longtail,100,70.8,69.65
CAPT,client-longtail,1,64.89,68.95
CAPT,client-longtail,2,65.57,69.5
CAPT,client-longtail,3,66.73,69.05
CAPT,client-longtail,4,67.12,68.6
CAPT,client-longtail,5,67.4,68.5
CAPT,client-longtail,6,67.78,69.4
CAPT,client-longtail,7,67.6,70.45
CAPT,client-longtail,8,67.94,68.85
CAPT,client-longtail,9,68.46,69.95
CAPT,client-longtail,10,68.72,70.35
CAPT,client-longtail,11,68.71,71.0
CAPT,client-longtail,12,68.35,68.15
CAPT,client-longtail,13,69.25,69.05
CAPT,client-longtail,14,69.12,67.8
CAPT,client-longtail,15,69.37,66.7
CAPT,client-longtail,16,69.52,68.35
CAPT,client-longtail,17,69.3,66.9
CAPT,client-longtail,18,69.53,68.35
CAPT,client-longtail,19,69.32,67.25
CAPT,client-longtail,20,69.89,68.45
CAPT,client-longtail,21,69.8,68.55
CAPT,client-longtail,22,69.58,67.9
CAPT,client-longtail,23,69.37,68.15
CAPT,client-longtail,24,69.6,67.8
CAPT,client-longtail,25,69.85,66.05
CAPT,client-longtail,26,69.66,66.55
CAPT,client-longtail,27,69.87,67.65
CAPT,client-longtail,28,69.75,65.95
CAPT,client-longtail,29,69.77,65.45
CAPT,client-longtail,30,69.31,65.5
CAPT,client-longtail,31,70.14,66.9
CAPT,client-longtail,32,69.83,66.05
CAPT,client-longtail,33,69.86,65.9
CAPT,client-longtail,34,69.99,66.9
CAPT,client-longtail,35,70.28,68.0
CAPT,client-longtail,36,70.32,67.1
CAPT,client-longtail,37,70.22,66.95
CAPT,client-longtail,38,69.95,66.85
CAPT,client-longtail,39,69.89,66.3
CAPT,client-longtail,40,70.11,66.35
CAPT,client-longtail,41,70.32,66.35
CAPT,client-longtail,42,70.08,65.45
CAPT,client-longtail,43,69.97,65.95
CAPT,client-longtail,44,70.18,65.6
CAPT,client-longtail,45,70.37,66.75
CAPT,client-longtail,46,70.15,65.25
CAPT,client-longtail,47,70.0,65.55
CAPT,client-longtail,48,70.41,66.25
CAPT,client-longtail,49,70.11,65.65
CAPT,client-longtail,50,70.25,65.45
CAPT,client-longtail,51,70.17,65.7
CAPT,client-longtail,52,70.29,66.35
CAPT,client-longtail,53,70.26,65.8
CAPT,client-longtail,54,69.93,66.8
CAPT,client-longtail,55,70.01,65.7
CAPT,client-longtail,56,70.02,65.25
CAPT,client-longtail,57,70.42,65.8
CAPT,client-longtail,58,70.07,65.2
CAPT,client-longtail,59,69.9,65.3
CAPT,client-longtail,60,70.08,66.0
CAPT,client-longtail,61,70.32,65.75
CAPT,client-longtail,62,70.01,64.95
CAPT,client-longtail,63,70.19,65.0
CAPT,client-longtail,64,69.98,63.8
CAPT,client-longtail,65,70.16,65.7
CAPT,client-longtail,66,70.25,66.15
CAPT,client-longtail,67,70.16,65.2
CAPT,client-longtail,68,69.93,64.05
CAPT,client-longtail,69,70.37,65.4
CAPT,client-longtail,70,70.19,64.2
CAPT,client-longtail,71,70.16,64.8
CAPT,client-longtail,72,70.07,63.65
CAPT,client-longtail,73,69.85,63.85
CAPT,client-longtail,74,69.72,62.9
CAPT,client-longtail,75,70.06,63.85
CAPT,client-longtail,76,69.78,63.3
CAPT,client-longtail,77,69.76,64.55
CAPT,client-longtail,78,69.89,65.0
CAPT,client-longtail,79,70.01,64.9
CAPT,client-longtail,80,70.06,64.3
CAPT,client-longtail,81,70.26,64.95
CAPT,client-longtail,82,70.03,65.05
CAPT,client-longtail,83,70.07,65.55
CAPT,client-longtail,84,70.18,64.9
CAPT,client-longtail,85,70.34,65.7
CAPT,client-longtail,86,70.11,64.05
CAPT,client-longtail,87,69.88,63.9
CAPT,client-longtail,88,70.04,66.1
CAPT,client-longtail,89,69.91,64.7
CAPT,client-longtail,90,69.8,64.6
CAPT,client-longtail,91,69.65,65.1
CAPT,client-longtail,92,69.67,65.35
CAPT,client-longtail,93,69.95,64.6
CAPT,client-longtail,94,69.76,63.8
CAPT,client-longtail,95,69.77,63.75
CAPT,client-longtail,96,70.03,65.0
CAPT,client-longtail,97,70.08,65.0
CAPT,client-longtail,98,69.85,64.4
CAPT,client-longtail,99,70.22,64.5
CAPT,client-longtail,100,70.09,65.35
