method,partition,class_id,last20_accuracy
E0,client-longtail,0,93.35000000
E0,client-longtail,1,80.60000000
E0,client-longtail,2,82.00000000
E0,client-longtail,3,73.15000000
E0,client-longtail,4,67.45000000
E0,client-longtail,5,75.65000000
E0,client-longtail,6,84.00000000
E0,client-longtail,7,68.95000000
E0,client-longtail,8,86.00000000
E0,client-longtail,9,90.00000000
E0,client-longtail,10,51.05000000
E0,client-longtail,11,75.00000000
E0,client-longtail,12,84.60000000
E0,client-longtail,13,77.70000000
E0,client-longtail,14,71.10000000
E0,client-longtail,15,85.00000000
E0,client-longtail,16,87.00000000
E0,client-longtail,17,83.95000000
E0,client-longtail,18,50.25000000
E0,client-longtail,19,82.00000000
E0,client-longtail,20,95.70000000
E0,client-longtail,21,86.60000000
E0,client-longtail,22,83.20000000
E0,client-longtail,23,78.00000000
E0,client-longtail,24,63.65000000
E0,client-longtail,25,60.45000000
E0,client-longtail,26,64.05000000
E0,client-longtail,27,42.70000000
E0,client-longtail,28,56.65000000
E0,client-longtail,29,72.00000000
E0,client-longtail,30,57.00000000
E0,client-longtail,31,78.60000000
E0,client-longtail,32,42.30000000
E0,client-longtail,33,56.95000000
E0,client-longtail,34,77.20000000
E0,client-longtail,35,59.00000000
E0,client-longtail,36,74.00000000
E0,client-longtail,37,91.00000000
E0,client-longtail,38,66.45000000
E0,client-longtail,39,86.00000000
E0,client-longtail,40,71.25000000
E0,client-longtail,41,89.00000000
E0,client-longtail,42,10.50000000
E0,client-longtail,43,79.40000000
E0,client-longtail,44,51.00000000
E0,client-longtail,45,23.20000000
E0,client-longtail,46,65.40000000
E0,client-longtail,47,43.05000000
E0,client-longtail,48,92.00000000
E0,client-longtail,49,90.00000000
E0,client-longtail,50,22.35000000
E0,client-longtail,51,70.80000000
E0,client-longtail,52,61.95000000
E0,client-longtail,53,98.00000000
E0,client-longtail,54,80.40000000
E0,client-longtail,55,23.65000000
E0,client-longtail,56,86.45000000
E0,client-longtail,57,70.90000000
E0,client-longtail,58,92.00000000
E0,client-longtail,59,69.90000000
E0,client-longtail,60,71.60000000
E0,client-longtail,61,58.30000000
E0,client-longtail,62,72.00000000
E0,client-longtail,63,11.20000000
E0,client-longtail,64,41.00000000
E0,client-longtail,65,72.00000000
E0,client-longtail,66,54.15000000
E0,client-longtail,67,16.00000000
E0,client-longtail,68,96.00000000
E0,client-longtail,69,85.00000000
E0,client-longtail,70,73.00000000
E0,client-longtail,71,81.65000000
E0,client-longtail,72,42.00000000
E0,client-longtail,73,67.00000000
E0,client-longtail,74,28.40000000
E0,client-longtail,75,57.45000000
E0,client-longtail,76,78.00000000
E0,client-longtail,77,70.55000000
E0,client-longtail,78,56.05000000
E0,client-longtail,79,52.00000000
E0,client-longtail,80,47.25000000
E0,client-longtail,81,45.85000000
E0,client-longtail,82,91.00000000
E0,client-longtail,83,73.00000000
E0,client-longtail,84,64.95000000
E0,client-longtail,85,80.00000000
E0,client-longtail,86,70.70000000
E0,client-longtail,87,82.00000000
E0,client-longtail,88,47.00000000
E0,client-longtail,89,89.00000000
E0,client-longtail,90,80.00000000
E0,client-longtail,91,44.75000000
E0,client-longtail,92,70.75000000
E0,client-longtail,93,49.00000000
E0,client-longtail,94,78.90000000
E0,client-longtail,95,63.55000000
E0,client-longtail,96,70.65000000
E0,client-longtail,97,62.20000000
E0,client-longtail,98,64.55000000
E0,client-longtail,99,79.75000000
E1,client-longtail,0,97.85000000
E1,client-longtail,1,91.00000000
E1,client-longtail,2,83.95000000
E1,client-longtail,3,80.20000000
E1,client-longtail,4,74.95000000
E1,client-longtail,5,87.10000000
E1,client-longtail,6,87.00000000
E1,client-longtail,7,77.95000000
E1,client-longtail,8,91.65000000
E1,client-longtail,9,93.00000000
E1,client-longtail,10,67.00000000
E1,client-longtail,11,77.00000000
E1,client-longtail,12,92.00000000
E1,client-longtail,13,89.90000000
E1,client-longtail,14,78.00000000
E1,client-longtail,15,85.00000000
E1,client-longtail,16,86.85000000
E1,client-longtail,17,90.00000000
E1,client-longtail,18,68.00000000
E1,client-longtail,19,80.00000000
E1,client-longtail,20,89.95000000
E1,client-longtail,21,85.70000000
E1,client-longtail,22,83.00000000
E1,client-longtail,23,89.85000000
E1,client-longtail,24,59.00000000
E1,client-longtail,25,63.00000000
E1,client-longtail,26,69.85000000
E1,client-longtail,27,55.35000000
E1,client-longtail,28,58.00000000
E1,client-longtail,29,68.75000000
E1,client-longtail,30,58.40000000
E1,client-longtail,31,75.40000000
E1,client-longtail,32,44.00000000
E1,client-longtail,33,68.30000000
E1,client-longtail,34,74.50000000
E1,client-longtail,35,59.75000000
E1,client-longtail,36,72.00000000
E1,client-longtail,37,91.30000000
E1,client-longtail,38,71.50000000
E1,client-longtail,39,77.00000000
E1,client-longtail,40,77.05000000
E1,client-longtail,41,83.10000000
E1,client-longtail,42,17.55000000
E1,client-longtail,43,82.30000000
E1,client-longtail,44,53.45000000
E1,client-longtail,45,32.00000000
E1,client-longtail,46,61.15000000
E1,client-longtail,47,53.50000000
E1,client-longtail,48,90.55000000
E1,client-longtail,49,85.75000000
E1,client-longtail,50,38.00000000
E1,client-longtail,51,66.00000000
E1,client-longtail,52,58.10000000
E1,client-longtail,53,93.10000000
E1,client-longtail,54,81.80000000
E1,client-longtail,55,15.80000000
E1,client-longtail,56,87.00000000
E1,client-longtail,57,53.35000000
E1,client-longtail,58,86.90000000
E1,client-longtail,59,64.75000000
E1,client-longtail,60,49.80000000
E1,client-longtail,61,37.90000000
E1,client-longtail,62,73.00000000
E1,client-longtail,63,9.00000000
E1,client-longtail,64,57.15000000
E1,client-longtail,65,68.40000000
E1,client-longtail,66,49.00000000
E1,client-longtail,67,18.15000000
E1,client-longtail,68,92.60000000
E1,client-longtail,69,81.00000000
E1,client-longtail,70,73.65000000
E1,client-longtail,71,71.30000000
E1,client-longtail,72,33.05000000
E1,client-longtail,73,51.85000000
E1,client-longtail,74,12.30000000
E1,client-longtail,75,50.50000000
E1,client-longtail,76,80.80000000
E1,client-longtail,77,48.30000000
E1,client-longtail,78,58.95000000
E1,client-longtail,79,42.70000000
E1,client-longtail,80,44.95000000
E1,client-longtail,81,33.75000000
E1,client-longtail,82,89.75000000
E1,client-longtail,83,60.40000000
E1,client-longtail,84,61.45000000
E1,client-longtail,85,75.15000000
E1,client-longtail,86,58.75000000
E1,client-longtail,87,80.35000000
E1,client-longtail,88,48.50000000
E1,client-longtail,89,77.85000000
E1,client-longtail,90,79.45000000
E1,client-longtail,91,24.85000000
E1,client-longtail,92,55.45000000
E1,client-longtail,93,42.65000000
E1,client-longtail,94,71.30000000
E1,client-longtail,95,51.50000000
E1,client-longtail,96,39.25000000
E1,client-longtail,97,48.40000000
E1,client-longtail,98,52.85000000
E1,client-longtail,99,57.40000000
E2,client-longtail,0,87.00000000
E2,client-longtail,1,73.05000000
E2,client-longtail,2,80.00000000
E2,client-longtail,3,66.00000000
E2,client-longtail,4,45.15000000
E2,client-longtail,5,69.00000000
E2,client-longtail,6,79.00000000
E2,client-longtail,7,57.65000000
E2,client-longtail,8,81.35000000
E2,client-longtail,9,90.00000000
E2,client-longtail,10,44.70000000
E2,client-longtail,11,70.00000000
E2,client-longtail,12,81.50000000
E2,client-longtail,13,76.00000000
E2,client-longtail,14,66.40000000
E2,client-longtail,15,86.00000000
E2,client-longtail,16,85.00000000
E2,client-longtail,17,82.70000000
E2,client-longtail,18,31.35000000
E2,client-longtail,19,81.00000000
E2,client-longtail,20,97.40000000
E2,client-longtail,21,86.00000000
E2,client-longtail,22,83.00000000
E2,client-longtail,23,76.90000000
E2,client-longtail,24,68.30000000
E2,client-longtail,25,62.75000000
E2,client-longtail,26,59.10000000
E2,client-longtail,27,39.70000000
E2,client-longtail,28,55.00000000
E2,client-longtail,29,73.00000000
E2,client-longtail,30,54.00000000
E2,client-longtail,31,81.00000000
E2,client-longtail,32,42.00000000
E2,client-longtail,33,53.00000000
E2,client-longtail,34,81.00000000
E2,client-longtail,35,64.00000000
E2,client-longtail,36,71.00000000
E2,client-longtail,37,91.00000000
E2,client-longtail,38,67.00000000
E2,client-longtail,39,87.00000000
E2,client-longtail,40,72.00000000
E2,client-longtail,41,90.00000000
E2,client-longtail,42,11.45000000
E2,client-longtail,43,80.80000000
E2,client-longtail,44,60.30000000
E2,client-longtail,45,21.45000000
E2,client-longtail,46,69.00000000
E2,client-longtail,47,42.20000000
E2,client-longtail,48,92.00000000
E2,client-longtail,49,91.00000000
E2,client-longtail,50,18.35000000
E2,client-longtail,51,73.60000000
E2,client-longtail,52,56.00000000
E2,client-longtail,53,96.00000000
E2,client-longtail,54,82.00000000
E2,client-longtail,55,32.00000000
E2,client-longtail,56,87.00000000
E2,client-longtail,57,80.00000000
E2,client-longtail,58,93.00000000
E2,client-longtail,59,73.00000000
E2,client-longtail,60,75.35000000
E2,client-longtail,61,60.00000000
E2,client-longtail,62,70.00000000
E2,client-longtail,63,16.80000000
E2,client-longtail,64,44.00000000
E2,client-longtail,65,70.30000000
E2,client-longtail,66,65.00000000
E2,client-longtail,67,15.75000000
E2,client-longtail,68,95.00000000
E2,client-longtail,69,83.00000000
E2,client-longtail,70,71.00000000
E2,client-longtail,71,83.00000000
E2,client-longtail,72,53.25000000
E2,client-longtail,73,74.00000000
E2,client-longtail,74,52.45000000
E2,client-longtail,75,67.55000000
E2,client-longtail,76,78.40000000
E2,client-longtail,77,77.05000000
E2,client-longtail,78,54.35000000
E2,client-longtail,79,64.70000000
E2,client-longtail,80,49.65000000
E2,client-longtail,81,48.00000000
E2,client-longtail,82,91.00000000
E2,client-longtail,83,80.15000000
E2,client-longtail,84,67.00000000
E2,client-longtail,85,82.00000000
E2,client-longtail,86,72.00000000
E2,client-longtail,87,81.35000000
E2,client-longtail,88,51.20000000
E2,client-longtail,89,85.00000000
E2,client-longtail,90,80.00000000
E2,client-longtail,91,52.50000000
E2,client-longtail,92,73.90000000
E2,client-longtail,93,45.00000000
E2,client-longtail,94,80.00000000
E2,client-longtail,95,64.75000000
E2,client-longtail,96,75.50000000
E2,client-longtail,97,62.00000000
E2,client-longtail,98,67.00000000
E2,client-longtail,99,85.00000000
E3,client-longtail,0,86.00000000
E3,client-longtail,1,76.30000000
E3,client-longtail,2,81.85000000
E3,client-longtail,3,68.00000000
E3,client-longtail,4,46.40000000
E3,client-longtail,5,71.55000000
E3,client-longtail,6,80.55000000
E3,client-longtail,7,61.30000000
E3,client-longtail,8,85.40000000
E3,client-longtail,9,90.00000000
E3,client-longtail,10,48.10000000
E3,client-longtail,11,72.00000000
E3,client-longtail,12,86.00000000
E3,client-longtail,13,77.15000000
E3,client-longtail,14,74.35000000
E3,client-longtail,15,86.05000000
E3,client-longtail,16,84.65000000
E3,client-longtail,17,84.65000000
E3,client-longtail,18,52.25000000
E3,client-longtail,19,79.00000000
E3,client-longtail,20,91.30000000
E3,client-longtail,21,84.00000000
E3,client-longtail,22,83.00000000
E3,client-longtail,23,78.05000000
E3,client-longtail,24,72.00000000
E3,client-longtail,25,61.90000000
E3,client-longtail,26,62.00000000
E3,client-longtail,27,48.45000000
E3,client-longtail,28,56.70000000
E3,client-longtail,29,70.65000000
E3,client-longtail,30,51.45000000
E3,client-longtail,31,79.75000000
E3,client-longtail,32,40.70000000
E3,client-longtail,33,58.75000000
E3,client-longtail,34,80.00000000
E3,client-longtail,35,63.70000000
E3,client-longtail,36,71.00000000
E3,client-longtail,37,91.00000000
E3,client-longtail,38,68.00000000
E3,client-longtail,39,83.00000000
E3,client-longtail,40,71.90000000
E3,client-longtail,41,87.75000000
E3,client-longtail,42,18.60000000
E3,client-longtail,43,84.00000000
E3,client-longtail,44,65.55000000
E3,client-longtail,45,38.45000000
E3,client-longtail,46,67.85000000
E3,client-longtail,47,45.00000000
E3,client-longtail,48,92.00000000
E3,client-longtail,49,90.45000000
E3,client-longtail,50,18.95000000
E3,client-longtail,51,72.00000000
E3,client-longtail,52,49.00000000
E3,client-longtail,53,96.10000000
E3,client-longtail,54,82.55000000
E3,client-longtail,55,29.40000000
E3,client-longtail,56,88.00000000
E3,client-longtail,57,74.00000000
E3,client-longtail,58,92.60000000
E3,client-longtail,59,77.60000000
E3,client-longtail,60,71.80000000
E3,client-longtail,61,68.55000000
E3,client-longtail,62,70.00000000
E3,client-longtail,63,17.90000000
E3,client-longtail,64,55.25000000
E3,client-longtail,65,66.90000000
E3,client-longtail,66,66.20000000
E3,client-longtail,67,26.45000000
E3,client-longtail,68,95.00000000
E3,client-longtail,69,84.00000000
E3,client-longtail,70,67.85000000
E3,client-longtail,71,84.00000000
E3,client-longtail,72,56.80000000
E3,client-longtail,73,72.65000000
E3,client-longtail,74,51.00000000
E3,client-longtail,75,72.60000000
E3,client-longtail,76,80.00000000
E3,client-longtail,77,76.50000000
E3,client-longtail,78,59.15000000
E3,client-longtail,79,68.15000000
E3,client-longtail,80,48.95000000
E3,client-longtail,81,50.90000000
E3,client-longtail,82,91.00000000
E3,client-longtail,83,76.00000000
E3,client-longtail,84,72.00000000
E3,client-longtail,85,83.20000000
E3,client-longtail,86,69.70000000
E3,client-longtail,87,81.90000000
E3,client-longtail,88,56.95000000
E3,client-longtail,89,87.65000000
E3,client-longtail,90,81.00000000
E3,client-longtail,91,62.40000000
E3,client-longtail,92,76.40000000
E3,client-longtail,93,47.00000000
E3,client-longtail,94,83.00000000
E3,client-longtail,95,63.45000000
E3,client-longtail,96,76.95000000
E3,client-longtail,97,60.90000000
E3,client-longtail,98,71.00000000
E3,client-longtail,99,84.75000000
E5,client-longtail,0,86.00000000
E5,client-longtail,1,76.00000000
E5,client-longtail,2,81.90000000
E5,client-longtail,3,68.00000000
E5,client-longtail,4,46.00000000
E5,client-longtail,5,71.00000000
E5,client-longtail,6,80.00000000
E5,client-longtail,7,61.25000000
E5,client-longtail,8,85.45000000
E5,client-longtail,9,90.00000000
E5,client-longtail,10,47.80000000
E5,client-longtail,11,72.00000000
E5,client-longtail,12,85.65000000
E5,client-longtail,13,77.00000000
E5,client-longtail,14,74.00000000
E5,client-longtail,15,86.00000000
E5,client-longtail,16,84.30000000
E5,client-longtail,17,84.00000000
E5,client-longtail,18,52.05000000
E5,client-longtail,19,79.00000000
E5,client-longtail,20,91.95000000
E5,client-longtail,21,84.30000000
E5,client-longtail,22,83.00000000
E5,client-longtail,23,78.00000000
E5,client-longtail,24,72.00000000
E5,client-longtail,25,62.00000000
E5,client-longtail,26,62.00000000
E5,client-longtail,27,47.85000000
E5,client-longtail,28,56.80000000
E5,client-longtail,29,70.40000000
E5,client-longtail,30,52.00000000
E5,client-longtail,31,80.75000000
E5,client-longtail,32,40.30000000
E5,client-longtail,33,57.25000000
E5,client-longtail,34,80.00000000
E5,client-longtail,35,63.40000000
E5,client-longtail,36,70.00000000
E5,client-longtail,37,91.00000000
E5,client-longtail,38,68.00000000
E5,client-longtail,39,83.85000000
E5,client-longtail,40,72.70000000
E5,client-longtail,41,88.00000000
E5,client-longtail,42,17.70000000
E5,client-longtail,43,82.95000000
E5,client-longtail,44,64.55000000
E5,client-longtail,45,37.20000000
E5,client-longtail,46,67.75000000
E5,client-longtail,47,44.75000000
E5,client-longtail,48,92.00000000
E5,client-longtail,49,90.75000000
E5,client-longtail,50,18.05000000
E5,client-longtail,51,72.00000000
E5,client-longtail,52,49.30000000
E5,client-longtail,53,96.55000000
E5,client-longtail,54,82.00000000
E5,client-longtail,55,29.95000000
E5,client-longtail,56,88.00000000
E5,client-longtail,57,74.00000000
E5,client-longtail,58,92.95000000
E5,client-longtail,59,77.00000000
E5,client-longtail,60,71.60000000
E5,client-longtail,61,68.10000000
E5,client-longtail,62,70.50000000
E5,client-longtail,63,17.35000000
E5,client-longtail,64,54.60000000
E5,client-longtail,65,68.40000000
E5,client-longtail,66,66.85000000
E5,client-longtail,67,24.15000000
E5,client-longtail,68,95.00000000
E5,client-longtail,69,84.25000000
E5,client-longtail,70,69.90000000
E5,client-longtail,71,84.00000000
E5,client-longtail,72,56.75000000
E5,client-longtail,73,73.15000000
E5,client-longtail,74,51.00000000
E5,client-longtail,75,72.30000000
E5,client-longtail,76,79.50000000
E5,client-longtail,77,76.90000000
E5,client-longtail,78,58.75000000
E5,client-longtail,79,67.60000000
E5,client-longtail,80,49.00000000
E5,client-longtail,81,50.70000000
E5,client-longtail,82,91.00000000
E5,client-longtail,83,76.00000000
E5,client-longtail,84,71.75000000
E5,client-longtail,85,83.00000000
E5,client-longtail,86,70.10000000
E5,client-longtail,87,81.40000000
E5,client-longtail,88,55.60000000
E5,client-longtail,89,87.25000000
E5,client-longtail,90,81.00000000
E5,client-longtail,91,61.40000000
E5,client-longtail,92,75.25000000
E5,client-longtail,93,47.00000000
E5,client-longtail,94,82.95000000
E5,client-longtail,95,64.00000000
E5,client-longtail,96,77.80000000
E5,client-longtail,97,62.00000000
E5,client-longtail,98,71.00000000
E5,client-longtail,99,84.80000000
J,client-longtail,0,93.00000000
J,client-longtail,1,81.15000000
J,client-longtail,2,84.45000000
J,client-longtail,3,60.90000000
J,client-longtail,4,43.20000000
J,client-longtail,5,82.50000000
J,client-longtail,6,79.40000000
J,client-longtail,7,71.40000000
J,client-longtail,8,90.20000000
J,client-longtail,9,93.40000000
J,client-longtail,10,55.15000000
J,client-longtail,11,76.60000000
J,client-longtail,12,90.45000000
J,client-longtail,13,85.65000000
J,client-longtail,14,76.00000000
J,client-longtail,15,85.35000000
J,client-longtail,16,89.00000000
J,client-longtail,17,84.55000000
J,client-longtail,18,70.20000000
J,client-longtail,19,78.65000000
J,client-longtail,20,90.65000000
J,client-longtail,21,88.00000000
J,client-longtail,22,86.75000000
J,client-longtail,23,79.70000000
J,client-longtail,24,76.45000000
J,client-longtail,25,72.05000000
J,client-longtail,26,67.50000000
J,client-longtail,27,51.15000000
J,client-longtail,28,82.95000000
J,client-longtail,29,69.00000000
J,client-longtail,30,67.95000000
J,client-longtail,31,82.80000000
J,client-longtail,32,53.10000000
J,client-longtail,33,69.40000000
J,client-longtail,34,78.10000000
J,client-longtail,35,80.95000000
J,client-longtail,36,76.20000000
J,client-longtail,37,85.35000000
J,client-longtail,38,70.10000000
J,client-longtail,39,86.05000000
J,client-longtail,40,77.95000000
J,client-longtail,41,89.95000000
J,client-longtail,42,52.50000000
J,client-longtail,43,81.00000000
J,client-longtail,44,74.00000000
J,client-longtail,45,49.45000000
J,client-longtail,46,76.35000000
J,client-longtail,47,53.05000000
J,client-longtail,48,94.50000000
J,client-longtail,49,93.40000000
J,client-longtail,50,47.40000000
J,client-longtail,51,80.40000000
J,client-longtail,52,62.80000000
J,client-longtail,53,95.85000000
J,client-longtail,54,84.70000000
J,client-longtail,55,39.25000000
J,client-longtail,56,87.00000000
J,client-longtail,57,75.80000000
J,client-longtail,58,90.00000000
J,client-longtail,59,69.90000000
J,client-longtail,60,76.00000000
J,client-longtail,61,69.75000000
J,client-longtail,62,82.15000000
J,client-longtail,63,38.25000000
J,client-longtail,64,57.60000000
J,client-longtail,65,65.95000000
J,client-longtail,66,67.30000000
J,client-longtail,67,40.85000000
J,client-longtail,68,94.00000000
J,client-longtail,69,75.00000000
J,client-longtail,70,75.60000000
J,client-longtail,71,80.60000000
J,client-longtail,72,58.20000000
J,client-longtail,73,70.40000000
J,client-longtail,74,36.50000000
J,client-longtail,75,69.10000000
J,client-longtail,76,83.95000000
J,client-longtail,77,70.30000000
J,client-longtail,78,75.45000000
J,client-longtail,79,66.60000000
J,client-longtail,80,45.00000000
J,client-longtail,81,40.05000000
J,client-longtail,82,89.00000000
J,client-longtail,83,65.30000000
J,client-longtail,84,52.80000000
J,client-longtail,85,76.55000000
J,client-longtail,86,72.00000000
J,client-longtail,87,76.90000000
J,client-longtail,88,61.10000000
J,client-longtail,89,75.50000000
J,client-longtail,90,85.00000000
J,client-longtail,91,66.10000000
J,client-longtail,92,49.35000000
J,client-longtail,93,44.50000000
J,client-longtail,94,78.15000000
J,client-longtail,95,20.90000000
J,client-longtail,96,45.15000000
J,client-longtail,97,51.65000000
J,client-longtail,98,55.00000000
J,client-longtail,99,55.40000000
S,client-longtail,0,91.20000000
S,client-longtail,1,77.00000000
S,client-longtail,2,83.00000000
S,client-longtail,3,66.95000000
S,client-longtail,4,43.95000000
S,client-longtail,5,78.60000000
S,client-longtail,6,81.20000000
S,client-longtail,7,68.85000000
S,client-longtail,8,89.85000000
S,client-longtail,9,89.55000000
S,client-longtail,10,54.40000000
S,client-longtail,11,73.65000000
S,client-longtail,12,87.60000000
S,client-longtail,13,84.00000000
S,client-longtail,14,76.00000000
S,client-longtail,15,84.15000000
S,client-longtail,16,87.00000000
S,client-longtail,17,83.05000000
S,client-longtail,18,57.75000000
S,client-longtail,19,79.00000000
S,client-longtail,20,88.85000000
S,client-longtail,21,86.00000000
S,client-longtail,22,84.00000000
S,client-longtail,23,74.00000000
S,client-longtail,24,72.90000000
S,client-longtail,25,67.30000000
S,client-longtail,26,61.00000000
S,client-longtail,27,50.80000000
S,client-longtail,28,74.35000000
S,client-longtail,29,69.95000000
S,client-longtail,30,58.90000000
S,client-longtail,31,77.00000000
S,client-longtail,32,44.35000000
S,client-longtail,33,66.70000000
S,client-longtail,34,76.00000000
S,client-longtail,35,72.00000000
S,client-longtail,36,71.75000000
S,client-longtail,37,89.00000000
S,client-longtail,38,72.55000000
S,client-longtail,39,82.00000000
S,client-longtail,40,73.90000000
S,client-longtail,41,89.60000000
S,client-longtail,42,44.15000000
S,client-longtail,43,82.55000000
S,client-longtail,44,67.50000000
S,client-longtail,45,43.85000000
S,client-longtail,46,71.25000000
S,client-longtail,47,47.00000000
S,client-longtail,48,95.00000000
S,client-longtail,49,90.00000000
S,client-longtail,50,30.90000000
S,client-longtail,51,75.25000000
S,client-longtail,52,56.45000000
S,client-longtail,53,97.00000000
S,client-longtail,54,81.95000000
S,client-longtail,55,31.00000000
S,client-longtail,56,87.00000000
S,client-longtail,57,73.45000000
S,client-longtail,58,92.00000000
S,client-longtail,59,79.00000000
S,client-longtail,60,75.85000000
S,client-longtail,61,73.65000000
S,client-longtail,62,74.40000000
S,client-longtail,63,23.20000000
S,client-longtail,64,64.60000000
S,client-longtail,65,63.10000000
S,client-longtail,66,71.30000000
S,client-longtail,67,37.45000000
S,client-longtail,68,94.40000000
S,client-longtail,69,81.10000000
S,client-longtail,70,70.00000000
S,client-longtail,71,85.80000000
S,client-longtail,72,56.25000000
S,client-longtail,73,71.65000000
S,client-longtail,74,40.15000000
S,client-longtail,75,72.00000000
S,client-longtail,76,81.00000000
S,client-longtail,77,69.00000000
S,client-longtail,78,64.50000000
S,client-longtail,79,63.40000000
S,client-longtail,80,45.00000000
S,client-longtail,81,45.75000000
S,client-longtail,82,91.00000000
S,client-longtail,83,70.45000000
S,client-longtail,84,69.50000000
S,client-longtail,85,83.00000000
S,client-longtail,86,70.65000000
S,client-longtail,87,86.00000000
S,client-longtail,88,65.05000000
S,client-longtail,89,78.10000000
S,client-longtail,90,83.95000000
S,client-longtail,91,68.85000000
S,client-longtail,92,72.75000000
S,client-longtail,93,48.00000000
S,client-longtail,94,80.65000000
S,client-longtail,95,56.10000000
S,client-longtail,96,67.65000000
S,client-longtail,97,51.45000000
S,client-longtail,98,69.40000000
S,client-longtail,99,69.95000000
E0,noniid-labeldir-fine,0,93.20000000
E0,noniid-labeldir-fine,1,81.15000000
E0,noniid-labeldir-fine,2,82.00000000
E0,noniid-labeldir-fine,3,72.05000000
E0,noniid-labeldir-fine,4,66.15000000
E0,noniid-labeldir-fine,5,74.85000000
E0,noniid-labeldir-fine,6,83.55000000
E0,noniid-labeldir-fine,7,66.50000000
E0,noniid-labeldir-fine,8,85.85000000
E0,noniid-labeldir-fine,9,90.00000000
E0,noniid-labeldir-fine,10,52.45000000
E0,noniid-labeldir-fine,11,76.00000000
E0,noniid-labeldir-fine,12,83.80000000
E0,noniid-labeldir-fine,13,77.35000000
E0,noniid-labeldir-fine,14,69.55000000
E0,noniid-labeldir-fine,15,85.00000000
E0,noniid-labeldir-fine,16,87.00000000
E0,noniid-labeldir-fine,17,83.60000000
E0,noniid-labeldir-fine,18,47.35000000
E0,noniid-labeldir-fine,19,82.00000000
E0,noniid-labeldir-fine,20,96.45000000
E0,noniid-labeldir-fine,21,87.70000000
E0,noniid-labeldir-fine,22,83.00000000
E0,noniid-labeldir-fine,23,78.00000000
E0,noniid-labeldir-fine,24,64.00000000
E0,noniid-labeldir-fine,25,59.50000000
E0,noniid-labeldir-fine,26,63.15000000
E0,noniid-labeldir-fine,27,43.65000000
E0,noniid-labeldir-fine,28,56.70000000
E0,noniid-labeldir-fine,29,72.00000000
E0,noniid-labeldir-fine,30,57.00000000
E0,noniid-labeldir-fine,31,79.00000000
E0,noniid-labeldir-fine,32,41.50000000
E0,noniid-labeldir-fine,33,52.25000000
E0,noniid-labeldir-fine,34,78.00000000
E0,noniid-labeldir-fine,35,59.00000000
E0,noniid-labeldir-fine,36,74.00000000
E0,noniid-labeldir-fine,37,91.00000000
E0,noniid-labeldir-fine,38,66.00000000
E0,noniid-labeldir-fine,39,86.60000000
E0,noniid-labeldir-fine,40,70.35000000
E0,noniid-labeldir-fine,41,89.00000000
E0,noniid-labeldir-fine,42,10.30000000
E0,noniid-labeldir-fine,43,79.00000000
E0,noniid-labeldir-fine,44,51.05000000
E0,noniid-labeldir-fine,45,23.00000000
E0,noniid-labeldir-fine,46,65.45000000
E0,noniid-labeldir-fine,47,42.65000000
E0,noniid-labeldir-fine,48,92.00000000
E0,noniid-labeldir-fine,49,90.00000000
E0,noniid-labeldir-fine,50,22.00000000
E0,noniid-labeldir-fine,51,71.00000000
E0,noniid-labeldir-fine,52,60.75000000
E0,noniid-labeldir-fine,53,98.00000000
E0,noniid-labeldir-fine,54,80.75000000
E0,noniid-labeldir-fine,55,26.35000000
E0,noniid-labeldir-fine,56,86.25000000
E0,noniid-labeldir-fine,57,70.65000000
E0,noniid-labeldir-fine,58,92.00000000
E0,noniid-labeldir-fine,59,69.20000000
E0,noniid-labeldir-fine,60,72.00000000
E0,noniid-labeldir-fine,61,58.55000000
E0,noniid-labeldir-fine,62,72.00000000
E0,noniid-labeldir-fine,63,12.70000000
E0,noniid-labeldir-fine,64,41.15000000
E0,noniid-labeldir-fine,65,72.00000000
E0,noniid-labeldir-fine,66,54.70000000
E0,noniid-labeldir-fine,67,15.95000000
E0,noniid-labeldir-fine,68,96.00000000
E0,noniid-labeldir-fine,69,85.00000000
E0,noniid-labeldir-fine,70,73.00000000
E0,noniid-labeldir-fine,71,82.00000000
E0,noniid-labeldir-fine,72,42.05000000
E0,noniid-labeldir-fine,73,67.00000000
E0,noniid-labeldir-fine,74,29.70000000
E0,noniid-labeldir-fine,75,58.75000000
E0,noniid-labeldir-fine,76,78.10000000
E0,noniid-labeldir-fine,77,71.50000000
E0,noniid-labeldir-fine,78,56.25000000
E0,noniid-labeldir-fine,79,52.00000000
E0,noniid-labeldir-fine,80,47.95000000
E0,noniid-labeldir-fine,81,45.55000000
E0,noniid-labeldir-fine,82,91.00000000
E0,noniid-labeldir-fine,83,73.00000000
E0,noniid-labeldir-fine,84,64.85000000
E0,noniid-labeldir-fine,85,80.00000000
E0,noniid-labeldir-fine,86,70.80000000
E0,noniid-labeldir-fine,87,82.00000000
E0,noniid-labeldir-fine,88,48.00000000
E0,noniid-labeldir-fine,89,88.95000000
E0,noniid-labeldir-fine,90,80.00000000
E0,noniid-labeldir-fine,91,46.60000000
E0,noniid-labeldir-fine,92,71.00000000
E0,noniid-labeldir-fine,93,49.30000000
E0,noniid-labeldir-fine,94,78.40000000
E0,noniid-labeldir-fine,95,62.55000000
E0,noniid-labeldir-fine,96,71.45000000
E0,noniid-labeldir-fine,97,62.65000000
E0,noniid-labeldir-fine,98,65.00000000
E0,noniid-labeldir-fine,99,79.85000000
E1,noniid-labeldir-fine,0,97.20000000
E1,noniid-labeldir-fine,1,92.00000000
E1,noniid-labeldir-fine,2,83.95000000
E1,noniid-labeldir-fine,3,77.20000000
E1,noniid-labeldir-fine,4,73.70000000
E1,noniid-labeldir-fine,5,86.85000000
E1,noniid-labeldir-fine,6,87.00000000
E1,noniid-labeldir-fine,7,74.65000000
E1,noniid-labeldir-fine,8,90.95000000
E1,noniid-labeldir-fine,9,92.85000000
E1,noniid-labeldir-fine,10,68.00000000
E1,noniid-labeldir-fine,11,76.95000000
E1,noniid-labeldir-fine,12,92.00000000
E1,noniid-labeldir-fine,13,89.15000000
E1,noniid-labeldir-fine,14,78.00000000
E1,noniid-labeldir-fine,15,85.00000000
E1,noniid-labeldir-fine,16,86.40000000
E1,noniid-labeldir-fine,17,90.00000000
E1,noniid-labeldir-fine,18,68.30000000
E1,noniid-labeldir-fine,19,79.55000000
E1,noniid-labeldir-fine,20,90.00000000
E1,noniid-labeldir-fine,21,85.55000000
E1,noniid-labeldir-fine,22,83.00000000
E1,noniid-labeldir-fine,23,89.35000000
E1,noniid-labeldir-fine,24,60.30000000
E1,noniid-labeldir-fine,25,62.90000000
E1,noniid-labeldir-fine,26,69.00000000
E1,noniid-labeldir-fine,27,56.10000000
E1,noniid-labeldir-fine,28,56.65000000
E1,noniid-labeldir-fine,29,69.90000000
E1,noniid-labeldir-fine,30,58.00000000
E1,noniid-labeldir-fine,31,74.45000000
E1,noniid-labeldir-fine,32,43.85000000
E1,noniid-labeldir-fine,33,64.85000000
E1,noniid-labeldir-fine,34,76.00000000
E1,noniid-labeldir-fine,35,58.25000000
E1,noniid-labeldir-fine,36,71.95000000
E1,noniid-labeldir-fine,37,91.90000000
E1,noniid-labeldir-fine,38,71.00000000
E1,noniid-labeldir-fine,39,78.10000000
E1,noniid-labeldir-fine,40,71.75000000
E1,noniid-labeldir-fine,41,83.25000000
E1,noniid-labeldir-fine,42,16.20000000
E1,noniid-labeldir-fine,43,82.10000000
E1,noniid-labeldir-fine,44,51.45000000
E1,noniid-labeldir-fine,45,31.95000000
E1,noniid-labeldir-fine,46,61.30000000
E1,noniid-labeldir-fine,47,51.15000000
E1,noniid-labeldir-fine,48,90.70000000
E1,noniid-labeldir-fine,49,84.65000000
E1,noniid-labeldir-fine,50,36.60000000
E1,noniid-labeldir-fine,51,66.85000000
E1,noniid-labeldir-fine,52,60.55000000
E1,noniid-labeldir-fine,53,93.45000000
E1,noniid-labeldir-fine,54,80.40000000
E1,noniid-labeldir-fine,55,16.40000000
E1,noniid-labeldir-fine,56,87.00000000
E1,noniid-labeldir-fine,57,55.95000000
E1,noniid-labeldir-fine,58,88.25000000
E1,noniid-labeldir-fine,59,67.25000000
E1,noniid-labeldir-fine,60,50.35000000
E1,noniid-labeldir-fine,61,37.55000000
E1,noniid-labeldir-fine,62,73.70000000
E1,noniid-labeldir-fine,63,10.45000000
E1,noniid-labeldir-fine,64,55.00000000
E1,noniid-labeldir-fine,65,68.90000000
E1,noniid-labeldir-fine,66,49.00000000
E1,noniid-labeldir-fine,67,18.20000000
E1,noniid-labeldir-fine,68,92.70000000
E1,noniid-labeldir-fine,69,81.00000000
E1,noniid-labeldir-fine,70,73.00000000
E1,noniid-labeldir-fine,71,72.35000000
E1,noniid-labeldir-fine,72,33.05000000
E1,noniid-labeldir-fine,73,53.00000000
E1,noniid-labeldir-fine,74,12.80000000
E1,noniid-labeldir-fine,75,52.85000000
E1,noniid-labeldir-fine,76,81.65000000
E1,noniid-labeldir-fine,77,49.90000000
E1,noniid-labeldir-fine,78,58.65000000
E1,noniid-labeldir-fine,79,42.95000000
E1,noniid-labeldir-fine,80,46.00000000
E1,noniid-labeldir-fine,81,38.35000000
E1,noniid-labeldir-fine,82,90.00000000
E1,noniid-labeldir-fine,83,63.85000000
E1,noniid-labeldir-fine,84,64.95000000
E1,noniid-labeldir-fine,85,77.15000000
E1,noniid-labeldir-fine,86,62.85000000
E1,noniid-labeldir-fine,87,83.05000000
E1,noniid-labeldir-fine,88,50.00000000
E1,noniid-labeldir-fine,89,80.20000000
E1,noniid-labeldir-fine,90,79.65000000
E1,noniid-labeldir-fine,91,29.40000000
E1,noniid-labeldir-fine,92,60.70000000
E1,noniid-labeldir-fine,93,45.45000000
E1,noniid-labeldir-fine,94,75.45000000
E1,noniid-labeldir-fine,95,52.95000000
E1,noniid-labeldir-fine,96,48.60000000
E1,noniid-labeldir-fine,97,51.45000000
E1,noniid-labeldir-fine,98,56.20000000
E1,noniid-labeldir-fine,99,62.50000000
E2,noniid-labeldir-fine,0,87.00000000
E2,noniid-labeldir-fine,1,74.10000000
E2,noniid-labeldir-fine,2,80.00000000
E2,noniid-labeldir-fine,3,63.00000000
E2,noniid-labeldir-fine,4,44.75000000
E2,noniid-labeldir-fine,5,69.00000000
E2,noniid-labeldir-fine,6,79.00000000
E2,noniid-labeldir-fine,7,57.00000000
E2,noniid-labeldir-fine,8,81.00000000
E2,noniid-labeldir-fine,9,90.00000000
E2,noniid-labeldir-fine,10,46.10000000
E2,noniid-labeldir-fine,11,70.00000000
E2,noniid-labeldir-fine,12,81.00000000
E2,noniid-labeldir-fine,13,76.00000000
E2,noniid-labeldir-fine,14,66.00000000
E2,noniid-labeldir-fine,15,86.00000000
E2,noniid-labeldir-fine,16,85.00000000
E2,noniid-labeldir-fine,17,81.75000000
E2,noniid-labeldir-fine,18,30.60000000
E2,noniid-labeldir-fine,19,81.00000000
E2,noniid-labeldir-fine,20,97.85000000
E2,noniid-labeldir-fine,21,86.80000000
E2,noniid-labeldir-fine,22,83.00000000
E2,noniid-labeldir-fine,23,76.75000000
E2,noniid-labeldir-fine,24,68.00000000
E2,noniid-labeldir-fine,25,62.35000000
E2,noniid-labeldir-fine,26,58.90000000
E2,noniid-labeldir-fine,27,39.70000000
E2,noniid-labeldir-fine,28,55.00000000
E2,noniid-labeldir-fine,29,73.65000000
E2,noniid-labeldir-fine,30,54.00000000
E2,noniid-labeldir-fine,31,81.15000000
E2,noniid-labeldir-fine,32,41.95000000
E2,noniid-labeldir-fine,33,53.00000000
E2,noniid-labeldir-fine,34,82.00000000
E2,noniid-labeldir-fine,35,64.00000000
E2,noniid-labeldir-fine,36,71.25000000
E2,noniid-labeldir-fine,37,91.05000000
E2,noniid-labeldir-fine,38,67.00000000
E2,noniid-labeldir-fine,39,87.00000000
E2,noniid-labeldir-fine,40,71.55000000
E2,noniid-labeldir-fine,41,90.00000000
E2,noniid-labeldir-fine,42,11.50000000
E2,noniid-labeldir-fine,43,80.95000000
E2,noniid-labeldir-fine,44,60.40000000
E2,noniid-labeldir-fine,45,21.10000000
E2,noniid-labeldir-fine,46,68.85000000
E2,noniid-labeldir-fine,47,42.15000000
E2,noniid-labeldir-fine,48,92.00000000
E2,noniid-labeldir-fine,49,89.25000000
E2,noniid-labeldir-fine,50,18.30000000
E2,noniid-labeldir-fine,51,73.80000000
E2,noniid-labeldir-fine,52,56.00000000
E2,noniid-labeldir-fine,53,96.00000000
E2,noniid-labeldir-fine,54,81.95000000
E2,noniid-labeldir-fine,55,32.00000000
E2,noniid-labeldir-fine,56,87.00000000
E2,noniid-labeldir-fine,57,80.00000000
E2,noniid-labeldir-fine,58,93.00000000
E2,noniid-labeldir-fine,59,72.95000000
E2,noniid-labeldir-fine,60,75.80000000
E2,noniid-labeldir-fine,61,59.65000000
E2,noniid-labeldir-fine,62,70.00000000
E2,noniid-labeldir-fine,63,16.00000000
E2,noniid-labeldir-fine,64,44.00000000
E2,noniid-labeldir-fine,65,70.45000000
E2,noniid-labeldir-fine,66,65.00000000
E2,noniid-labeldir-fine,67,14.50000000
E2,noniid-labeldir-fine,68,95.00000000
E2,noniid-labeldir-fine,69,83.00000000
E2,noniid-labeldir-fine,70,71.00000000
E2,noniid-labeldir-fine,71,83.00000000
E2,noniid-labeldir-fine,72,52.90000000
E2,noniid-labeldir-fine,73,74.00000000
E2,noniid-labeldir-fine,74,52.15000000
E2,noniid-labeldir-fine,75,69.00000000
E2,noniid-labeldir-fine,76,78.20000000
E2,noniid-labeldir-fine,77,77.10000000
E2,noniid-labeldir-fine,78,55.25000000
E2,noniid-labeldir-fine,79,63.25000000
E2,noniid-labeldir-fine,80,50.10000000
E2,noniid-labeldir-fine,81,49.05000000
E2,noniid-labeldir-fine,82,91.00000000
E2,noniid-labeldir-fine,83,81.30000000
E2,noniid-labeldir-fine,84,67.00000000
E2,noniid-labeldir-fine,85,82.00000000
E2,noniid-labeldir-fine,86,72.80000000
E2,noniid-labeldir-fine,87,81.20000000
E2,noniid-labeldir-fine,88,51.50000000
E2,noniid-labeldir-fine,89,84.75000000
E2,noniid-labeldir-fine,90,80.00000000
E2,noniid-labeldir-fine,91,52.95000000
E2,noniid-labeldir-fine,92,74.00000000
E2,noniid-labeldir-fine,93,45.00000000
E2,noniid-labeldir-fine,94,80.00000000
E2,noniid-labeldir-fine,95,64.20000000
E2,noniid-labeldir-fine,96,76.95000000
E2,noniid-labeldir-fine,97,62.00000000
E2,noniid-labeldir-fine,98,66.00000000
E2,noniid-labeldir-fine,99,84.55000000
E3,noniid-labeldir-fine,0,86.00000000
E3,noniid-labeldir-fine,1,76.60000000
E3,noniid-labeldir-fine,2,81.25000000
E3,noniid-labeldir-fine,3,67.15000000
E3,noniid-labeldir-fine,4,46.00000000
E3,noniid-labeldir-fine,5,70.00000000
E3,noniid-labeldir-fine,6,80.55000000
E3,noniid-labeldir-fine,7,60.05000000
E3,noniid-labeldir-fine,8,85.00000000
E3,noniid-labeldir-fine,9,90.00000000
E3,noniid-labeldir-fine,10,52.70000000
E3,noniid-labeldir-fine,11,73.10000000
E3,noniid-labeldir-fine,12,85.55000000
E3,noniid-labeldir-fine,13,77.00000000
E3,noniid-labeldir-fine,14,74.00000000
E3,noniid-labeldir-fine,15,86.00000000
E3,noniid-labeldir-fine,16,84.55000000
E3,noniid-labeldir-fine,17,84.50000000
E3,noniid-labeldir-fine,18,51.80000000
E3,noniid-labeldir-fine,19,78.90000000
E3,noniid-labeldir-fine,20,91.65000000
E3,noniid-labeldir-fine,21,85.00000000
E3,noniid-labeldir-fine,22,83.00000000
E3,noniid-labeldir-fine,23,78.60000000
E3,noniid-labeldir-fine,24,72.25000000
E3,noniid-labeldir-fine,25,62.30000000
E3,noniid-labeldir-fine,26,63.00000000
E3,noniid-labeldir-fine,27,49.55000000
E3,noniid-labeldir-fine,28,55.00000000
E3,noniid-labeldir-fine,29,71.45000000
E3,noniid-labeldir-fine,30,51.80000000
E3,noniid-labeldir-fine,31,79.00000000
E3,noniid-labeldir-fine,32,39.95000000
E3,noniid-labeldir-fine,33,56.30000000
E3,noniid-labeldir-fine,34,80.55000000
E3,noniid-labeldir-fine,35,62.90000000
E3,noniid-labeldir-fine,36,70.55000000
E3,noniid-labeldir-fine,37,91.00000000
E3,noniid-labeldir-fine,38,67.95000000
E3,noniid-labeldir-fine,39,84.45000000
E3,noniid-labeldir-fine,40,69.55000000
E3,noniid-labeldir-fine,41,86.30000000
E3,noniid-labeldir-fine,42,18.00000000
E3,noniid-labeldir-fine,43,82.95000000
E3,noniid-labeldir-fine,44,62.40000000
E3,noniid-labeldir-fine,45,37.85000000
E3,noniid-labeldir-fine,46,67.70000000
E3,noniid-labeldir-fine,47,44.40000000
E3,noniid-labeldir-fine,48,92.00000000
E3,noniid-labeldir-fine,49,90.00000000
E3,noniid-labeldir-fine,50,18.95000000
E3,noniid-labeldir-fine,51,72.00000000
E3,noniid-labeldir-fine,52,49.45000000
E3,noniid-labeldir-fine,53,95.00000000
E3,noniid-labeldir-fine,54,82.10000000
E3,noniid-labeldir-fine,55,29.25000000
E3,noniid-labeldir-fine,56,88.00000000
E3,noniid-labeldir-fine,57,74.00000000
E3,noniid-labeldir-fine,58,92.95000000
E3,noniid-labeldir-fine,59,77.00000000
E3,noniid-labeldir-fine,60,71.00000000
E3,noniid-labeldir-fine,61,68.55000000
E3,noniid-labeldir-fine,62,69.80000000
E3,noniid-labeldir-fine,63,17.95000000
E3,noniid-labeldir-fine,64,55.35000000
E3,noniid-labeldir-fine,65,67.85000000
E3,noniid-labeldir-fine,66,64.40000000
E3,noniid-labeldir-fine,67,23.55000000
E3,noniid-labeldir-fine,68,95.00000000
E3,noniid-labeldir-fine,69,83.65000000
E3,noniid-labeldir-fine,70,67.00000000
E3,noniid-labeldir-fine,71,84.00000000
E3,noniid-labeldir-fine,72,56.80000000
E3,noniid-labeldir-fine,73,72.00000000
E3,noniid-labeldir-fine,74,51.00000000
E3,noniid-labeldir-fine,75,74.00000000
E3,noniid-labeldir-fine,76,80.00000000
E3,noniid-labeldir-fine,77,77.05000000
E3,noniid-labeldir-fine,78,59.25000000
E3,noniid-labeldir-fine,79,65.00000000
E3,noniid-labeldir-fine,80,50.00000000
E3,noniid-labeldir-fine,81,53.50000000
E3,noniid-labeldir-fine,82,91.00000000
E3,noniid-labeldir-fine,83,76.60000000
E3,noniid-labeldir-fine,84,74.20000000
E3,noniid-labeldir-fine,85,83.55000000
E3,noniid-labeldir-fine,86,70.45000000
E3,noniid-labeldir-fine,87,82.80000000
E3,noniid-labeldir-fine,88,57.45000000
E3,noniid-labeldir-fine,89,88.00000000
E3,noniid-labeldir-fine,90,81.00000000
E3,noniid-labeldir-fine,91,65.05000000
E3,noniid-labeldir-fine,92,77.00000000
E3,noniid-labeldir-fine,93,47.15000000
E3,noniid-labeldir-fine,94,83.00000000
E3,noniid-labeldir-fine,95,64.00000000
E3,noniid-labeldir-fine,96,77.45000000
E3,noniid-labeldir-fine,97,62.00000000
E3,noniid-labeldir-fine,98,70.75000000
E3,noniid-labeldir-fine,99,85.40000000
E5,noniid-labeldir-fine,0,86.00000000
E5,noniid-labeldir-fine,1,76.45000000
E5,noniid-labeldir-fine,2,81.20000000
E5,noniid-labeldir-fine,3,67.00000000
E5,noniid-labeldir-fine,4,46.00000000
E5,noniid-labeldir-fine,5,70.00000000
E5,noniid-labeldir-fine,6,80.00000000
E5,noniid-labeldir-fine,7,60.00000000
E5,noniid-labeldir-fine,8,85.00000000
E5,noniid-labeldir-fine,9,90.00000000
E5,noniid-labeldir-fine,10,51.60000000
E5,noniid-labeldir-fine,11,72.10000000
E5,noniid-labeldir-fine,12,85.15000000
E5,noniid-labeldir-fine,13,77.00000000
E5,noniid-labeldir-fine,14,73.95000000
E5,noniid-labeldir-fine,15,86.00000000
E5,noniid-labeldir-fine,16,84.35000000
E5,noniid-labeldir-fine,17,84.00000000
E5,noniid-labeldir-fine,18,49.60000000
E5,noniid-labeldir-fine,19,79.00000000
E5,noniid-labeldir-fine,20,92.00000000
E5,noniid-labeldir-fine,21,85.00000000
E5,noniid-labeldir-fine,22,83.00000000
E5,noniid-labeldir-fine,23,78.30000000
E5,noniid-labeldir-fine,24,72.00000000
E5,noniid-labeldir-fine,25,62.25000000
E5,noniid-labeldir-fine,26,63.00000000
E5,noniid-labeldir-fine,27,48.65000000
E5,noniid-labeldir-fine,28,55.00000000
E5,noniid-labeldir-fine,29,72.00000000
E5,noniid-labeldir-fine,30,52.00000000
E5,noniid-labeldir-fine,31,79.00000000
E5,noniid-labeldir-fine,32,39.80000000
E5,noniid-labeldir-fine,33,55.00000000
E5,noniid-labeldir-fine,34,80.20000000
E5,noniid-labeldir-fine,35,62.25000000
E5,noniid-labeldir-fine,36,70.00000000
E5,noniid-labeldir-fine,37,91.00000000
E5,noniid-labeldir-fine,38,67.80000000
E5,noniid-labeldir-fine,39,84.95000000
E5,noniid-labeldir-fine,40,69.95000000
E5,noniid-labeldir-fine,41,87.80000000
E5,noniid-labeldir-fine,42,17.25000000
E5,noniid-labeldir-fine,43,82.00000000
E5,noniid-labeldir-fine,44,62.90000000
E5,noniid-labeldir-fine,45,35.35000000
E5,noniid-labeldir-fine,46,67.70000000
E5,noniid-labeldir-fine,47,44.00000000
E5,noniid-labeldir-fine,48,92.00000000
E5,noniid-labeldir-fine,49,90.00000000
E5,noniid-labeldir-fine,50,18.05000000
E5,noniid-labeldir-fine,51,72.00000000
E5,noniid-labeldir-fine,52,50.00000000
E5,noniid-labeldir-fine,53,95.00000000
E5,noniid-labeldir-fine,54,81.00000000
E5,noniid-labeldir-fine,55,29.75000000
E5,noniid-labeldir-fine,56,88.00000000
E5,noniid-labeldir-fine,57,74.00000000
E5,noniid-labeldir-fine,58,93.00000000
E5,noniid-labeldir-fine,59,77.00000000
E5,noniid-labeldir-fine,60,71.00000000
E5,noniid-labeldir-fine,61,67.50000000
E5,noniid-labeldir-fine,62,70.10000000
E5,noniid-labeldir-fine,63,18.00000000
E5,noniid-labeldir-fine,64,54.55000000
E5,noniid-labeldir-fine,65,69.00000000
E5,noniid-labeldir-fine,66,64.70000000
E5,noniid-labeldir-fine,67,22.20000000
E5,noniid-labeldir-fine,68,95.00000000
E5,noniid-labeldir-fine,69,83.90000000
E5,noniid-labeldir-fine,70,67.00000000
E5,noniid-labeldir-fine,71,84.00000000
E5,noniid-labeldir-fine,72,56.80000000
E5,noniid-labeldir-fine,73,72.20000000
E5,noniid-labeldir-fine,74,51.10000000
E5,noniid-labeldir-fine,75,73.75000000
E5,noniid-labeldir-fine,76,80.00000000
E5,noniid-labeldir-fine,77,76.60000000
E5,noniid-labeldir-fine,78,58.65000000
E5,noniid-labeldir-fine,79,65.90000000
E5,noniid-labeldir-fine,80,50.00000000
E5,noniid-labeldir-fine,81,54.00000000
E5,noniid-labeldir-fine,82,91.00000000
E5,noniid-labeldir-fine,83,76.95000000
E5,noniid-labeldir-fine,84,73.95000000
E5,noniid-labeldir-fine,85,83.00000000
E5,noniid-labeldir-fine,86,71.00000000
E5,noniid-labeldir-fine,87,82.70000000
E5,noniid-labeldir-fine,88,56.60000000
E5,noniid-labeldir-fine,89,88.00000000
E5,noniid-labeldir-fine,90,81.00000000
E5,noniid-labeldir-fine,91,63.80000000
E5,noniid-labeldir-fine,92,77.00000000
E5,noniid-labeldir-fine,93,47.00000000
E5,noniid-labeldir-fine,94,83.00000000
E5,noniid-labeldir-fine,95,64.00000000
E5,noniid-labeldir-fine,96,78.00000000
E5,noniid-labeldir-fine,97,62.00000000
E5,noniid-labeldir-fine,98,70.75000000
E5,noniid-labeldir-fine,99,86.00000000
J,noniid-labeldir-fine,0,89.65000000
J,noniid-labeldir-fine,1,79.20000000
J,noniid-labeldir-fine,2,83.35000000
J,noniid-labeldir-fine,3,62.60000000
J,noniid-labeldir-fine,4,39.40000000
J,noniid-labeldir-fine,5,77.15000000
J,noniid-labeldir-fine,6,78.45000000
J,noniid-labeldir-fine,7,71.25000000
J,noniid-labeldir-fine,8,91.30000000
J,noniid-labeldir-fine,9,91.90000000
J,noniid-labeldir-fine,10,49.65000000
J,noniid-labeldir-fine,11,76.85000000
J,noniid-labeldir-fine,12,88.60000000
J,noniid-labeldir-fine,13,84.95000000
J,noniid-labeldir-fine,14,77.90000000
J,noniid-labeldir-fine,15,84.35000000
J,noniid-labeldir-fine,16,87.45000000
J,noniid-labeldir-fine,17,86.15000000
J,noniid-labeldir-fine,18,68.15000000
J,noniid-labeldir-fine,19,75.75000000
J,noniid-labeldir-fine,20,90.05000000
J,noniid-labeldir-fine,21,87.70000000
J,noniid-labeldir-fine,22,87.00000000
J,noniid-labeldir-fine,23,83.70000000
J,noniid-labeldir-fine,24,75.70000000
J,noniid-labeldir-fine,25,67.85000000
J,noniid-labeldir-fine,26,64.00000000
J,noniid-labeldir-fine,27,55.20000000
J,noniid-labeldir-fine,28,78.30000000
J,noniid-labeldir-fine,29,68.30000000
J,noniid-labeldir-fine,30,63.40000000
J,noniid-labeldir-fine,31,78.60000000
J,noniid-labeldir-fine,32,50.25000000
J,noniid-labeldir-fine,33,64.90000000
J,noniid-labeldir-fine,34,74.95000000
J,noniid-labeldir-fine,35,75.20000000
J,noniid-labeldir-fine,36,75.85000000
J,noniid-labeldir-fine,37,84.35000000
J,noniid-labeldir-fine,38,72.60000000
J,noniid-labeldir-fine,39,83.80000000
J,noniid-labeldir-fine,40,76.90000000
J,noniid-labeldir-fine,41,84.65000000
J,noniid-labeldir-fine,42,45.40000000
J,noniid-labeldir-fine,43,78.00000000
J,noniid-labeldir-fine,44,70.85000000
J,noniid-labeldir-fine,45,46.95000000
J,noniid-labeldir-fine,46,73.90000000
J,noniid-labeldir-fine,47,49.00000000
J,noniid-labeldir-fine,48,95.50000000
J,noniid-labeldir-fine,49,93.05000000
J,noniid-labeldir-fine,50,45.55000000
J,noniid-labeldir-fine,51,80.55000000
J,noniid-labeldir-fine,52,67.15000000
J,noniid-labeldir-fine,53,95.95000000
J,noniid-labeldir-fine,54,82.15000000
J,noniid-labeldir-fine,55,41.40000000
J,noniid-labeldir-fine,56,87.00000000
J,noniid-labeldir-fine,57,72.45000000
J,noniid-labeldir-fine,58,90.10000000
J,noniid-labeldir-fine,59,66.00000000
J,noniid-labeldir-fine,60,76.50000000
J,noniid-labeldir-fine,61,77.35000000
J,noniid-labeldir-fine,62,79.90000000
J,noniid-labeldir-fine,63,34.55000000
J,noniid-labeldir-fine,64,59.25000000
J,noniid-labeldir-fine,65,64.95000000
J,noniid-labeldir-fine,66,59.80000000
J,noniid-labeldir-fine,67,41.50000000
J,noniid-labeldir-fine,68,92.40000000
J,noniid-labeldir-fine,69,76.35000000
J,noniid-labeldir-fine,70,76.40000000
J,noniid-labeldir-fine,71,82.60000000
J,noniid-labeldir-fine,72,61.35000000
J,noniid-labeldir-fine,73,65.25000000
J,noniid-labeldir-fine,74,35.20000000
J,noniid-labeldir-fine,75,66.75000000
J,noniid-labeldir-fine,76,83.80000000
J,noniid-labeldir-fine,77,69.35000000
J,noniid-labeldir-fine,78,71.15000000
J,noniid-labeldir-fine,79,59.40000000
J,noniid-labeldir-fine,80,60.40000000
J,noniid-labeldir-fine,81,56.25000000
J,noniid-labeldir-fine,82,92.45000000
J,noniid-labeldir-fine,83,73.80000000
J,noniid-labeldir-fine,84,68.80000000
J,noniid-labeldir-fine,85,83.45000000
J,noniid-labeldir-fine,86,79.80000000
J,noniid-labeldir-fine,87,82.60000000
J,noniid-labeldir-fine,88,66.10000000
J,noniid-labeldir-fine,89,91.10000000
J,noniid-labeldir-fine,90,82.40000000
J,noniid-labeldir-fine,91,73.25000000
J,noniid-labeldir-fine,92,62.25000000
J,noniid-labeldir-fine,93,59.05000000
J,noniid-labeldir-fine,94,86.30000000
J,noniid-labeldir-fine,95,50.15000000
J,noniid-labeldir-fine,96,57.15000000
J,noniid-labeldir-fine,97,70.50000000
J,noniid-labeldir-fine,98,64.95000000
J,noniid-labeldir-fine,99,66.45000000
S,noniid-labeldir-fine,0,88.00000000
S,noniid-labeldir-fine,1,73.45000000
S,noniid-labeldir-fine,2,83.00000000
S,noniid-labeldir-fine,3,67.00000000
S,noniid-labeldir-fine,4,40.05000000
S,noniid-labeldir-fine,5,72.15000000
S,noniid-labeldir-fine,6,81.80000000
S,noniid-labeldir-fine,7,65.60000000
S,noniid-labeldir-fine,8,89.25000000
S,noniid-labeldir-fine,9,90.10000000
S,noniid-labeldir-fine,10,53.40000000
S,noniid-labeldir-fine,11,77.00000000
S,noniid-labeldir-fine,12,87.70000000
S,noniid-labeldir-fine,13,83.45000000
S,noniid-labeldir-fine,14,76.00000000
S,noniid-labeldir-fine,15,82.15000000
S,noniid-labeldir-fine,16,85.00000000
S,noniid-labeldir-fine,17,83.05000000
S,noniid-labeldir-fine,18,55.65000000
S,noniid-labeldir-fine,19,78.00000000
S,noniid-labeldir-fine,20,88.45000000
S,noniid-labeldir-fine,21,86.20000000
S,noniid-labeldir-fine,22,84.00000000
S,noniid-labeldir-fine,23,75.50000000
S,noniid-labeldir-fine,24,73.65000000
S,noniid-labeldir-fine,25,67.00000000
S,noniid-labeldir-fine,26,60.75000000
S,noniid-labeldir-fine,27,55.10000000
S,noniid-labeldir-fine,28,68.25000000
S,noniid-labeldir-fine,29,69.95000000
S,noniid-labeldir-fine,30,58.00000000
S,noniid-labeldir-fine,31,76.80000000
S,noniid-labeldir-fine,32,42.50000000
S,noniid-labeldir-fine,33,62.30000000
S,noniid-labeldir-fine,34,76.30000000
S,noniid-labeldir-fine,35,66.30000000
S,noniid-labeldir-fine,36,70.00000000
S,noniid-labeldir-fine,37,89.00000000
S,noniid-labeldir-fine,38,73.00000000
S,noniid-labeldir-fine,39,83.55000000
S,noniid-labeldir-fine,40,71.85000000
S,noniid-labeldir-fine,41,89.00000000
S,noniid-labeldir-fine,42,41.50000000
S,noniid-labeldir-fine,43,80.25000000
S,noniid-labeldir-fine,44,64.50000000
S,noniid-labeldir-fine,45,44.00000000
S,noniid-labeldir-fine,46,72.00000000
S,noniid-labeldir-fine,47,46.00000000
S,noniid-labeldir-fine,48,93.50000000
S,noniid-labeldir-fine,49,90.00000000
S,noniid-labeldir-fine,50,30.50000000
S,noniid-labeldir-fine,51,75.10000000
S,noniid-labeldir-fine,52,55.75000000
S,noniid-labeldir-fine,53,96.00000000
S,noniid-labeldir-fine,54,80.00000000
S,noniid-labeldir-fine,55,32.00000000
S,noniid-labeldir-fine,56,87.00000000
S,noniid-labeldir-fine,57,71.30000000
S,noniid-labeldir-fine,58,92.00000000
S,noniid-labeldir-fine,59,78.10000000
S,noniid-labeldir-fine,60,74.70000000
S,noniid-labeldir-fine,61,72.65000000
S,noniid-labeldir-fine,62,71.45000000
S,noniid-labeldir-fine,63,25.95000000
S,noniid-labeldir-fine,64,63.00000000
S,noniid-labeldir-fine,65,64.00000000
S,noniid-labeldir-fine,66,69.30000000
S,noniid-labeldir-fine,67,35.90000000
S,noniid-labeldir-fine,68,94.45000000
S,noniid-labeldir-fine,69,82.00000000
S,noniid-labeldir-fine,70,69.90000000
S,noniid-labeldir-fine,71,85.85000000
S,noniid-labeldir-fine,72,56.65000000
S,noniid-labeldir-fine,73,68.85000000
S,noniid-labeldir-fine,74,40.00000000
S,noniid-labeldir-fine,75,70.70000000
S,noniid-labeldir-fine,76,83.00000000
S,noniid-labeldir-fine,77,72.00000000
S,noniid-labeldir-fine,78,63.80000000
S,noniid-labeldir-fine,79,62.55000000
S,noniid-labeldir-fine,80,54.05000000
S,noniid-labeldir-fine,81,53.65000000
S,noniid-labeldir-fine,82,92.00000000
S,noniid-labeldir-fine,83,74.95000000
S,noniid-labeldir-fine,84,74.95000000
S,noniid-labeldir-fine,85,83.55000000
S,noniid-labeldir-fine,86,71.40000000
S,noniid-labeldir-fine,87,86.10000000
S,noniid-labeldir-fine,88,69.45000000
S,noniid-labeldir-fine,89,82.00000000
S,noniid-labeldir-fine,90,84.00000000
S,noniid-labeldir-fine,91,71.00000000
S,noniid-labeldir-fine,92,78.35000000
S,noniid-labeldir-fine,93,53.00000000
S,noniid-labeldir-fine,94,83.00000000
S,noniid-labeldir-fine,95,61.15000000
S,noniid-labeldir-fine,96,71.25000000
S,noniid-labeldir-fine,97,56.30000000
S,noniid-labeldir-fine,98,72.30000000
S,noniid-labeldir-fine,99,73.50000000
Full-1,client-longtail,0,90.80000000
Full-1,client-longtail,1,76.95000000
Full-1,client-longtail,2,83.00000000
Full-1,client-longtail,3,67.25000000
Full-1,client-longtail,4,44.50000000
Full-1,client-longtail,5,78.40000000
Full-1,client-longtail,6,81.10000000
Full-1,client-longtail,7,68.80000000
Full-1,client-longtail,8,89.75000000
Full-1,client-longtail,9,89.65000000
Full-1,client-longtail,10,54.05000000
Full-1,client-longtail,11,73.65000000
Full-1,client-longtail,12,87.20000000
Full-1,client-longtail,13,84.00000000
Full-1,client-longtail,14,76.00000000
Full-1,client-longtail,15,84.25000000
Full-1,client-longtail,16,86.85000000
Full-1,client-longtail,17,83.00000000
Full-1,client-longtail,18,56.80000000
Full-1,client-longtail,19,79.00000000
Full-1,client-longtail,20,88.90000000
Full-1,client-longtail,21,86.00000000
Full-1,client-longtail,22,84.00000000
Full-1,client-longtail,23,74.00000000
Full-1,client-longtail,24,72.80000000
Full-1,client-longtail,25,66.30000000
Full-1,client-longtail,26,61.00000000
Full-1,client-longtail,27,51.00000000
Full-1,client-longtail,28,73.80000000
Full-1,client-longtail,29,69.95000000
Full-1,client-longtail,30,58.80000000
Full-1,client-longtail,31,77.00000000
Full-1,client-longtail,32,43.80000000
Full-1,client-longtail,33,66.65000000
Full-1,client-longtail,34,76.00000000
Full-1,client-longtail,35,71.60000000
Full-1,client-longtail,36,71.60000000
Full-1,client-longtail,37,89.00000000
Full-1,client-longtail,38,72.45000000
Full-1,client-longtail,39,82.00000000
Full-1,client-longtail,40,73.75000000
Full-1,client-longtail,41,89.55000000
Full-1,client-longtail,42,44.00000000
Full-1,client-longtail,43,82.55000000
Full-1,client-longtail,44,67.30000000
Full-1,client-longtail,45,43.55000000
Full-1,client-longtail,46,71.35000000
Full-1,client-longtail,47,47.00000000
Full-1,client-longtail,48,94.90000000
Full-1,client-longtail,49,90.00000000
Full-1,client-longtail,50,30.55000000
Full-1,client-longtail,51,74.75000000
Full-1,client-longtail,52,56.15000000
Full-1,client-longtail,53,97.00000000
Full-1,client-longtail,54,82.20000000
Full-1,client-longtail,55,31.20000000
Full-1,client-longtail,56,87.00000000
Full-1,client-longtail,57,73.75000000
Full-1,client-longtail,58,92.00000000
Full-1,client-longtail,59,79.00000000
Full-1,client-longtail,60,75.60000000
Full-1,client-longtail,61,73.10000000
Full-1,client-longtail,62,74.00000000
Full-1,client-longtail,63,22.80000000
Full-1,client-longtail,64,64.15000000
Full-1,client-longtail,65,63.15000000
Full-1,client-longtail,66,71.00000000
Full-1,client-longtail,67,36.05000000
Full-1,client-longtail,68,94.60000000
Full-1,client-longtail,69,80.65000000
Full-1,client-longtail,70,69.90000000
Full-1,client-longtail,71,85.80000000
Full-1,client-longtail,72,56.20000000
Full-1,client-longtail,73,71.60000000
Full-1,client-longtail,74,41.50000000
Full-1,client-longtail,75,72.15000000
Full-1,client-longtail,76,81.00000000
Full-1,client-longtail,77,69.00000000
Full-1,client-longtail,78,64.25000000
Full-1,client-longtail,79,64.00000000
Full-1,client-longtail,80,45.15000000
Full-1,client-longtail,81,46.80000000
Full-1,client-longtail,82,91.00000000
Full-1,client-longtail,83,70.55000000
Full-1,client-longtail,84,69.80000000
Full-1,client-longtail,85,83.00000000
Full-1,client-longtail,86,70.45000000
Full-1,client-longtail,87,85.95000000
Full-1,client-longtail,88,65.25000000
Full-1,client-longtail,89,78.65000000
Full-1,client-longtail,90,83.75000000
Full-1,client-longtail,91,68.85000000
Full-1,client-longtail,92,73.10000000
Full-1,client-longtail,93,48.00000000
Full-1,client-longtail,94,80.60000000
Full-1,client-longtail,95,56.45000000
Full-1,client-longtail,96,68.65000000
Full-1,client-longtail,97,51.80000000
Full-1,client-longtail,98,69.65000000
Full-1,client-longtail,99,71.15000000
Full-3,client-longtail,0,89.55000000
Full-3,client-longtail,1,76.85000000
Full-3,client-longtail,2,83.00000000
Full-3,client-longtail,3,67.90000000
Full-3,client-longtail,4,44.35000000
Full-3,client-longtail,5,77.70000000
Full-3,client-longtail,6,81.00000000
Full-3,client-longtail,7,68.55000000
Full-3,client-longtail,8,89.45000000
Full-3,client-longtail,9,89.85000000
Full-3,client-longtail,10,53.25000000
Full-3,client-longtail,11,73.45000000
Full-3,client-longtail,12,86.55000000
Full-3,client-longtail,13,83.80000000
Full-3,client-longtail,14,76.00000000
Full-3,client-longtail,15,84.55000000
Full-3,client-longtail,16,86.45000000
Full-3,client-longtail,17,83.00000000
Full-3,client-longtail,18,55.80000000
Full-3,client-longtail,19,79.00000000
Full-3,client-longtail,20,90.00000000
Full-3,client-longtail,21,86.00000000
Full-3,client-longtail,22,84.00000000
Full-3,client-longtail,23,74.00000000
Full-3,client-longtail,24,72.50000000
Full-3,client-longtail,25,64.00000000
Full-3,client-longtail,26,60.95000000
Full-3,client-longtail,27,51.75000000
Full-3,client-longtail,28,71.95000000
Full-3,client-longtail,29,69.70000000
Full-3,client-longtail,30,58.50000000
Full-3,client-longtail,31,77.00000000
Full-3,client-longtail,32,43.15000000
Full-3,client-longtail,33,65.50000000
Full-3,client-longtail,34,76.00000000
Full-3,client-longtail,35,71.00000000
Full-3,client-longtail,36,71.10000000
Full-3,client-longtail,37,89.00000000
Full-3,client-longtail,38,72.00000000
Full-3,client-longtail,39,82.00000000
Full-3,client-longtail,40,73.50000000
Full-3,client-longtail,41,89.40000000
Full-3,client-longtail,42,43.30000000
Full-3,client-longtail,43,82.70000000
Full-3,client-longtail,44,66.20000000
Full-3,client-longtail,45,43.00000000
Full-3,client-longtail,46,70.40000000
Full-3,client-longtail,47,47.00000000
Full-3,client-longtail,48,94.00000000
Full-3,client-longtail,49,90.00000000
Full-3,client-longtail,50,29.55000000
Full-3,client-longtail,51,73.65000000
Full-3,client-longtail,52,55.25000000
Full-3,client-longtail,53,97.00000000
Full-3,client-longtail,54,82.15000000
Full-3,client-longtail,55,31.40000000
Full-3,client-longtail,56,87.00000000
Full-3,client-longtail,57,74.00000000
Full-3,client-longtail,58,92.00000000
Full-3,client-longtail,59,79.00000000
Full-3,client-longtail,60,76.25000000
Full-3,client-longtail,61,72.70000000
Full-3,client-longtail,62,73.55000000
Full-3,client-longtail,63,21.25000000
Full-3,client-longtail,64,63.60000000
Full-3,client-longtail,65,64.00000000
Full-3,client-longtail,66,71.00000000
Full-3,client-longtail,67,36.00000000
Full-3,client-longtail,68,94.95000000
Full-3,client-longtail,69,80.40000000
Full-3,client-longtail,70,69.75000000
Full-3,client-longtail,71,85.80000000
Full-3,client-longtail,72,56.80000000
Full-3,client-longtail,73,71.35000000
Full-3,client-longtail,74,42.20000000
Full-3,client-longtail,75,72.80000000
Full-3,client-longtail,76,81.00000000
Full-3,client-longtail,77,69.00000000
Full-3,client-longtail,78,64.45000000
Full-3,client-longtail,79,64.75000000
Full-3,client-longtail,80,46.05000000
Full-3,client-longtail,81,47.00000000
Full-3,client-longtail,82,91.00000000
Full-3,client-longtail,83,70.90000000
Full-3,client-longtail,84,70.70000000
Full-3,client-longtail,85,83.00000000
Full-3,client-longtail,86,70.00000000
Full-3,client-longtail,87,85.65000000
Full-3,client-longtail,88,66.20000000
Full-3,client-longtail,89,79.90000000
Full-3,client-longtail,90,83.15000000
Full-3,client-longtail,91,68.50000000
Full-3,client-longtail,92,74.05000000
Full-3,client-longtail,93,48.25000000
Full-3,client-longtail,94,80.15000000
Full-3,client-longtail,95,57.25000000
Full-3,client-longtail,96,71.10000000
Full-3,client-longtail,97,52.60000000
Full-3,client-longtail,98,70.10000000
Full-3,client-longtail,99,71.95000000
Full-10,client-longtail,0,88.00000000
Full-10,client-longtail,1,76.70000000
Full-10,client-longtail,2,83.00000000
Full-10,client-longtail,3,67.00000000
Full-10,client-longtail,4,46.75000000
Full-10,client-longtail,5,75.00000000
Full-10,client-longtail,6,81.00000000
Full-10,client-longtail,7,66.65000000
Full-10,client-longtail,8,88.00000000
Full-10,client-longtail,9,90.00000000
Full-10,client-longtail,10,53.95000000
Full-10,client-longtail,11,73.00000000
Full-10,client-longtail,12,85.45000000
Full-10,client-longtail,13,82.45000000
Full-10,client-longtail,14,75.10000000
Full-10,client-longtail,15,87.00000000
Full-10,client-longtail,16,85.00000000
Full-10,client-longtail,17,83.25000000
Full-10,client-longtail,18,54.20000000
Full-10,client-longtail,19,79.00000000
Full-10,client-longtail,20,91.00000000
Full-10,client-longtail,21,86.00000000
Full-10,client-longtail,22,84.00000000
Full-10,client-longtail,23,74.90000000
Full-10,client-longtail,24,72.80000000
Full-10,client-longtail,25,61.00000000
Full-10,client-longtail,26,63.00000000
Full-10,client-longtail,27,51.75000000
Full-10,client-longtail,28,64.00000000
Full-10,client-longtail,29,71.00000000
Full-10,client-longtail,30,56.85000000
Full-10,client-longtail,31,78.00000000
Full-10,client-longtail,32,41.00000000
Full-10,client-longtail,33,62.00000000
Full-10,client-longtail,34,79.15000000
Full-10,client-longtail,35,69.45000000
Full-10,client-longtail,36,72.00000000
Full-10,client-longtail,37,90.00000000
Full-10,client-longtail,38,72.00000000
Full-10,client-longtail,39,83.00000000
Full-10,client-longtail,40,73.00000000
Full-10,client-longtail,41,90.00000000
Full-10,client-longtail,42,30.80000000
Full-10,client-longtail,43,85.00000000
Full-10,client-longtail,44,64.10000000
Full-10,client-longtail,45,41.00000000
Full-10,client-longtail,46,67.00000000
Full-10,client-longtail,47,45.20000000
Full-10,client-longtail,48,92.00000000
Full-10,client-longtail,49,90.00000000
Full-10,client-longtail,50,21.00000000
Full-10,client-longtail,51,72.60000000
Full-10,client-longtail,52,52.30000000
Full-10,client-longtail,53,97.00000000
Full-10,client-longtail,54,81.70000000
Full-10,client-longtail,55,30.55000000
Full-10,client-longtail,56,87.00000000
Full-10,client-longtail,57,75.65000000
Full-10,client-longtail,58,92.00000000
Full-10,client-longtail,59,78.00000000
Full-10,client-longtail,60,74.00000000
Full-10,client-longtail,61,70.00000000
Full-10,client-longtail,62,71.95000000
Full-10,client-longtail,63,20.00000000
Full-10,client-longtail,64,62.40000000
Full-10,client-longtail,65,65.00000000
Full-10,client-longtail,66,68.60000000
Full-10,client-longtail,67,32.35000000
Full-10,client-longtail,68,96.00000000
Full-10,client-longtail,69,81.00000000
Full-10,client-longtail,70,68.75000000
Full-10,client-longtail,71,85.00000000
Full-10,client-longtail,72,55.10000000
Full-10,client-longtail,73,72.00000000
Full-10,client-longtail,74,50.00000000
Full-10,client-longtail,75,73.70000000
Full-10,client-longtail,76,81.60000000
Full-10,client-longtail,77,72.30000000
Full-10,client-longtail,78,59.70000000
Full-10,client-longtail,79,66.30000000
Full-10,client-longtail,80,48.00000000
Full-10,client-longtail,81,47.35000000
Full-10,client-longtail,82,91.00000000
Full-10,client-longtail,83,74.30000000
Full-10,client-longtail,84,72.00000000
Full-10,client-longtail,85,84.00000000
Full-10,client-longtail,86,69.70000000
Full-10,client-longtail,87,85.00000000
Full-10,client-longtail,88,69.30000000
Full-10,client-longtail,89,82.00000000
Full-10,client-longtail,90,83.00000000
Full-10,client-longtail,91,67.00000000
Full-10,client-longtail,92,75.30000000
Full-10,client-longtail,93,47.85000000
Full-10,client-longtail,94,82.00000000
Full-10,client-longtail,95,59.15000000
Full-10,client-longtail,96,75.05000000
Full-10,client-longtail,97,59.85000000
Full-10,client-longtail,98,71.00000000
Full-10,client-longtail,99,78.60000000
Current-10,client-longtail,0,90.70000000
Current-10,client-longtail,1,76.90000000
Current-10,client-longtail,2,83.00000000
Current-10,client-longtail,3,67.30000000
Current-10,client-longtail,4,44.45000000
Current-10,client-longtail,5,78.30000000
Current-10,client-longtail,6,81.45000000
Current-10,client-longtail,7,68.65000000
Current-10,client-longtail,8,89.65000000
Current-10,client-longtail,9,89.45000000
Current-10,client-longtail,10,54.00000000
Current-10,client-longtail,11,73.75000000
Current-10,client-longtail,12,87.60000000
Current-10,client-longtail,13,84.00000000
Current-10,client-longtail,14,76.00000000
Current-10,client-longtail,15,84.30000000
Current-10,client-longtail,16,86.80000000
Current-10,client-longtail,17,83.00000000
Current-10,client-longtail,18,56.70000000
Current-10,client-longtail,19,79.00000000
Current-10,client-longtail,20,88.75000000
Current-10,client-longtail,21,86.00000000
Current-10,client-longtail,22,84.00000000
Current-10,client-longtail,23,74.00000000
Current-10,client-longtail,24,72.70000000
Current-10,client-longtail,25,66.65000000
Current-10,client-longtail,26,61.00000000
Current-10,client-longtail,27,51.10000000
Current-10,client-longtail,28,73.55000000
Current-10,client-longtail,29,69.85000000
Current-10,client-longtail,30,58.75000000
Current-10,client-longtail,31,77.00000000
Current-10,client-longtail,32,43.60000000
Current-10,client-longtail,33,66.75000000
Current-10,client-longtail,34,76.00000000
Current-10,client-longtail,35,71.30000000
Current-10,client-longtail,36,71.70000000
Current-10,client-longtail,37,89.00000000
Current-10,client-longtail,38,72.35000000
Current-10,client-longtail,39,82.00000000
Current-10,client-longtail,40,73.70000000
Current-10,client-longtail,41,89.50000000
Current-10,client-longtail,42,43.95000000
Current-10,client-longtail,43,82.40000000
Current-10,client-longtail,44,67.00000000
Current-10,client-longtail,45,43.65000000
Current-10,client-longtail,46,71.40000000
Current-10,client-longtail,47,47.15000000
Current-10,client-longtail,48,94.90000000
Current-10,client-longtail,49,90.00000000
Current-10,client-longtail,50,30.55000000
Current-10,client-longtail,51,74.60000000
Current-10,client-longtail,52,56.10000000
Current-10,client-longtail,53,97.00000000
Current-10,client-longtail,54,81.70000000
Current-10,client-longtail,55,31.45000000
Current-10,client-longtail,56,87.00000000
Current-10,client-longtail,57,73.50000000
Current-10,client-longtail,58,92.00000000
Current-10,client-longtail,59,79.00000000
Current-10,client-longtail,60,75.55000000
Current-10,client-longtail,61,73.15000000
Current-10,client-longtail,62,73.70000000
Current-10,client-longtail,63,22.90000000
Current-10,client-longtail,64,64.25000000
Current-10,client-longtail,65,63.15000000
Current-10,client-longtail,66,71.00000000
Current-10,client-longtail,67,36.00000000
Current-10,client-longtail,68,94.75000000
Current-10,client-longtail,69,80.65000000
Current-10,client-longtail,70,69.75000000
Current-10,client-longtail,71,85.45000000
Current-10,client-longtail,72,55.95000000
Current-10,client-longtail,73,71.60000000
Current-10,client-longtail,74,40.90000000
Current-10,client-longtail,75,72.25000000
Current-10,client-longtail,76,81.00000000
Current-10,client-longtail,77,69.00000000
Current-10,client-longtail,78,64.05000000
Current-10,client-longtail,79,64.20000000
Current-10,client-longtail,80,45.20000000
Current-10,client-longtail,81,46.85000000
Current-10,client-longtail,82,91.00000000
Current-10,client-longtail,83,70.45000000
Current-10,client-longtail,84,69.85000000
Current-10,client-longtail,85,83.00000000
Current-10,client-longtail,86,70.45000000
Current-10,client-longtail,87,85.90000000
Current-10,client-longtail,88,65.40000000
Current-10,client-longtail,89,79.00000000
Current-10,client-longtail,90,83.60000000
Current-10,client-longtail,91,69.00000000
Current-10,client-longtail,92,73.20000000
Current-10,client-longtail,93,48.05000000
Current-10,client-longtail,94,80.65000000
Current-10,client-longtail,95,56.70000000
Current-10,client-longtail,96,68.90000000
Current-10,client-longtail,97,51.50000000
Current-10,client-longtail,98,69.90000000
Current-10,client-longtail,99,70.65000000
Flat-10,client-longtail,0,89.00000000
Flat-10,client-longtail,1,76.85000000
Flat-10,client-longtail,2,83.00000000
Flat-10,client-longtail,3,66.70000000
Flat-10,client-longtail,4,44.85000000
Flat-10,client-longtail,5,76.00000000
Flat-10,client-longtail,6,81.00000000
Flat-10,client-longtail,7,67.05000000
Flat-10,client-longtail,8,89.00000000
Flat-10,client-longtail,9,90.00000000
Flat-10,client-longtail,10,53.35000000
Flat-10,client-longtail,11,73.30000000
Flat-10,client-longtail,12,86.45000000
Flat-10,client-longtail,13,83.00000000
Flat-10,client-longtail,14,75.90000000
Flat-10,client-longtail,15,85.00000000
Flat-10,client-longtail,16,86.00000000
Flat-10,client-longtail,17,83.00000000
Flat-10,client-longtail,18,54.70000000
Flat-10,client-longtail,19,79.00000000
Flat-10,client-longtail,20,90.00000000
Flat-10,client-longtail,21,86.00000000
Flat-10,client-longtail,22,84.00000000
Flat-10,client-longtail,23,74.00000000
Flat-10,client-longtail,24,71.80000000
Flat-10,client-longtail,25,61.45000000
Flat-10,client-longtail,26,62.05000000
Flat-10,client-longtail,27,53.00000000
Flat-10,client-longtail,28,67.80000000
Flat-10,client-longtail,29,71.05000000
Flat-10,client-longtail,30,58.00000000
Flat-10,client-longtail,31,77.00000000
Flat-10,client-longtail,32,41.80000000
Flat-10,client-longtail,33,64.00000000
Flat-10,client-longtail,34,77.00000000
Flat-10,client-longtail,35,70.90000000
Flat-10,client-longtail,36,71.90000000
Flat-10,client-longtail,37,89.55000000
Flat-10,client-longtail,38,72.00000000
Flat-10,client-longtail,39,82.10000000
Flat-10,client-longtail,40,73.00000000
Flat-10,client-longtail,41,89.15000000
Flat-10,client-longtail,42,39.35000000
Flat-10,client-longtail,43,83.55000000
Flat-10,client-longtail,44,65.60000000
Flat-10,client-longtail,45,42.40000000
Flat-10,client-longtail,46,68.25000000
Flat-10,client-longtail,47,46.00000000
Flat-10,client-longtail,48,93.60000000
Flat-10,client-longtail,49,90.00000000
Flat-10,client-longtail,50,25.70000000
Flat-10,client-longtail,51,73.00000000
Flat-10,client-longtail,52,53.95000000
Flat-10,client-longtail,53,97.00000000
Flat-10,client-longtail,54,81.65000000
Flat-10,client-longtail,55,30.75000000
Flat-10,client-longtail,56,87.00000000
Flat-10,client-longtail,57,74.55000000
Flat-10,client-longtail,58,92.00000000
Flat-10,client-longtail,59,78.90000000
Flat-10,client-longtail,60,76.30000000
Flat-10,client-longtail,61,72.10000000
Flat-10,client-longtail,62,73.15000000
Flat-10,client-longtail,63,20.30000000
Flat-10,client-longtail,64,63.00000000
Flat-10,client-longtail,65,64.30000000
Flat-10,client-longtail,66,70.95000000
Flat-10,client-longtail,67,35.00000000
Flat-10,client-longtail,68,95.00000000
Flat-10,client-longtail,69,80.80000000
Flat-10,client-longtail,70,70.00000000
Flat-10,client-longtail,71,85.55000000
Flat-10,client-longtail,72,56.00000000
Flat-10,client-longtail,73,71.60000000
Flat-10,client-longtail,74,46.70000000
Flat-10,client-longtail,75,73.05000000
Flat-10,client-longtail,76,81.00000000
Flat-10,client-longtail,77,70.85000000
Flat-10,client-longtail,78,62.15000000
Flat-10,client-longtail,79,65.00000000
Flat-10,client-longtail,80,47.00000000
Flat-10,client-longtail,81,47.00000000
Flat-10,client-longtail,82,91.00000000
Flat-10,client-longtail,83,72.80000000
Flat-10,client-longtail,84,72.00000000
Flat-10,client-longtail,85,83.10000000
Flat-10,client-longtail,86,70.00000000
Flat-10,client-longtail,87,85.00000000
Flat-10,client-longtail,88,69.15000000
Flat-10,client-longtail,89,81.00000000
Flat-10,client-longtail,90,83.00000000
Flat-10,client-longtail,91,67.80000000
Flat-10,client-longtail,92,74.45000000
Flat-10,client-longtail,93,48.45000000
Flat-10,client-longtail,94,80.05000000
Flat-10,client-longtail,95,58.00000000
Flat-10,client-longtail,96,73.95000000
Flat-10,client-longtail,97,54.90000000
Flat-10,client-longtail,98,70.25000000
Flat-10,client-longtail,99,74.40000000
CAPT,client-longtail,0,95.20000000
CAPT,client-longtail,1,90.20000000
CAPT,client-longtail,2,81.80000000
CAPT,client-longtail,3,64.45000000
CAPT,client-longtail,4,50.00000000
CAPT,client-longtail,5,83.25000000
CAPT,client-longtail,6,85.80000000
CAPT,client-longtail,7,83.00000000
CAPT,client-longtail,8,89.70000000
CAPT,client-longtail,9,95.90000000
CAPT,client-longtail,10,59.75000000
CAPT,client-longtail,11,78.10000000
CAPT,client-longtail,12,89.00000000
CAPT,client-longtail,13,80.00000000
CAPT,client-longtail,14,83.30000000
CAPT,client-longtail,15,88.10000000
CAPT,client-longtail,16,88.75000000
CAPT,client-longtail,17,89.40000000
CAPT,client-longtail,18,77.95000000
CAPT,client-longtail,19,82.65000000
CAPT,client-longtail,20,92.55000000
CAPT,client-longtail,21,92.15000000
CAPT,client-longtail,22,76.45000000
CAPT,client-longtail,23,88.15000000
CAPT,client-longtail,24,82.00000000
CAPT,client-longtail,25,64.40000000
CAPT,client-longtail,26,68.30000000
CAPT,client-longtail,27,53.70000000
CAPT,client-longtail,28,85.80000000
CAPT,client-longtail,29,65.60000000
CAPT,client-longtail,30,50.25000000
CAPT,client-longtail,31,79.45000000
CAPT,client-longtail,32,46.65000000
CAPT,client-longtail,33,63.80000000
CAPT,client-longtail,34,69.80000000
CAPT,client-longtail,35,68.25000000
CAPT,client-longtail,36,80.50000000
CAPT,client-longtail,37,86.40000000
CAPT,client-longtail,38,55.75000000
CAPT,client-longtail,39,73.85000000
CAPT,client-longtail,40,67.30000000
CAPT,client-longtail,41,90.60000000
CAPT,client-longtail,42,42.90000000
CAPT,client-longtail,43,67.65000000
CAPT,client-longtail,44,48.15000000
CAPT,client-longtail,45,33.90000000
CAPT,client-longtail,46,53.80000000
CAPT,client-longtail,47,47.75000000
CAPT,client-longtail,48,95.10000000
CAPT,client-longtail,49,92.75000000
CAPT,client-longtail,50,40.45000000
CAPT,client-longtail,51,84.35000000
CAPT,client-longtail,52,36.45000000
CAPT,client-longtail,53,94.85000000
CAPT,client-longtail,54,79.50000000
CAPT,client-longtail,55,48.60000000
CAPT,client-longtail,56,87.15000000
CAPT,client-longtail,57,79.90000000
CAPT,client-longtail,58,94.20000000
CAPT,client-longtail,59,73.75000000
CAPT,client-longtail,60,74.80000000
CAPT,client-longtail,61,56.45000000
CAPT,client-longtail,62,59.60000000
CAPT,client-longtail,63,35.25000000
CAPT,client-longtail,64,45.35000000
CAPT,client-longtail,65,65.65000000
CAPT,client-longtail,66,65.90000000
CAPT,client-longtail,67,47.70000000
CAPT,client-longtail,68,99.20000000
CAPT,client-longtail,69,71.75000000
CAPT,client-longtail,70,67.50000000
CAPT,client-longtail,71,69.95000000
CAPT,client-longtail,72,38.45000000
CAPT,client-longtail,73,67.75000000
CAPT,client-longtail,74,51.05000000
CAPT,client-longtail,75,55.20000000
CAPT,client-longtail,76,81.90000000
CAPT,client-longtail,77,69.90000000
CAPT,client-longtail,78,69.30000000
CAPT,client-longtail,79,70.25000000
CAPT,client-longtail,80,56.75000000
CAPT,client-longtail,81,41.55000000
CAPT,client-longtail,82,92.75000000
CAPT,client-longtail,83,73.90000000
CAPT,client-longtail,84,58.25000000
CAPT,client-longtail,85,71.40000000
CAPT,client-longtail,86,66.40000000
CAPT,client-longtail,87,86.50000000
CAPT,client-longtail,88,40.90000000
CAPT,client-longtail,89,76.60000000
CAPT,client-longtail,90,72.00000000
CAPT,client-longtail,91,28.95000000
CAPT,client-longtail,92,77.50000000
CAPT,client-longtail,93,43.30000000
CAPT,client-longtail,94,76.10000000
CAPT,client-longtail,95,66.70000000
CAPT,client-longtail,96,64.15000000
CAPT,client-longtail,97,61.35000000
CAPT,client-longtail,98,76.05000000
CAPT,client-longtail,99,65.25000000
