round,group,token_count,supported_token_count,unsupported_token_count,class_count,supported_class_count,averaging,supported_fraction,nonholder_exists_given_supported,nonholder_positive_share_given_supported,nonholder_candidate_share_given_supported
1,all,1516,1029,487,100,94,token_equal,0.6787598944591029,0.9727891156462585,0.29731977481651545,0.36047942986718495
1,all,1516,1029,487,100,94,class_equal,0.6555526351221903,0.9510215799815463,0.4313178497499511,0.4854609929078013
1,tail20,73,48,25,20,18,token_equal,0.6575342465753424,0.9791666666666666,0.9120748533325435,0.8708333333333336
1,tail20,73,48,25,20,18,class_equal,0.6541666666666667,0.9444444444444444,0.8827484911260517,0.875925925925926
1,non_tail80,1443,981,462,80,76,token_equal,0.6798336798336798,0.9724770642201835,0.2672400156230707,0.33550798504926943
1,non_tail80,1443,981,462,80,76,class_equal,0.6558991272360711,0.9525793226087549,0.32440006626613793,0.3929824561403509
2,all,1516,1078,438,100,95,token_equal,0.7110817941952506,0.9962894248608535,0.30373303518028105,0.36199752628324056
2,all,1516,1078,438,100,95,class_equal,0.6863158517976292,0.9974955504703787,0.44378584461862214,0.4842105263157893
2,tail20,73,49,24,20,18,token_equal,0.6712328767123288,1.0,0.9233129877898802,0.870748299319728
2,tail20,73,49,24,20,18,class_equal,0.6666666666666667,1.0,0.9262328050713313,0.875925925925926
2,non_tail80,1443,1029,414,80,77,token_equal,0.7130977130977131,0.9961127308066083,0.2742292279131573,0.3377712989957888
2,non_tail80,1443,1029,414,80,77,class_equal,0.6912281480803699,0.9969100947361815,0.3310060356816253,0.3926406926406927
3,all,1516,1084,432,100,95,token_equal,0.7150395778364116,0.992619926199262,0.30220685728671187,0.3615621156211562
3,all,1516,1084,432,100,95,class_equal,0.6887516002596936,0.9880234677603099,0.44181084707657065,0.4842105263157893
3,tail20,73,49,24,20,18,token_equal,0.6712328767123288,1.0,0.9217953095075115,0.870748299319728
3,tail20,73,49,24,20,18,class_equal,0.6666666666666667,1.0,0.9246141711594849,0.875925925925926
3,non_tail80,1443,1035,408,80,77,token_equal,0.7172557172557172,0.9922705314009662,0.2728736841864035,0.33745571658615137
3,non_tail80,1443,1035,408,80,77,class_equal,0.6942728336579502,0.9852237589250578,0.3289477323558893,0.3926406926406927
4,all,1516,1083,433,100,95,token_equal,0.7143799472295514,0.997229916897507,0.30491486428374376,0.36201908279470607
4,all,1516,1083,433,100,95,class_equal,0.6910096151916215,0.9934290271132377,0.4429483319738932,0.4842105263157893
4,tail20,73,50,23,20,18,token_equal,0.684931506849315,1.0,0.920620961414015,0.8713333333333334
4,tail20,73,50,23,20,18,class_equal,0.6833333333333333,1.0,0.9226111851661256,0.875925925925926
4,non_tail80,1443,1033,410,80,77,token_equal,0.7158697158697158,0.9970958373668926,0.27511302027937434,0.33736689254598257
4,non_tail80,1443,1033,410,80,77,class_equal,0.6929286856561936,0.9918929555293191,0.3308193533055792,0.3926406926406927
5,all,1516,1080,436,100,96,token_equal,0.712401055408971,0.9962962962962963,0.3069444177356781,0.3630555555555556
5,all,1516,1080,436,100,96,class_equal,0.6911889151206151,0.9929108796296297,0.45019846252480683,0.48854166666666665
5,tail20,73,50,23,20,19,token_equal,0.684931506849315,1.0,0.9247345634456484,0.872
5,tail20,73,50,23,20,19,class_equal,0.6875,1.0,0.9277687088301251,0.8771929824561404
5,non_tail80,1443,1030,413,80,77,token_equal,0.7137907137907138,0.996116504854369,0.27695460483713585,0.3383495145631068
5,non_tail80,1443,1030,413,80,77,class_equal,0.692111143900769,0.9911616161616161,0.33235645369622174,0.3926406926406927
6,all,1516,1075,441,100,96,token_equal,0.7091029023746702,0.9972093023255814,0.30777740104425005,0.36291472868217056
6,all,1516,1075,441,100,96,class_equal,0.6880896047709986,0.9956597222222222,0.4521453271528406,0.48854166666666665
6,tail20,73,50,23,20,19,token_equal,0.684931506849315,1.0,0.9241437741441704,0.872
6,tail20,73,50,23,20,19,class_equal,0.6875,1.0,0.9273910281765857,0.8771929824561404
6,non_tail80,1443,1025,418,80,77,token_equal,0.7103257103257103,0.9970731707317073,0.27771074869791246,0.3380813008130081
6,non_tail80,1443,1025,418,80,77,class_equal,0.6882370059637484,0.9945887445887446,0.3348769074197086,0.3926406926406927
7,all,1516,1075,441,100,96,token_equal,0.7091029023746702,0.9944186046511628,0.3088560918347796,0.36282170542635656
7,all,1516,1075,441,100,96,class_equal,0.6868265067579006,0.9924235501949318,0.4516624066757469,0.48854166666666665
7,tail20,73,49,24,20,19,token_equal,0.6712328767123288,1.0,0.9227316413836356,0.872108843537415
7,tail20,73,49,24,20,19,class_equal,0.675,1.0,0.9249891169411828,0.8771929824561404
7,non_tail80,1443,1026,417,80,77,token_equal,0.7110187110187111,0.9941520467836257,0.2795384486302046,0.33849902534113063
7,non_tail80,1443,1026,417,80,77,class_equal,0.6897831334473757,0.9905540366066682,0.3348675041427173,0.3926406926406926
8,all,1516,1064,452,100,97,token_equal,0.7018469656992085,0.993421052631579,0.3075277448538929,0.3630012531328321
8,all,1516,1064,452,100,97,class_equal,0.6818986441085175,0.981766486663394,0.4456630713159867,0.48831615120274907
8,tail20,73,50,23,20,19,token_equal,0.684931506849315,1.0,0.9228434549687087,0.8713333333333334
8,tail20,73,50,23,20,19,class_equal,0.685,1.0,0.9253294407413886,0.8771929824561404
8,non_tail80,1443,1014,429,80,78,token_equal,0.7027027027027027,0.9930966469428008,0.27718673350700845,0.33793556870479946
8,non_tail80,1443,1014,429,80,78,class_equal,0.681123305135647,0.9773249898249898,0.32882126337902995,0.39358974358974363
9,all,1516,1067,449,100,98,token_equal,0.7038258575197889,0.9925023430178069,0.30840668452619174,0.3633552014995314
9,all,1516,1067,449,100,98,class_equal,0.6854490406182759,0.9911084946799233,0.45163622904040657,0.4897959183673469
9,tail20,73,51,22,20,19,token_equal,0.6986301369863014,1.0,0.9274384947499145,0.8712418300653596
9,tail20,73,51,22,20,19,class_equal,0.6975,1.0,0.9329828525665301,0.8771929824561404
9,non_tail80,1443,1016,427,80,79,token_equal,0.704088704088704,0.9921259842519685,0.27733323735944976,0.3378608923884514
9,non_tail80,1443,1016,427,80,79,class_equal,0.682436300772845,0.9889700313750948,0.33586931958475663,0.3966244725738397
10,all,1516,1068,448,100,98,token_equal,0.7044854881266491,0.9897003745318352,0.31048906360437223,0.3642322097378277
10,all,1516,1068,448,100,98,class_equal,0.6868516561504682,0.9852756564356994,0.44796965596993266,0.4897959183673469
10,tail20,73,51,22,20,19,token_equal,0.6986301369863014,1.0,0.9217374433301538,0.8712418300653596
10,tail20,73,51,22,20,19,class_equal,0.6975,1.0,0.9262244880985043,0.8771929824561404
10,non_tail80,1443,1017,426,80,79,token_equal,0.7047817047817048,0.9891838741396264,0.27983648998980504,0.3388069485414618
10,non_tail80,1443,1017,426,80,79,class_equal,0.6841895701880852,0.9817343586164372,0.3329463419136939,0.3966244725738397
11,all,1516,1065,451,100,97,token_equal,0.7025065963060686,0.9915492957746479,0.30915320929133094,0.3638810641627543
11,all,1516,1065,451,100,97,class_equal,0.6843361536577918,0.9882111354913851,0.4498862563106865,0.49003436426116836
11,tail20,73,50,23,20,19,token_equal,0.684931506849315,1.0,0.9208621795371422,0.872
11,tail20,73,50,23,20,19,class_equal,0.6875,1.0,0.9253125243090384,0.8771929824561404
11,non_tail80,1443,1015,428,80,78,token_equal,0.7033957033957033,0.9911330049261083,0.2790197624811924,0.3388505747126436
11,non_tail80,1443,1015,428,80,78,class_equal,0.6835451920722397,0.9853394890085175,0.33407729359313937,0.39572649572649576
12,all,1516,1084,432,100,98,token_equal,0.7150395778364116,0.9824723247232472,0.3117377294542199,0.3636223862238622
12,all,1516,1084,432,100,98,class_equal,0.6950724101331283,0.9754810670492732,0.45185895418334787,0.4908163265306122
12,tail20,73,51,22,20,19,token_equal,0.6986301369863014,1.0,0.9237450180056955,0.8712418300653596
12,tail20,73,51,22,20,19,class_equal,0.6975,1.0,0.9278592952909386,0.8771929824561404
12,non_tail80,1443,1033,410,80,79,token_equal,0.7158697158697158,0.9816069699903195,0.28152246157800953,0.33856082607292676
12,non_tail80,1443,1033,410,80,79,class_equal,0.6944655126664102,0.9695841084915034,0.33737785948658555,0.3978902953586498
13,all,1516,1129,387,100,99,token_equal,0.7447229551451188,0.9521700620017715,0.3082745910210262,0.365072335400059
13,all,1516,1129,387,100,99,class_equal,0.7236642127424332,0.9376840048884018,0.44710335797076617,0.49057239057239055
13,tail20,73,52,21,20,19,token_equal,0.7123287671232876,0.9807692307692307,0.9045750242641736,0.8717948717948717
13,tail20,73,52,21,20,19,class_equal,0.7141666666666666,0.9736842105263158,0.9010938647500881,0.8771929824561404
13,non_tail80,1443,1077,366,80,80,token_equal,0.7463617463617463,0.9507892293407614,0.2794838551541333,0.3406066233364283
13,non_tail80,1443,1077,366,80,80,class_equal,0.7260385992613749,0.9291339560493972,0.3392806126106772,0.39875
14,all,1516,1183,333,100,99,token_equal,0.7803430079155673,0.9315300084530854,0.3126102717506813,0.36776556776556774
14,all,1516,1183,333,100,99,class_equal,0.7643611784167882,0.9259782871281761,0.4509804733886124,0.49057239057239055
14,tail20,73,57,16,20,19,token_equal,0.7808219178082192,0.9824561403508771,0.9139199148000966,0.8713450292397662
14,tail20,73,57,16,20,19,class_equal,0.7766666666666666,0.9736842105263158,0.9048240960393557,0.8771929824561404
14,non_tail80,1443,1126,317,80,80,token_equal,0.7803187803187803,0.9289520426287744,0.2821709736567055,0.3422735346358792
14,non_tail80,1443,1126,317,80,80,class_equal,0.7612848063543185,0.9146481303211178,0.3431926130090609,0.39875
15,all,1516,1378,138,100,100,token_equal,0.9089709762532981,0.8766328011611031,0.32717389121022994,0.3749879051765844
15,all,1516,1378,138,100,100,class_equal,0.8975626427184039,0.8903588598588261,0.45515277450726865,0.4946666666666666
15,tail20,73,63,10,20,20,token_equal,0.863013698630137,0.9682539682539683,0.8867298183185688,0.8735449735449736
15,tail20,73,63,10,20,20,class_equal,0.8783333333333333,0.9583333333333334,0.8669104581719168,0.8783333333333333
15,non_tail80,1443,1315,128,80,80,token_equal,0.9112959112959113,0.8722433460076046,0.3003662688468646,0.3511026615969582
15,non_tail80,1443,1315,128,80,80,class_equal,0.9023699700646717,0.8733652414901995,0.3522133535911065,0.39875
16,all,1516,1398,118,100,100,token_equal,0.9221635883905013,0.8812589413447782,0.31585718073230706,0.37594182164997614
16,all,1516,1398,118,100,100,class_equal,0.9093098060301823,0.8983512977315979,0.447959319923404,0.4946666666666666
16,tail20,73,62,11,20,20,token_equal,0.8493150684931506,0.9838709677419355,0.9007417248483491,0.8741935483870968
16,tail20,73,62,11,20,20,class_equal,0.8683333333333334,0.975,0.8838084618081735,0.8783333333333333
16,non_tail80,1443,1336,107,80,80,token_equal,0.9258489258489259,0.8764970059880239,0.28871433512213146,0.3528193612774451
16,non_tail80,1443,1336,107,80,80,class_equal,0.9195539242043946,0.8791891221644974,0.3389970344522117,0.39875
17,all,1516,1435,81,100,100,token_equal,0.9465699208443272,0.8641114982578397,0.32052278537956824,0.37914053426248545
17,all,1516,1435,81,100,100,class_equal,0.9414084985634755,0.8779314752618496,0.4497866855639441,0.4946666666666666
17,tail20,73,67,6,20,20,token_equal,0.9178082191780822,0.9701492537313433,0.9096910894174295,0.8726368159203981
17,tail20,73,67,6,20,20,class_equal,0.9258333333333333,0.9583333333333333,0.8958371775181508,0.8783333333333333
17,non_tail80,1443,1368,75,80,80,token_equal,0.9480249480249481,0.8589181286549707,0.2916673201964274,0.35497076023391816
17,non_tail80,1443,1368,75,80,80,class_equal,0.9453022898710113,0.8578310107439784,0.33827406257539233,0.39875
18,all,1516,1417,99,100,100,token_equal,0.9346965699208444,0.8743824982357092,0.31759240189424226,0.3770171724300165
18,all,1516,1417,99,100,100,class_equal,0.9245518683687649,0.8878449088616474,0.4486638120875026,0.4946666666666666
18,tail20,73,64,9,20,20,token_equal,0.8767123287671232,0.96875,0.9082672560587226,0.8734375000000002
18,tail20,73,64,9,20,20,class_equal,0.8908333333333334,0.95,0.8884245284358784,0.8783333333333333
18,non_tail80,1443,1353,90,80,80,token_equal,0.9376299376299376,0.8699186991869918,0.2896521279352424,0.35353535353535354
18,non_tail80,1443,1353,90,80,80,class_equal,0.9329815021276229,0.8723061360770592,0.33872363300040875,0.39875
19,all,1516,1469,47,100,100,token_equal,0.9689973614775725,0.8801906058543226,0.3131628527049431,0.3805763557975947
19,all,1516,1469,47,100,100,class_equal,0.9659726862763476,0.9019968023178717,0.4466982866670564,0.4946666666666666
19,tail20,73,68,5,20,20,token_equal,0.9315068493150684,0.9852941176470589,0.92144262819165,0.8730392156862745
19,tail20,73,68,5,20,20,class_equal,0.9425000000000001,0.9833333333333332,0.9189592038121406,0.8783333333333333
19,non_tail80,1443,1401,42,80,80,token_equal,0.9708939708939709,0.875089221984297,0.2836389235592643,0.3566738044254104
19,non_tail80,1443,1401,42,80,80,class_equal,0.9718408578454344,0.8816626695640064,0.32863305738078535,0.39875
20,all,1516,1456,60,100,100,token_equal,0.9604221635883905,0.8791208791208791,0.31266055386899266,0.37779304029304034
20,all,1516,1456,60,100,100,class_equal,0.950363643704376,0.8975289641443195,0.4446786983889438,0.4946666666666666
20,tail20,73,65,8,20,20,token_equal,0.8904109589041096,0.9846153846153847,0.9078992191626991,0.8738461538461539
20,tail20,73,65,8,20,20,class_equal,0.9075,0.9833333333333332,0.8978343372938149,0.8783333333333333
20,non_tail80,1443,1391,52,80,80,token_equal,0.963963963963964,0.8741912293314162,0.2848456629674176,0.35461298825784804
20,non_tail80,1443,1391,52,80,80,class_equal,0.9610795546304699,0.8760778718470661,0.33138978866272606,0.39875
21,all,1516,1471,45,100,100,token_equal,0.9703166226912929,0.8837525492861998,0.3259765513257319,0.3792884658962158
21,all,1516,1471,45,100,100,class_equal,0.9648372995914961,0.8981013898303877,0.45431878870458015,0.4946666666666666
21,tail20,73,68,5,20,20,token_equal,0.9315068493150684,0.9705882352941176,0.901430656088671,0.8730392156862745
21,tail20,73,68,5,20,20,class_equal,0.9425000000000001,0.9666666666666666,0.8979574998432529,0.8783333333333333
21,non_tail80,1443,1403,40,80,80,token_equal,0.9722799722799723,0.879543834640057,0.2980856895125602,0.35535756711808025
21,non_tail80,1443,1403,40,80,80,class_equal,0.9704216244893701,0.8809600706213179,0.34340911091991194,0.39875
22,all,1516,1491,25,100,100,token_equal,0.9835092348284961,0.8913480885311871,0.3172506947259864,0.3795215738877711
22,all,1516,1491,25,100,100,class_equal,0.9768413526744862,0.9122282476616875,0.4467830883291208,0.4946666666666666
22,tail20,73,68,5,20,20,token_equal,0.9315068493150684,1.0,0.907314470848693,0.8730392156862745
22,tail20,73,68,5,20,20,class_equal,0.9425000000000001,1.0,0.9076232722082365,0.8783333333333333
22,non_tail80,1443,1423,20,80,80,token_equal,0.9861399861399861,0.8861560084328882,0.2890536906667144,0.35593815881939567
22,non_tail80,1443,1423,20,80,80,class_equal,0.9854266908431079,0.8902853095771095,0.3315730423593419,0.39874999999999994
23,all,1516,1487,29,100,100,token_equal,0.9808707124010554,0.8897108271687962,0.31073893050675666,0.3796009863259359
23,all,1516,1487,29,100,100,class_equal,0.9767504535215165,0.91382633656931,0.44565718499681867,0.4946666666666666
23,tail20,73,70,3,20,20,token_equal,0.958904109589041,1.0,0.9198340780761342,0.8723809523809525
23,tail20,73,70,3,20,20,class_equal,0.9650000000000001,1.0,0.9178482189326382,0.8783333333333333
23,non_tail80,1443,1417,26,80,80,token_equal,0.9819819819819819,0.8842625264643613,0.2806495442471544,0.35525758645024696
23,non_tail80,1443,1417,26,80,80,class_equal,0.9796880669018954,0.8922829207116376,0.32760942651286384,0.39875
24,all,1516,1496,20,100,100,token_equal,0.9868073878627969,0.8957219251336899,0.31429405235832775,0.3799242424242425
24,all,1516,1496,20,100,100,class_equal,0.9833223113293582,0.9162223298780607,0.4458494973734487,0.4946666666666666
24,tail20,73,70,3,20,20,token_equal,0.958904109589041,1.0,0.910345519361695,0.872857142857143
24,tail20,73,70,3,20,20,class_equal,0.9675,1.0,0.9101895472659841,0.8783333333333333
24,non_tail80,1443,1426,17,80,80,token_equal,0.9882189882189882,0.8906030855539971,0.2850348639360026,0.35572697522206637
24,non_tail80,1443,1426,17,80,80,class_equal,0.9872778891616975,0.8952779123475759,0.32976448490031496,0.39874999999999994
25,all,1516,1495,21,100,100,token_equal,0.9861477572559367,0.905685618729097,0.319234159958988,0.3794871794871795
25,all,1516,1495,21,100,100,class_equal,0.9816485634375794,0.9259629637001996,0.4488285287689369,0.4946666666666666
25,tail20,73,70,3,20,20,token_equal,0.958904109589041,1.0,0.8972859867977889,0.872857142857143
25,tail20,73,70,3,20,20,class_equal,0.9675,1.0,0.8979718622244602,0.8783333333333333
25,non_tail80,1443,1425,18,80,80,token_equal,0.9875259875259875,0.9010526315789473,0.29083863162304685,0.35525146198830404
25,non_tail80,1443,1425,18,80,80,class_equal,0.9851857042969744,0.9074537046252494,0.33654269540505605,0.39875
26,all,1516,1506,10,100,100,token_equal,0.9934036939313984,0.9296148738379814,0.31454497398369735,0.3797476759628154
26,all,1516,1506,10,100,100,class_equal,0.9897556935817806,0.9460724459374749,0.4421584257608828,0.4946666666666666
26,tail20,73,71,2,20,20,token_equal,0.9726027397260274,0.9859154929577465,0.8811300217873997,0.8723004694835681
26,tail20,73,71,2,20,20,class_equal,0.9775,0.99,0.8866953155350826,0.8783333333333333
26,non_tail80,1443,1435,8,80,80,token_equal,0.9944559944559944,0.926829268292683,0.28651184618295666,0.3553774680603949
26,non_tail80,1443,1435,8,80,80,class_equal,0.9928196169772256,0.9350905574218438,0.3310242033173329,0.39874999999999994
27,all,1516,1506,10,100,100,token_equal,0.9934036939313984,0.9243027888446215,0.3135523860880886,0.3796812749003984
27,all,1516,1506,10,100,100,class_equal,0.9885414862914863,0.9408080094772988,0.44344961888196827,0.4946666666666666
27,tail20,73,70,3,20,20,token_equal,0.958904109589041,1.0,0.8975419336355751,0.8723809523809524
27,tail20,73,70,3,20,20,class_equal,0.9650000000000001,1.0,0.8975559857351515,0.8783333333333333
27,non_tail80,1443,1436,7,80,80,token_equal,0.9951489951489951,0.9206128133704735,0.2850849290349382,0.35566388115134634
27,non_tail80,1443,1436,7,80,80,class_equal,0.9944268578643578,0.9260100118466236,0.32992302716867244,0.39874999999999994
28,all,1516,1508,8,100,100,token_equal,0.9947229551451188,0.9436339522546419,0.3146697760061742,0.38026083112290004
28,all,1516,1508,8,100,100,class_equal,0.9920349333478623,0.9578789546140334,0.4425150801625674,0.4946666666666666
28,tail20,73,71,2,20,20,token_equal,0.9726027397260274,1.0,0.8835138190555962,0.8723004694835681
28,tail20,73,71,2,20,20,class_equal,0.9775,1.0,0.8889755695803302,0.8783333333333333
28,non_tail80,1443,1437,6,80,80,token_equal,0.9958419958419958,0.940848990953375,0.2865640508450685,0.3559498956158664
28,non_tail80,1443,1437,6,80,80,class_equal,0.9956686666848281,0.9473486932675417,0.3308999578081267,0.39874999999999994
29,all,1516,1508,8,100,100,token_equal,0.9947229551451188,0.9290450928381963,0.3097924127802972,0.3799292661361627
29,all,1516,1508,8,100,100,class_equal,0.990061249137336,0.9451033575842703,0.4396792188851659,0.4946666666666666
29,tail20,73,70,3,20,20,token_equal,0.958904109589041,1.0,0.8887002221698156,0.8723809523809524
29,tail20,73,70,3,20,20,class_equal,0.9650000000000001,1.0,0.8907792389133666,0.8783333333333333
29,non_tail80,1443,1438,5,80,80,token_equal,0.9965349965349966,0.9255910987482615,0.2816119213635612,0.3559573481687529
29,non_tail80,1443,1438,5,80,80,class_equal,0.9963265614216702,0.9313791969803379,0.3269042138781157,0.39874999999999994
30,all,1516,1509,7,100,100,token_equal,0.9953825857519789,0.9396951623591783,0.3121532761188182,0.3798321184007069
30,all,1516,1509,7,100,100,class_equal,0.9904960317460317,0.955539669757014,0.43859973685503173,0.4946666666666666
30,tail20,73,70,3,20,20,token_equal,0.958904109589041,1.0,0.8746210821524583,0.8723809523809525
30,tail20,73,70,3,20,20,class_equal,0.9650000000000001,1.0,0.8785119222033384,0.8783333333333333
30,non_tail80,1443,1439,4,80,80,token_equal,0.9972279972279973,0.936761640027797,0.2847920902797947,0.3558721334259903
30,non_tail80,1443,1439,4,80,80,class_equal,0.9968700396825397,0.9444245871962675,0.328621690517955,0.39874999999999994
31,all,1516,1508,8,100,100,token_equal,0.9947229551451188,0.9542440318302388,0.3131387997590264,0.37948717948717947
31,all,1516,1508,8,100,100,class_equal,0.9893979266347688,0.9638532348663188,0.4403855640243492,0.4946666666666666
31,tail20,73,70,3,20,20,token_equal,0.958904109589041,1.0,0.8821126760996173,0.8723809523809525
31,tail20,73,70,3,20,20,class_equal,0.9650000000000001,1.0,0.888008108681612,0.8783333333333333
31,non_tail80,1443,1438,5,80,80,token_equal,0.9965349965349966,0.9520166898470097,0.2854418794920992,0.3554937413073713
31,non_tail80,1443,1438,5,80,80,class_equal,0.9954974082934609,0.9548165435828985,0.3284799278600336,0.39874999999999994
32,all,1516,1509,7,100,100,token_equal,0.9953825857519789,0.9542743538767395,0.3082637869619317,0.3798542080848244
32,all,1516,1509,7,100,100,class_equal,0.991779239766082,0.966195490009136,0.438727749716235,0.4946666666666666
32,tail20,73,71,2,20,20,token_equal,0.9726027397260274,1.0,0.8883462377771367,0.8723004694835681
32,tail20,73,71,2,20,20,class_equal,0.9775,1.0,0.8937223914103469,0.8783333333333333
32,non_tail80,1443,1438,5,80,80,token_equal,0.9965349965349966,0.9520166898470097,0.27962272019706413,0.3555401019935095
32,non_tail80,1443,1438,5,80,80,class_equal,0.9953490497076025,0.9577443625114199,0.324979089292707,0.39874999999999994
33,all,1516,1510,6,100,100,token_equal,0.996042216358839,0.9556291390728476,0.3120482059777328,0.3800441501103753
33,all,1516,1510,6,100,100,class_equal,0.9928863826232248,0.9666865305982213,0.4407499027165216,0.4946666666666666
33,tail20,73,71,2,20,20,token_equal,0.9726027397260274,1.0,0.8902429103808562,0.8723004694835681
33,tail20,73,71,2,20,20,class_equal,0.9775,1.0,0.8941488327622824,0.8783333333333333
33,non_tail80,1443,1439,4,80,80,token_equal,0.9972279972279973,0.9534398888116747,0.28352018373129656,0.35575631225388
33,non_tail80,1443,1439,4,80,80,class_equal,0.9967329782790311,0.9583581632477767,0.32740017020508144,0.39874999999999994
34,all,1516,1509,7,100,100,token_equal,0.9953825857519789,0.9602385685884692,0.3117210638158304,0.37939032471835654
34,all,1516,1509,7,100,100,class_equal,0.9896666666666667,0.9708971357172663,0.4400094796676362,0.4946666666666666
34,tail20,73,70,3,20,20,token_equal,0.958904109589041,1.0,0.8810368939531098,0.8723809523809525
34,tail20,73,70,3,20,20,class_equal,0.9650000000000001,1.0,0.8852788417833691,0.8783333333333333
34,non_tail80,1443,1439,4,80,80,token_equal,0.9972279972279973,0.9583043780403058,0.28402675658191134,0.3554088487375492
34,non_tail80,1443,1439,4,80,80,class_equal,0.9958333333333332,0.9636214196465829,0.3286921391387029,0.39874999999999994
35,all,1516,1510,6,100,100,token_equal,0.996042216358839,0.9536423841059603,0.3176889751129397,0.3799116997792495
35,all,1516,1510,6,100,100,class_equal,0.9914682539682539,0.9649466544584225,0.4424655061672446,0.4946666666666666
35,tail20,73,70,3,20,20,token_equal,0.958904109589041,1.0,0.8661041613343249,0.8723809523809525
35,tail20,73,70,3,20,20,class_equal,0.9650000000000001,1.0,0.871677134245114,0.8783333333333333
35,non_tail80,1443,1440,3,80,80,token_equal,0.997920997920998,0.9513888888888888,0.2910299035605113,0.35597222222222225
35,non_tail80,1443,1440,3,80,80,class_equal,0.9980853174603175,0.9561833180730283,0.33516259914777724,0.39874999999999994
36,all,1516,1510,6,100,100,token_equal,0.996042216358839,0.9582781456953643,0.31399846749522964,0.38026490066225166
36,all,1516,1510,6,100,100,class_equal,0.9929722222222221,0.9692698768773341,0.4405263784600067,0.4946666666666666
36,tail20,73,71,2,20,20,token_equal,0.9726027397260274,1.0,0.8741008604574483,0.8718309859154929
36,tail20,73,71,2,20,20,class_equal,0.975,1.0,0.8765288695188916,0.8783333333333333
36,non_tail80,1443,1439,4,80,80,token_equal,0.9972279972279973,0.9562195969423211,0.28636311662635017,0.35601111883252257
36,non_tail80,1443,1439,4,80,80,class_equal,0.9974652777777777,0.9615873460966677,0.33152575569528553,0.39874999999999994
37,all,1516,1511,5,100,100,token_equal,0.9967018469656992,0.9576439444076771,0.3141445149230756,0.37970439002867856
37,all,1516,1511,5,100,100,class_equal,0.9915909090909091,0.9684139847780782,0.4403568059187766,0.4946666666666666
37,tail20,73,70,3,20,20,token_equal,0.958904109589041,0.9857142857142858,0.8660209682056831,0.8723809523809525
37,tail20,73,70,3,20,20,class_equal,0.9650000000000001,0.99,0.873978492632625,0.8783333333333333
37,non_tail80,1443,1441,2,80,80,token_equal,0.9986139986139986,0.9562803608605135,0.28733580449296975,0.3557714550080962
37,non_tail80,1443,1441,2,80,80,class_equal,0.9982386363636364,0.9630174809725979,0.3319513842403145,0.39874999999999994
38,all,1516,1510,6,100,100,token_equal,0.996042216358839,0.9609271523178808,0.31859597582709537,0.38033112582781453
38,all,1516,1510,6,100,100,class_equal,0.9930515873015873,0.9723430063669599,0.4433043716415483,0.4946666666666666
38,tail20,73,71,2,20,20,token_equal,0.9726027397260274,1.0,0.8639890994073317,0.8718309859154929
38,tail20,73,71,2,20,20,class_equal,0.975,1.0,0.8688138864811913,0.8783333333333333
38,non_tail80,1443,1439,4,80,80,token_equal,0.9972279972279973,0.9589993050729674,0.291686377651837,0.35608061153578874
38,non_tail80,1443,1439,4,80,80,class_equal,0.9975644841269841,0.9654287579586999,0.33692699293163764,0.39874999999999994
39,all,1516,1509,7,100,100,token_equal,0.9953825857519789,0.9602385685884692,0.3167174709491068,0.3800309255577645
39,all,1516,1509,7,100,100,class_equal,0.9910515873015874,0.9689100145174717,0.43981313228129,0.4946666666666666
39,tail20,73,70,3,20,20,token_equal,0.958904109589041,0.9857142857142858,0.8467224205936346,0.8723809523809525
39,tail20,73,70,3,20,20,class_equal,0.9650000000000001,0.99,0.8565480443647328,0.8783333333333333
39,non_tail80,1443,1439,4,80,80,token_equal,0.9972279972279973,0.9589993050729674,0.2909354372624376,0.35608061153578874
39,non_tail80,1443,1439,4,80,80,class_equal,0.9975644841269841,0.9636375181468398,0.33562940426042936,0.39874999999999994
40,all,1516,1512,4,100,100,token_equal,0.9973614775725593,0.9656084656084656,0.31168659530217496,0.3798280423280423
40,all,1516,1512,4,100,100,class_equal,0.9924444444444444,0.9753626571433881,0.4378827298379364,0.4946666666666666
40,tail20,73,70,3,20,20,token_equal,0.958904109589041,1.0,0.8650194974455321,0.8723809523809525
40,tail20,73,70,3,20,20,class_equal,0.9650000000000001,1.0,0.8720639840899016,0.8783333333333333
40,non_tail80,1443,1442,1,80,80,token_equal,0.9993069993069993,0.9639389736477115,0.284825774809779,0.3559177068885807
40,non_tail80,1443,1442,1,80,80,class_equal,0.9993055555555556,0.9692033214292352,0.32933741627494506,0.39874999999999994
41,all,1516,1510,6,100,100,token_equal,0.996042216358839,0.9576158940397351,0.3086798417061259,0.37984547461368656
41,all,1516,1510,6,100,100,class_equal,0.9921752136752136,0.9699217762320737,0.4361213459966329,0.4946666666666666
41,tail20,73,71,2,20,20,token_equal,0.9726027397260274,1.0,0.8675045767442842,0.8718309859154929
41,tail20,73,71,2,20,20,class_equal,0.975,1.0,0.8698715701258944,0.8783333333333333
41,non_tail80,1443,1439,4,80,80,token_equal,0.9972279972279973,0.9555246699096595,0.28110753024837104,0.3555709983785036
41,non_tail80,1443,1439,4,80,80,class_equal,0.9964690170940169,0.9624022202900921,0.32768378996431735,0.39874999999999994
42,all,1516,1512,4,100,100,token_equal,0.9973614775725593,0.9682539682539683,0.31599637062581715,0.38033509700176366
42,all,1516,1512,4,100,100,class_equal,0.995968253968254,0.9737391907210861,0.440146909696946,0.4946666666666666
42,tail20,73,72,1,20,20,token_equal,0.9863013698630136,0.9722222222222222,0.8515741275434462,0.8722222222222223
42,tail20,73,72,1,20,20,class_equal,0.99,0.9775,0.8596118253231377,0.8783333333333333
42,non_tail80,1443,1440,3,80,80,token_equal,0.997920997920998,0.9680555555555556,0.2892174827799357,0.35574074074074075
42,non_tail80,1443,1440,3,80,80,class_equal,0.9974603174603175,0.9727989884013575,0.33528068079039797,0.39874999999999994
43,all,1516,1509,7,100,100,token_equal,0.9953825857519789,0.9662027833001988,0.3159274728204111,0.37967749061188427
43,all,1516,1509,7,100,100,class_equal,0.9904126984126984,0.973054305415996,0.43964081204521316,0.4946666666666666
43,tail20,73,70,3,20,20,token_equal,0.958904109589041,0.9857142857142858,0.8475795515453741,0.8723809523809525
43,tail20,73,70,3,20,20,class_equal,0.9650000000000001,0.9875,0.8533783786011842,0.8783333333333333
43,non_tail80,1443,1439,4,80,80,token_equal,0.9972279972279973,0.9652536483669215,0.2900653147170425,0.35570998378503593
43,non_tail80,1443,1439,4,80,80,class_equal,0.9967658730158728,0.969442881769995,0.3362064204062204,0.39874999999999994
44,all,1516,1511,5,100,100,token_equal,0.9967018469656992,0.9669093315684977,0.308888055626645,0.3796161482461945
44,all,1516,1511,5,100,100,class_equal,0.990611111111111,0.9750486005922605,0.4367256829180918,0.4946666666666666
44,tail20,73,70,3,20,20,token_equal,0.958904109589041,0.9857142857142858,0.8669167783269178,0.871904761904762
44,tail20,73,70,3,20,20,class_equal,0.9608333333333334,0.9875,0.8722404626354525,0.8783333333333333
44,non_tail80,1443,1441,2,80,80,token_equal,0.9986139986139986,0.9659958362248439,0.28178048408672896,0.3557020587554938
44,non_tail80,1443,1441,2,80,80,class_equal,0.9980555555555555,0.9719357507403256,0.32784698798875167,0.39874999999999994
45,all,1516,1508,8,100,100,token_equal,0.9947229551451188,0.9741379310344828,0.3135803565350027,0.3795755968169761
45,all,1516,1508,8,100,100,class_equal,0.9883696581196582,0.9789261451278614,0.43861118394425985,0.4946666666666666
45,tail20,73,70,3,20,20,token_equal,0.958904109589041,0.9714285714285714,0.844301869489864,0.8714285714285714
45,tail20,73,70,3,20,20,class_equal,0.9583333333333333,0.9775,0.853090400878234,0.8783333333333333
45,non_tail80,1443,1438,5,80,80,token_equal,0.9965349965349966,0.9742698191933241,0.2877455123716924,0.35563282336578583
45,non_tail80,1443,1438,5,80,80,class_equal,0.9958787393162393,0.9792826814098265,0.3349913797107664,0.39874999999999994
46,all,1516,1513,3,100,100,token_equal,0.9980211081794196,0.969596827495043,0.3163142511937167,0.38025996915620175
46,all,1516,1513,3,100,100,class_equal,0.9959444444444443,0.9755305262539816,0.4395844699148649,0.4946666666666666
46,tail20,73,72,1,20,20,token_equal,0.9863013698630136,0.9722222222222222,0.850893113749852,0.8717592592592595
46,tail20,73,72,1,20,20,class_equal,0.9875,0.9775,0.8554668466459093,0.8783333333333333
46,non_tail80,1443,1441,2,80,80,token_equal,0.9986139986139986,0.9694656488549618,0.2896038569508008,0.3557020587554938
46,non_tail80,1443,1441,2,80,80,class_equal,0.9980555555555555,0.9750381578174772,0.3356138757321038,0.39874999999999994
47,all,1516,1509,7,100,100,token_equal,0.9953825857519789,0.9715043074884029,0.32195103678759257,0.3798321184007069
47,all,1516,1509,7,100,100,class_equal,0.9920933423301844,0.9781363286409726,0.44471507675910055,0.4946666666666666
47,tail20,73,71,2,20,20,token_equal,0.9726027397260274,0.9859154929577465,0.8419266697161035,0.8723004694835681
47,tail20,73,71,2,20,20,class_equal,0.9775,0.9875,0.8481745400377954,0.8783333333333333
47,non_tail80,1443,1438,5,80,80,token_equal,0.9965349965349966,0.9707927677329624,0.29627769190725584,0.3555169216504404
47,non_tail80,1443,1438,5,80,80,class_equal,0.9957416779127305,0.9757954108012157,0.3438502109394269,0.39874999999999994
48,all,1516,1510,6,100,100,token_equal,0.996042216358839,0.9695364238410596,0.3060388183558508,0.37962472406181014
48,all,1516,1510,6,100,100,class_equal,0.9908888888888889,0.9763669088772063,0.4326146319023492,0.4946666666666666
48,tail20,73,70,3,20,20,token_equal,0.958904109589041,0.9857142857142858,0.8565367736311315,0.8723809523809525
48,tail20,73,70,3,20,20,class_equal,0.9650000000000001,0.9875,0.8602610532145094,0.8783333333333333
48,non_tail80,1443,1440,3,80,80,token_equal,0.997920997920998,0.96875,0.2792785010855246,0.3556712962962963
48,non_tail80,1443,1440,3,80,80,class_equal,0.9973611111111111,0.9735836360965079,0.32570302657430916,0.39874999999999994
49,all,1516,1511,5,100,100,token_equal,0.9967018469656992,0.9728656518861681,0.3066455503074119,0.3802117802779616
49,all,1516,1511,5,100,100,class_equal,0.9939999999999999,0.9771920108283954,0.4334333015865107,0.4946666666666666
49,tail20,73,72,1,20,20,token_equal,0.9863013698630136,0.9722222222222222,0.8600507486378812,0.8712962962962965
49,tail20,73,72,1,20,20,class_equal,0.9833333333333332,0.9775,0.8645076335685082,0.8783333333333333
49,non_tail80,1443,1439,4,80,80,token_equal,0.9972279972279973,0.9728978457261988,0.27895606157927166,0.35564049108176976
49,non_tail80,1443,1439,4,80,80,class_equal,0.9966666666666665,0.977115013535494,0.32566471859101126,0.39874999999999994
50,all,1516,1512,4,100,100,token_equal,0.9973614775725593,0.9708994708994709,0.3044580327068967,0.3801146384479718
50,all,1516,1512,4,100,100,class_equal,0.9943418803418802,0.9782696578952873,0.4334302543602664,0.4946666666666666
50,tail20,73,72,1,20,20,token_equal,0.9863013698630136,0.9861111111111112,0.8675537465862182,0.8712962962962965
50,tail20,73,72,1,20,20,class_equal,0.9833333333333332,0.9875,0.8707431680057874,0.8783333333333333
50,non_tail80,1443,1440,3,80,80,token_equal,0.997920997920998,0.9701388888888889,0.27630324701293063,0.35555555555555557
50,non_tail80,1443,1440,3,80,80,class_equal,0.9970940170940171,0.9759620723691091,0.32410202594888604,0.39874999999999994
51,all,1516,1512,4,100,100,token_equal,0.9973614775725593,0.9695767195767195,0.3094808262205926,0.3802248677248677
51,all,1516,1512,4,100,100,class_equal,0.9945555555555555,0.9737674527777503,0.4324303490023491,0.4946666666666666
51,tail20,73,72,1,20,20,token_equal,0.9863013698630136,0.9583333333333334,0.8360981498023264,0.8712962962962965
51,tail20,73,72,1,20,20,class_equal,0.9833333333333332,0.9650000000000001,0.8407546921280915,0.8783333333333333
51,non_tail80,1443,1440,3,80,80,token_equal,0.997920997920998,0.9701388888888889,0.2831499600415059,0.3556712962962963
51,non_tail80,1443,1440,3,80,80,class_equal,0.9973611111111111,0.9759593159721878,0.3303492632209135,0.39874999999999994
52,all,1516,1511,5,100,100,token_equal,0.9967018469656992,0.9662475181998676,0.3142527690775045,0.3805426869622766
52,all,1516,1511,5,100,100,class_equal,0.9946125730994152,0.9735504316663928,0.4377813518697264,0.4946666666666666
52,tail20,73,72,1,20,20,token_equal,0.9863013698630136,0.9722222222222222,0.8383957322826192,0.8712962962962965
52,tail20,73,72,1,20,20,class_equal,0.9833333333333332,0.9775,0.8425118074369262,0.8783333333333333
52,non_tail80,1443,1439,4,80,80,token_equal,0.9972279972279973,0.965948575399583,0.28802740886154327,0.3559879545981005
52,non_tail80,1443,1439,4,80,80,class_equal,0.9974323830409357,0.972563039582991,0.33659873797792644,0.39874999999999994
53,all,1516,1511,5,100,100,token_equal,0.9967018469656992,0.9682329583057577,0.3189818454056069,0.3803220825060666
53,all,1516,1511,5,100,100,class_equal,0.9941207729468599,0.9750238685841661,0.44094842816465685,0.4946666666666666
53,tail20,73,72,1,20,20,token_equal,0.9863013698630136,0.9722222222222222,0.8328688349638188,0.8712962962962965
53,tail20,73,72,1,20,20,class_equal,0.9833333333333332,0.9775,0.8387104369088962,0.8783333333333333
53,non_tail80,1443,1439,4,80,80,token_equal,0.9972279972279973,0.9680333564975677,0.29326964022965746,0.35575631225388005
53,non_tail80,1443,1439,4,80,80,class_equal,0.9968176328502416,0.9744048357302078,0.34150792597859697,0.39874999999999994
54,all,1516,1513,3,100,100,token_equal,0.9980211081794196,0.9715796430931923,0.30494752516422935,0.3803260630094734
54,all,1516,1513,3,100,100,class_equal,0.9961752136752137,0.978737057791473,0.43027695339379934,0.4946666666666666
54,tail20,73,72,1,20,20,token_equal,0.9863013698630136,0.9861111111111112,0.8512302592405393,0.8717592592592595
54,tail20,73,72,1,20,20,class_equal,0.9875,0.9875,0.8510478988806623,0.8783333333333333
54,non_tail80,1443,1441,2,80,80,token_equal,0.9986139986139986,0.970853573907009,0.277652343447717,0.3557714550080962
54,non_tail80,1443,1441,2,80,80,class_equal,0.998344017094017,0.9765463222393412,0.3250842170220836,0.39874999999999994
55,all,1516,1513,3,100,100,token_equal,0.9980211081794196,0.9689358889623265,0.30846752152020485,0.38012778144965853
55,all,1516,1513,3,100,100,class_equal,0.9944444444444445,0.9777852470205446,0.43275061881998034,0.4946666666666666
55,tail20,73,71,2,20,20,token_equal,0.9726027397260274,0.9859154929577465,0.8408447889442172,0.8718309859154929
55,tail20,73,71,2,20,20,class_equal,0.975,0.99,0.8435136562989729,0.8783333333333333
55,non_tail80,1443,1442,1,80,80,token_equal,0.9993069993069993,0.9680998613037448,0.2822547711824067,0.3559177068885807
55,non_tail80,1443,1442,1,80,80,class_equal,0.9993055555555556,0.9747315587756805,0.33005985945023225,0.39874999999999994
56,all,1516,1511,5,100,100,token_equal,0.9967018469656992,0.9649238914626076,0.3207676742897185,0.38027796161482463
56,all,1516,1511,5,100,100,class_equal,0.9953625730994152,0.9760394873984792,0.44226140947386894,0.4946666666666666
56,tail20,73,72,1,20,20,token_equal,0.9863013698630136,1.0,0.8373383973980844,0.8722222222222223
56,tail20,73,72,1,20,20,class_equal,0.99,1.0,0.8394996307882255,0.8783333333333333
56,non_tail80,1443,1439,4,80,80,token_equal,0.9972279972279973,0.9631688672689368,0.29492118918631166,0.3556636553161918
56,non_tail80,1443,1439,4,80,80,class_equal,0.9967032163742691,0.970049359248099,0.34295185414527984,0.39874999999999994
57,all,1516,1510,6,100,100,token_equal,0.996042216358839,0.9655629139072848,0.3126612941377745,0.38024282560706407
57,all,1516,1510,6,100,100,class_equal,0.9942029914529914,0.9720910828726719,0.43662160866285554,0.4946666666666666
57,tail20,73,72,1,20,20,token_equal,0.9863013698630136,0.9722222222222222,0.8463158367856471,0.8717592592592595
57,tail20,73,72,1,20,20,class_equal,0.9875,0.9775,0.8520107959608175,0.8783333333333333
57,non_tail80,1443,1438,5,80,80,token_equal,0.9965349965349966,0.9652294853963839,0.285941456119244,0.35563282336578583
57,non_tail80,1443,1438,5,80,80,class_equal,0.9958787393162393,0.97073885359084,0.3327743118383651,0.39874999999999994
58,all,1516,1510,6,100,100,token_equal,0.996042216358839,0.9668874172185431,0.31389900178503516,0.3805077262693156
58,all,1516,1510,6,100,100,class_equal,0.9946464646464647,0.973887078839882,0.43553463968323464,0.4946666666666666
58,tail20,73,72,1,20,20,token_equal,0.9863013698630136,0.9722222222222222,0.8319583956215681,0.8717592592592595
58,tail20,73,72,1,20,20,class_equal,0.9875,0.9775,0.8357232938114587,0.8783333333333333
58,non_tail80,1443,1438,5,80,80,token_equal,0.9965349965349966,0.9666203059805285,0.2879600057097707,0.3559109874826148
58,non_tail80,1443,1438,5,80,80,class_equal,0.9964330808080808,0.9729838485498525,0.33548747615117874,0.39874999999999994
59,all,1516,1512,4,100,100,token_equal,0.9973614775725593,0.9623015873015873,0.30500265734194476,0.3802689594356261
59,all,1516,1512,4,100,100,class_equal,0.9954797979797979,0.9718551947819111,0.4306371040451056,0.4946666666666666
59,tail20,73,72,1,20,20,token_equal,0.9863013698630136,0.9861111111111112,0.8541298905922345,0.8717592592592595
59,tail20,73,72,1,20,20,class_equal,0.9875,0.9875,0.8543787205851305,0.8783333333333333
59,non_tail80,1443,1440,3,80,80,token_equal,0.997920997920998,0.9611111111111111,0.27754629567943023,0.3556944444444445
59,non_tail80,1443,1440,3,80,80,class_equal,0.9974747474747474,0.9679439934773889,0.3247016999100995,0.39874999999999994
60,all,1516,1509,7,100,100,token_equal,0.9953825857519789,0.9662027833001988,0.3077079271870009,0.38000883587364703
60,all,1516,1509,7,100,100,class_equal,0.991876461988304,0.9736471202477496,0.4323863111763592,0.4946666666666666
60,tail20,73,71,2,20,20,token_equal,0.9726027397260274,0.971830985915493,0.834475189951361,0.8718309859154929
60,tail20,73,71,2,20,20,class_equal,0.975,0.9775,0.839300244834235,0.8783333333333333
60,non_tail80,1443,1438,5,80,80,token_equal,0.9965349965349966,0.9659248956884562,0.28169925148723074,0.35572554473806217
60,non_tail80,1443,1438,5,80,80,class_equal,0.9960955774853801,0.972683900309687,0.3306578277618903,0.39874999999999994
61,all,1516,1511,5,100,100,token_equal,0.9967018469656992,0.9642620780939775,0.3087762624209733,0.38010147804985656
61,all,1516,1511,5,100,100,class_equal,0.9945707070707069,0.9708473635589769,0.4330049974992435,0.4946666666666666
61,tail20,73,72,1,20,20,token_equal,0.9863013698630136,0.9722222222222222,0.8440794191041312,0.8717592592592595
61,tail20,73,72,1,20,20,class_equal,0.9875,0.9775,0.8457041461908619,0.8783333333333333
61,non_tail80,1443,1439,4,80,80,token_equal,0.9972279972279973,0.9638637943015983,0.28199250475510296,0.3555015056752374
61,non_tail80,1443,1439,4,80,80,class_equal,0.9963383838383837,0.9691842044487211,0.3298302103263388,0.39874999999999994
62,all,1516,1508,8,100,100,token_equal,0.9947229551451188,0.9655172413793104,0.3226680087168816,0.3803492484526967
62,all,1516,1508,8,100,100,class_equal,0.993620148856991,0.9737695316083187,0.443413362294705,0.4946666666666666
62,tail20,73,72,1,20,20,token_equal,0.9863013698630136,0.9861111111111112,0.8327740963163242,0.8722222222222223
62,tail20,73,72,1,20,20,class_equal,0.99,0.9875,0.8344305386521507,0.8783333333333333
62,non_tail80,1443,1436,7,80,80,token_equal,0.9951489951489951,0.9644846796657381,0.29709165892080924,0.35568709377901575
62,non_tail80,1443,1436,7,80,80,class_equal,0.9945251860712385,0.9703369145103984,0.3456590682053436,0.39874999999999994
63,all,1516,1510,6,100,100,token_equal,0.996042216358839,0.9642384105960264,0.31895948373773236,0.3808167770419426
63,all,1516,1510,6,100,100,class_equal,0.9965292397660818,0.9687233773812821,0.43732440920105703,0.4946666666666666
63,tail20,73,73,0,20,20,token_equal,1.0,0.958904109589041,0.818083828326194,0.8716894977168951
63,tail20,73,73,0,20,20,class_equal,1.0,0.9608333333333334,0.8209979649994168,0.8783333333333333
63,non_tail80,1443,1437,6,80,80,token_equal,0.9958419958419958,0.964509394572025,0.2936038280975391,0.35588030619345856
63,non_tail80,1443,1437,6,80,80,class_equal,0.9956615497076022,0.9706958883932693,0.34140602025146716,0.39874999999999994
64,all,1516,1508,8,100,100,token_equal,0.9947229551451188,0.9701591511936339,0.31943821734965694,0.37984084880636604
64,all,1516,1508,8,100,100,class_equal,0.9914381313131312,0.9781227356104358,0.4387971265672761,0.4946666666666666
64,tail20,73,71,2,20,20,token_equal,0.9726027397260274,0.9859154929577465,0.8270212087790159,0.8723004694835681
64,tail20,73,71,2,20,20,class_equal,0.9775,0.9875,0.827762539556334,0.8783333333333333
64,non_tail80,1443,1437,6,80,80,token_equal,0.9958419958419958,0.9693806541405706,0.2943593082393685,0.3555091626072837
64,non_tail80,1443,1437,6,80,80,class_equal,0.9949226641414143,0.9757784195130448,0.3415557733200118,0.39874999999999994
65,all,1516,1513,3,100,100,token_equal,0.9980211081794196,0.9636483807005949,0.3202067616000839,0.3808988764044943
65,all,1516,1513,3,100,100,class_equal,0.998501461988304,0.9732042894430767,0.4392330057216206,0.4946666666666666
65,tail20,73,73,0,20,20,token_equal,1.0,0.9863013698630136,0.8232440252418461,0.8716894977168951
65,tail20,73,73,0,20,20,class_equal,1.0,0.9875,0.8244819443994398,0.8783333333333333
65,non_tail80,1443,1440,3,80,80,token_equal,0.997920997920998,0.9625,0.29470556698491124,0.3560185185185185
65,non_tail80,1443,1440,3,80,80,class_equal,0.9981268274853801,0.9696303618038458,0.34292077105216573,0.39874999999999994
66,all,1516,1510,6,100,100,token_equal,0.996042216358839,0.9668874172185431,0.3237216570081901,0.38052980132450326
66,all,1516,1510,6,100,100,class_equal,0.9946757044125465,0.9723530593929336,0.44206063403494866,0.4946666666666666
66,tail20,73,72,1,20,20,token_equal,0.9863013698630136,0.9722222222222222,0.8204118529445318,0.8717592592592595
66,tail20,73,72,1,20,20,class_equal,0.9875,0.9708333333333332,0.8199349479158101,0.8783333333333333
66,non_tail80,1443,1438,5,80,80,token_equal,0.9965349965349966,0.9666203059805285,0.2988526068639505,0.3559341678256838
66,non_tail80,1443,1438,5,80,80,class_equal,0.9964696305156832,0.9727329909078335,0.34759205556473316,0.39874999999999994
67,all,1516,1508,8,100,100,token_equal,0.9947229551451188,0.9655172413793104,0.31606212808123824,0.37997347480106103
67,all,1516,1508,8,100,100,class_equal,0.9903131313131314,0.9729727192461746,0.4357670763608678,0.4946666666666666
67,tail20,73,71,2,20,20,token_equal,0.9726027397260274,0.971830985915493,0.8271600222646504,0.8713615023474178
67,tail20,73,71,2,20,20,class_equal,0.9708333333333332,0.9775,0.8248092171596522,0.8783333333333333
67,non_tail80,1443,1437,6,80,80,token_equal,0.9958419958419958,0.965205288796103,0.2908095529336932,0.3556947344003712
67,non_tail80,1443,1437,6,80,80,class_equal,0.9951830808080807,0.9718408990577185,0.33850654116117174,0.39874999999999994
68,all,1516,1512,4,100,100,token_equal,0.9973614775725593,0.9708994708994709,0.31172862000582263,0.3803130511463845
68,all,1516,1512,4,100,100,class_equal,0.995619658119658,0.9769781531397663,0.43461961404921723,0.4946666666666666
68,tail20,73,72,1,20,20,token_equal,0.9863013698630136,0.9722222222222222,0.8376995007961596,0.8717592592592595
68,tail20,73,72,1,20,20,class_equal,0.9875,0.9775,0.8421637147003878,0.8783333333333333
68,non_tail80,1443,1440,3,80,80,token_equal,0.997920997920998,0.9708333333333333,0.28543007596630576,0.35574074074074075
68,non_tail80,1443,1440,3,80,80,class_equal,0.9976495726495725,0.9768476914247082,0.3327335888864246,0.39874999999999994
69,all,1516,1508,8,100,100,token_equal,0.9947229551451188,0.9655172413793104,0.31737272604654154,0.37970822281167105
69,all,1516,1508,8,100,100,class_equal,0.990495148856991,0.9751635565405017,0.4397400600110255,0.4946666666666666
69,tail20,73,71,2,20,20,token_equal,0.9726027397260274,0.9859154929577465,0.8402311969894486,0.871830985915493
69,tail20,73,71,2,20,20,class_equal,0.9733333333333334,0.9875,0.8380824497304185,0.8783333333333333
69,non_tail80,1443,1437,6,80,80,token_equal,0.9958419958419958,0.964509394572025,0.29153907856084466,0.35539318023660404
69,non_tail80,1443,1437,6,80,80,class_equal,0.9947856027379054,0.9720794456756272,0.3401544625811772,0.39874999999999994
70,all,1516,1515,1,100,100,token_equal,0.9993403693931399,0.9617161716171617,0.3252685288707599,0.38059405940594054
70,all,1516,1515,1,100,100,class_equal,0.9990000000000001,0.9658395500761634,0.43854887243349994,0.4946666666666666
70,tail20,73,73,0,20,20,token_equal,1.0,0.958904109589041,0.8091585723366896,0.8716894977168951
70,tail20,73,73,0,20,20,class_equal,1.0,0.9608333333333334,0.8067094444183083,0.8783333333333333
70,non_tail80,1443,1442,1,80,80,token_equal,0.9993069993069993,0.9618585298196949,0.30077201488115324,0.35573277854831253
70,non_tail80,1443,1442,1,80,80,class_equal,0.99875,0.9670911042618708,0.3465087294372979,0.39874999999999994
71,all,1516,1509,7,100,100,token_equal,0.9953825857519789,0.9668654738237243,0.3187383853336376,0.37956704219129667
71,all,1516,1509,7,100,100,class_equal,0.9892853535353535,0.975668403831104,0.43985480035980246,0.4946666666666666
71,tail20,73,70,3,20,20,token_equal,0.958904109589041,0.9857142857142858,0.8341752270535983,0.8719047619047618
71,tail20,73,70,3,20,20,class_equal,0.9608333333333334,0.9875,0.832079115530911,0.8783333333333333
71,non_tail80,1443,1439,4,80,80,token_equal,0.9972279972279973,0.965948575399583,0.2936650156877743,0.3556173268473477
71,non_tail80,1443,1439,4,80,80,class_equal,0.9963983585858586,0.97271050478888,0.3417987215670254,0.39874999999999994
72,all,1516,1513,3,100,100,token_equal,0.9980211081794196,0.9689358889623265,0.3134922742846722,0.38070059484467944
72,all,1516,1513,3,100,100,class_equal,0.9980277777777777,0.9749713952840955,0.436657743931205,0.4946666666666666
72,tail20,73,73,0,20,20,token_equal,1.0,0.9726027397260274,0.8397505949314361,0.8716894977168951
72,tail20,73,73,0,20,20,class_equal,1.0,0.9775,0.8433768889927068,0.8783333333333333
72,non_tail80,1443,1440,3,80,80,token_equal,0.997920997920998,0.96875,0.28681390108521815,0.3558101851851851
72,non_tail80,1443,1440,3,80,80,class_equal,0.9975347222222222,0.9743392441051192,0.3349779576658296,0.39874999999999994
73,all,1516,1511,5,100,100,token_equal,0.9967018469656992,0.9629384513567174,0.31546619971130063,0.37992499448488853
73,all,1516,1511,5,100,100,class_equal,0.9920847953216375,0.9715271185018897,0.43558019703516215,0.4946666666666666
73,tail20,73,71,2,20,20,token_equal,0.9726027397260274,0.971830985915493,0.8219501550111573,0.8713615023474178
73,tail20,73,71,2,20,20,class_equal,0.9708333333333332,0.9775,0.8196920624478123,0.8783333333333333
73,non_tail80,1443,1440,3,80,80,token_equal,0.997920997920998,0.9625,0.29049372691526604,0.3556944444444444
73,non_tail80,1443,1440,3,80,80,class_equal,0.9973976608187135,0.9700338981273621,0.3395522306819997,0.39874999999999994
74,all,1516,1508,8,100,100,token_equal,0.9947229551451188,0.9622015915119363,0.3210543901770478,0.3794429708222812
74,all,1516,1508,8,100,100,class_equal,0.988620148856991,0.9726191191511657,0.4407096767060078,0.4946666666666666
74,tail20,73,70,3,20,20,token_equal,0.958904109589041,0.9857142857142858,0.8328219766698856,0.8719047619047618
74,tail20,73,70,3,20,20,class_equal,0.9608333333333334,0.9875,0.8274480087722346,0.8783333333333333
74,non_tail80,1443,1438,5,80,80,token_equal,0.9965349965349966,0.96105702364395,0.29614219890131854,0.3554705609643023
74,non_tail80,1443,1438,5,80,80,class_equal,0.9955668527379054,0.9688988989389571,0.3440250936894511,0.39874999999999994
75,all,1516,1509,7,100,100,token_equal,0.9953825857519789,0.9695162359178264,0.30764326102626327,0.3798983874530594
75,all,1516,1509,7,100,100,class_equal,0.990849946836789,0.9766332979462271,0.4313501137204442,0.4946666666666666
75,tail20,73,71,2,20,20,token_equal,0.9726027397260274,0.971830985915493,0.8357602590103904,0.8713615023474178
75,tail20,73,71,2,20,20,class_equal,0.9708333333333332,0.9775,0.8363019043349537,0.8783333333333333
75,non_tail80,1443,1438,5,80,80,token_equal,0.9965349965349966,0.9694019471488178,0.28156794332329177,0.3556328233657858
75,non_tail80,1443,1438,5,80,80,class_equal,0.9958541002126529,0.9764166224327839,0.3301121660668168,0.39874999999999994
76,all,1516,1510,6,100,100,token_equal,0.996042216358839,0.9622516556291391,0.31319029809899873,0.37942604856512147
76,all,1516,1510,6,100,100,class_equal,0.9892020202020201,0.9713522620781202,0.4343812002802736,0.4946666666666666
76,tail20,73,70,3,20,20,token_equal,0.958904109589041,0.9714285714285714,0.8249515560883692,0.8714285714285714
76,tail20,73,70,3,20,20,class_equal,0.9583333333333333,0.9775,0.8239811538152402,0.8783333333333333
76,non_tail80,1443,1440,3,80,80,token_equal,0.997920997920998,0.9618055555555556,0.2883130147245154,0.35550925925925925
76,non_tail80,1443,1440,3,80,80,class_equal,0.9969191919191918,0.9698153275976502,0.336981211896532,0.39874999999999994
77,all,1516,1514,2,100,100,token_equal,0.9986807387862797,0.9636723910171731,0.32104987330324897,0.3809114927344782
77,all,1516,1514,2,100,100,class_equal,0.9990570175438598,0.9695322277201568,0.4403450276782979,0.4946666666666666
77,tail20,73,73,0,20,20,token_equal,1.0,0.958904109589041,0.8250013560339187,0.8716894977168951
77,tail20,73,73,0,20,20,class_equal,1.0,0.9608333333333334,0.8257253322249032,0.8783333333333333
77,non_tail80,1443,1441,2,80,80,token_equal,0.9986139986139986,0.963913948646773,0.2955200618949638,0.3560490400185056
77,non_tail80,1443,1441,2,80,80,class_equal,0.9988212719298246,0.9717069513168628,0.34399995154164664,0.39874999999999994
78,all,1516,1513,3,100,100,token_equal,0.9980211081794196,0.9643093192333113,0.3171806082041509,0.3804362194315928
78,all,1516,1513,3,100,100,class_equal,0.9976262626262627,0.9742734233242814,0.4378162882309198,0.4946666666666666
78,tail20,73,73,0,20,20,token_equal,1.0,0.9863013698630136,0.838813957989213,0.8716894977168951
78,tail20,73,73,0,20,20,class_equal,1.0,0.99,0.8391189925578999,0.8783333333333333
78,non_tail80,1443,1440,3,80,80,token_equal,0.997920997920998,0.9631944444444445,0.2907366953331026,0.35553240740740744
78,non_tail80,1443,1440,3,80,80,class_equal,0.9970328282828284,0.9703417791553518,0.33749061214917464,0.39874999999999994
79,all,1516,1511,5,100,100,token_equal,0.9967018469656992,0.9735274652547982,0.3193280880109915,0.3803882638429296
79,all,1516,1511,5,100,100,class_equal,0.9950014619883041,0.9785421032311191,0.43776228087064306,0.4946666666666666
79,tail20,73,72,1,20,20,token_equal,0.9863013698630136,0.9722222222222222,0.8109258615393632,0.8717592592592595
79,tail20,73,72,1,20,20,class_equal,0.9875,0.9775,0.8156952671718336,0.8783333333333333
79,non_tail80,1443,1439,4,80,80,token_equal,0.9972279972279973,0.9735927727588604,0.29473111810547187,0.3558026407227241
79,non_tail80,1443,1439,4,80,80,class_equal,0.9968768274853801,0.9788026290388991,0.34327903429534523,0.39874999999999994
80,all,1516,1509,7,100,100,token_equal,0.9953825857519789,0.9648774022531478,0.3223817949950389,0.3802297327148222
80,all,1516,1509,7,100,100,class_equal,0.9936277246145667,0.9736355873235163,0.4384388449195839,0.4946666666666666
80,tail20,73,72,1,20,20,token_equal,0.9863013698630136,0.9722222222222222,0.7994662133747737,0.8717592592592595
80,tail20,73,72,1,20,20,class_equal,0.9875,0.9775,0.8030735382214298,0.8783333333333333
80,non_tail80,1443,1437,6,80,80,token_equal,0.9958419958419958,0.964509394572025,0.2984777740323799,0.3556019485038274
80,non_tail80,1443,1437,6,80,80,class_equal,0.9951596557682084,0.9726694841543957,0.34728017159412244,0.39874999999999994
81,all,1516,1515,1,100,100,token_equal,0.9993403693931399,0.9663366336633663,0.317551931543277,0.38046204620462043
81,all,1516,1515,1,100,100,class_equal,0.9975,0.9764754091001803,0.43532625084297044,0.4946666666666666
81,tail20,73,72,1,20,20,token_equal,0.9863013698630136,0.9861111111111112,0.8127583242950206,0.8717592592592595
81,tail20,73,72,1,20,20,class_equal,0.9875,0.9875,0.8141547364922923,0.8783333333333333
81,non_tail80,1443,1443,0,80,80,token_equal,1.0,0.9653499653499653,0.2928430886616931,0.35594825594825596
81,non_tail80,1443,1443,0,80,80,class_equal,1.0,0.9737192613752252,0.34061912943064004,0.39874999999999994
82,all,1516,1512,4,100,100,token_equal,0.9973614775725593,0.966931216931217,0.3131038187156545,0.3802689594356261
82,all,1516,1512,4,100,100,class_equal,0.9954181286549708,0.9764877851257142,0.4321699369833894,0.4946666666666666
82,tail20,73,72,1,20,20,token_equal,0.9863013698630136,0.9861111111111112,0.8151988389360172,0.8717592592592595
82,tail20,73,72,1,20,20,class_equal,0.9875,0.9875,0.8149961146554535,0.8783333333333333
82,non_tail80,1443,1440,3,80,80,token_equal,0.997920997920998,0.9659722222222222,0.2879990677046364,0.3556944444444444
82,non_tail80,1443,1440,3,80,80,class_equal,0.9973976608187135,0.9737347314071428,0.33646339256537333,0.39874999999999994
83,all,1516,1512,4,100,100,token_equal,0.9973614775725593,0.9642857142857143,0.3133295573363602,0.3802910052910053
83,all,1516,1512,4,100,100,class_equal,0.9955090377458798,0.9745350582229872,0.4349741646018414,0.4946666666666666
83,tail20,73,72,1,20,20,token_equal,0.9863013698630136,0.9861111111111112,0.8239291466812896,0.8717592592592595
83,tail20,73,72,1,20,20,class_equal,0.9875,0.9875,0.8270379891197213,0.8783333333333333
83,non_tail80,1443,1440,3,80,80,token_equal,0.997920997920998,0.9631944444444445,0.2877995778691138,0.3557175925925926
83,non_tail80,1443,1440,3,80,80,class_equal,0.9975112971823498,0.971293822778734,0.33695820847237135,0.39874999999999994
84,all,1516,1512,4,100,100,token_equal,0.9973614775725593,0.9636243386243386,0.31813862647755775,0.3802910052910053
84,all,1516,1512,4,100,100,class_equal,0.9955090377458798,0.9756289735669026,0.43766715695808484,0.4946666666666666
84,tail20,73,72,1,20,20,token_equal,0.9863013698630136,1.0,0.8249475875818982,0.8717592592592595
84,tail20,73,72,1,20,20,class_equal,0.9875,1.0,0.826865369639241,0.8783333333333333
84,non_tail80,1443,1440,3,80,80,token_equal,0.997920997920998,0.9618055555555556,0.2927981784223407,0.3557175925925926
84,non_tail80,1443,1440,3,80,80,class_equal,0.9975112971823498,0.9695362169586282,0.3403676037877959,0.39874999999999994
85,all,1516,1513,3,100,100,token_equal,0.9980211081794196,0.9649702577660277,0.31588904612708363,0.38030403172504956
85,all,1516,1513,3,100,100,class_equal,0.9960645933014354,0.9770960731340022,0.4354800973027206,0.4946666666666666
85,tail20,73,72,1,20,20,token_equal,0.9863013698630136,1.0,0.8240650665366045,0.8717592592592595
85,tail20,73,72,1,20,20,class_equal,0.9875,1.0,0.8254201129388076,0.8783333333333333
85,non_tail80,1443,1441,2,80,80,token_equal,0.9986139986139986,0.9632199861207494,0.290497877862347,0.3557483229238954
85,non_tail80,1443,1441,2,80,80,class_equal,0.9982057416267942,0.9713700914175026,0.3379950933936988,0.39874999999999994
86,all,1516,1513,3,100,100,token_equal,0.9980211081794196,0.9610046265697291,0.3062624245631707,0.38012778144965853
86,all,1516,1513,3,100,100,class_equal,0.9956818181818181,0.9719813203429336,0.43122850464690254,0.4946666666666666
86,tail20,73,72,1,20,20,token_equal,0.9863013698630136,0.9861111111111112,0.8483944188673969,0.8717592592592595
86,tail20,73,72,1,20,20,class_equal,0.9875,0.99,0.8483244545265501,0.8783333333333333
86,non_tail80,1443,1441,2,80,80,token_equal,0.9986139986139986,0.9597501734906315,0.2791746358123697,0.35556326625028917
86,non_tail80,1443,1441,2,80,80,class_equal,0.9977272727272727,0.9674766504286669,0.32695451717699053,0.39874999999999994
87,all,1516,1515,1,100,100,token_equal,0.9993403693931399,0.9617161716171617,0.32624345005759525,0.3807700770077007
87,all,1516,1515,1,100,100,class_equal,0.9994444444444445,0.9732156711772844,0.4433211898791209,0.4946666666666666
87,tail20,73,73,0,20,20,token_equal,1.0,0.9863013698630136,0.8156825484789442,0.8716894977168951
87,tail20,73,73,0,20,20,class_equal,1.0,0.9875,0.8140793442735191,0.8783333333333333
87,non_tail80,1443,1442,1,80,80,token_equal,0.9993069993069993,0.9604715672676838,0.3014660199710776,0.3559177068885807
87,non_tail80,1443,1442,1,80,80,class_equal,0.9993055555555556,0.9696445889716054,0.3506316512805213,0.39874999999999994
88,all,1516,1512,4,100,100,token_equal,0.9973614775725593,0.9596560846560847,0.3134449166322614,0.3799382716049383
88,all,1516,1512,4,100,100,class_equal,0.9934444444444444,0.9713053039680042,0.43504977220329233,0.4946666666666666
88,tail20,73,71,2,20,20,token_equal,0.9726027397260274,0.9859154929577465,0.827478369233304,0.8718309859154929
88,tail20,73,71,2,20,20,class_equal,0.975,0.9875,0.8273588607279688,0.8783333333333333
88,non_tail80,1443,1441,2,80,80,token_equal,0.9986139986139986,0.9583622484385843,0.2881177999530984,0.3557020587554938
88,non_tail80,1443,1441,2,80,80,class_equal,0.9980555555555555,0.9672566299600053,0.33697250007212326,0.39874999999999994
89,all,1516,1514,2,100,100,token_equal,0.9986807387862797,0.9656538969616909,0.31964084771705614,0.3805812417437252
89,all,1516,1514,2,100,100,class_equal,0.9970833333333334,0.9776089308966311,0.4371491329849649,0.4946666666666666
89,tail20,73,72,1,20,20,token_equal,0.9863013698630136,1.0,0.820876419786083,0.8717592592592595
89,tail20,73,72,1,20,20,class_equal,0.9875,1.0,0.8178356586012268,0.8783333333333333
89,non_tail80,1443,1442,1,80,80,token_equal,0.9993069993069993,0.9639389736477115,0.2946138288620146,0.35605640314378173
89,non_tail80,1443,1442,1,80,80,class_equal,0.9994791666666668,0.9720111636207889,0.34197750158089946,0.39874999999999994
90,all,1516,1511,5,100,100,token_equal,0.9967018469656992,0.9662475181998676,0.32010595703806727,0.38071917052724463
90,all,1516,1511,5,100,100,class_equal,0.9970368155236576,0.9769906137785429,0.439153037788725,0.4946666666666666
90,tail20,73,73,0,20,20,token_equal,1.0,0.9863013698630136,0.8161833121026515,0.8716894977168951
90,tail20,73,73,0,20,20,class_equal,1.0,0.99,0.818593469172996,0.8783333333333333
90,non_tail80,1443,1438,5,80,80,token_equal,0.9965349965349966,0.9652294853963839,0.2949226142566245,0.35579508576726937
90,non_tail80,1443,1438,5,80,80,class_equal,0.996296019404572,0.9737382672231785,0.34429292994265714,0.39874999999999994
