round,overall,head,middle,tail,nontail,partition,method
0,64.95,67.7,63.56666666666667,66.35,64.6,client-longtail,E2
1,64.98,67.7,63.61666666666667,66.35,64.6375,client-longtail,E2
2,65.03,67.8,63.65,66.4,64.6875,client-longtail,E2
3,65.11,67.9,63.7,66.55,64.75,client-longtail,E2
4,65.15,67.95,63.75,66.55,64.8,client-longtail,E2
5,65.2,67.95,63.833333333333336,66.55,64.8625,client-longtail,E2
6,65.27,68.05,63.9,66.6,64.9375,client-longtail,E2
7,65.4,68.3,64.03333333333333,66.6,65.1,client-longtail,E2
8,65.56,68.45,64.13333333333334,66.95,65.2125,client-longtail,E2
9,65.63,68.5,64.18333333333334,67.1,65.2625,client-longtail,E2
10,65.71,68.65,64.23333333333333,67.2,65.3375,client-longtail,E2
11,65.72,68.65,64.23333333333333,67.25,65.3375,client-longtail,E2
12,65.76,68.7,64.28333333333333,67.25,65.3875,client-longtail,E2
13,65.83,68.75,64.35,67.35,65.45,client-longtail,E2
14,65.91,68.8,64.46666666666667,67.35,65.55,client-longtail,E2
15,66.0,68.9,64.51666666666667,67.55,65.6125,client-longtail,E2
16,66.06,69.0,64.53333333333333,67.7,65.65,client-longtail,E2
17,66.09,69.05,64.55,67.75,65.675,client-longtail,E2
18,66.18,69.2,64.63333333333334,67.8,65.775,client-longtail,E2
19,66.21,69.2,64.65,67.9,65.7875,client-longtail,E2
20,66.29,69.2,64.76666666666667,67.95,65.875,client-longtail,E2
21,66.29,69.2,64.76666666666667,67.95,65.875,client-longtail,E2
22,66.31,69.35,64.75,67.95,65.9,client-longtail,E2
23,66.4,69.35,64.86666666666666,68.05,65.9875,client-longtail,E2
24,66.45,69.5,64.9,68.05,66.05,client-longtail,E2
25,66.49,69.55,64.91666666666667,68.15,66.075,client-longtail,E2
26,66.51,69.45,64.98333333333333,68.15,66.1,client-longtail,E2
27,66.55,69.5,65.01666666666667,68.2,66.1375,client-longtail,E2
28,66.57,69.55,65.03333333333333,68.2,66.1625,client-longtail,E2
29,66.59,69.65,65.05,68.15,66.2,client-longtail,E2
30,66.66,69.65,65.16666666666667,68.15,66.2875,client-longtail,E2
31,66.69,69.65,65.21666666666667,68.15,66.325,client-longtail,E2
32,66.69,69.7,65.2,68.15,66.325,client-longtail,E2
33,66.71,69.7,65.23333333333333,68.15,66.35,client-longtail,E2
34,66.72,69.75,65.23333333333333,68.15,66.3625,client-longtail,E2
35,66.77,69.75,65.31666666666666,68.15,66.425,client-longtail,E2
36,66.77,69.8,65.3,68.15,66.425,client-longtail,E2
37,66.81,69.95,65.31666666666666,68.15,66.475,client-longtail,E2
38,66.84,69.95,65.35,68.2,66.5,client-longtail,E2
39,66.92,70.1,65.41666666666667,68.25,66.5875,client-longtail,E2
40,66.91,70.15,65.38333333333334,68.25,66.575,client-longtail,E2
41,66.95,70.1,65.43333333333334,68.35,66.6,client-longtail,E2
42,66.99,70.15,65.5,68.3,66.6625,client-longtail,E2
43,67.02,70.25,65.5,68.35,66.6875,client-longtail,E2
44,67.09,70.3,65.58333333333333,68.4,66.7625,client-longtail,E2
45,67.11,70.3,65.6,68.45,66.775,client-longtail,E2
46,67.14,70.3,65.61666666666666,68.55,66.7875,client-longtail,E2
47,67.15,70.3,65.61666666666666,68.6,66.7875,client-longtail,E2
48,67.16,70.3,65.65,68.55,66.8125,client-longtail,E2
49,67.21,70.4,65.68333333333334,68.6,66.8625,client-longtail,E2
50,67.27,70.6,65.71666666666667,68.6,66.9375,client-longtail,E2
51,67.33,70.6,65.8,68.65,67.0,client-longtail,E2
52,67.36,70.65,65.81666666666666,68.7,67.025,client-longtail,E2
53,67.4,70.75,65.85,68.7,67.075,client-longtail,E2
54,67.4,70.8,65.86666666666666,68.6,67.1,client-longtail,E2
55,67.43,70.85,65.88333333333334,68.65,67.125,client-longtail,E2
56,67.42,70.85,65.88333333333334,68.6,67.125,client-longtail,E2
57,67.43,70.9,65.88333333333334,68.6,67.1375,client-longtail,E2
58,67.49,70.95,65.95,68.65,67.2,client-longtail,E2
59,67.51,71.0,66.0,68.55,67.25,client-longtail,E2
60,67.52,71.1,65.98333333333333,68.55,67.2625,client-longtail,E2
61,67.54,71.1,66.0,68.6,67.275,client-longtail,E2
62,67.56,71.15,65.98333333333333,68.7,67.275,client-longtail,E2
63,67.57,71.2,65.98333333333333,68.7,67.2875,client-longtail,E2
64,67.56,71.15,65.96666666666667,68.75,67.2625,client-longtail,E2
65,67.6,71.2,65.98333333333333,68.85,67.2875,client-longtail,E2
66,67.62,71.2,66.01666666666667,68.85,67.3125,client-longtail,E2
67,67.59,71.15,66.01666666666667,68.75,67.3,client-longtail,E2
68,67.58,71.15,65.98333333333333,68.8,67.275,client-longtail,E2
69,67.62,71.25,65.98333333333333,68.9,67.3,client-longtail,E2
70,67.65,71.25,66.03333333333333,68.9,67.3375,client-longtail,E2
71,67.7,71.3,66.1,68.9,67.4,client-longtail,E2
72,67.76,71.3,66.18333333333334,68.95,67.4625,client-longtail,E2
73,67.78,71.35,66.18333333333334,69.0,67.475,client-longtail,E2
74,67.79,71.35,66.16666666666667,69.1,67.4625,client-longtail,E2
75,67.82,71.4,66.2,69.1,67.5,client-longtail,E2
76,67.82,71.4,66.18333333333334,69.15,67.4875,client-longtail,E2
77,67.82,71.4,66.18333333333334,69.15,67.4875,client-longtail,E2
78,67.85,71.35,66.16666666666667,69.4,67.4625,client-longtail,E2
79,67.88,71.35,66.21666666666667,69.4,67.5,client-longtail,E2
80,67.93,71.4,66.25,69.5,67.5375,client-longtail,E2
81,67.95,71.4,66.26666666666667,69.55,67.55,client-longtail,E2
82,67.96,71.4,66.28333333333333,69.55,67.5625,client-longtail,E2
83,67.97,71.4,66.28333333333333,69.6,67.5625,client-longtail,E2
84,68.02,71.5,66.33333333333333,69.6,67.625,client-longtail,E2
85,68.03,71.5,66.35,69.6,67.6375,client-longtail,E2
86,68.05,71.5,66.36666666666666,69.65,67.65,client-longtail,E2
87,68.06,71.5,66.41666666666667,69.55,67.6875,client-longtail,E2
88,68.07,71.55,66.41666666666667,69.55,67.7,client-longtail,E2
89,68.06,71.55,66.4,69.55,67.6875,client-longtail,E2
90,68.08,71.55,66.43333333333334,69.55,67.7125,client-longtail,E2
91,68.09,71.6,66.41666666666667,69.6,67.7125,client-longtail,E2
92,68.09,71.6,66.41666666666667,69.6,67.7125,client-longtail,E2
93,68.11,71.7,66.41666666666667,69.6,67.7375,client-longtail,E2
94,68.16,71.8,66.43333333333334,69.7,67.775,client-longtail,E2
95,68.19,71.85,66.45,69.75,67.8,client-longtail,E2
96,68.2,71.85,66.46666666666667,69.75,67.8125,client-longtail,E2
97,68.22,71.85,66.48333333333333,69.8,67.825,client-longtail,E2
98,68.24,71.9,66.48333333333333,69.85,67.8375,client-longtail,E2
99,68.22,71.9,66.46666666666667,69.8,67.825,client-longtail,E2
100,68.25,71.95,66.5,69.8,67.8625,client-longtail,E2
0,64.95,67.7,63.56666666666667,66.35,64.6,client-longtail,E3
1,64.98,67.7,63.61666666666667,66.35,64.6375,client-longtail,E3
2,65.03,67.8,63.65,66.4,64.6875,client-longtail,E3
3,65.11,67.9,63.7,66.55,64.75,client-longtail,E3
4,65.15,67.95,63.75,66.55,64.8,client-longtail,E3
5,65.2,67.95,63.833333333333336,66.55,64.8625,client-longtail,E3
6,65.27,68.05,63.9,66.6,64.9375,client-longtail,E3
7,65.4,68.3,64.03333333333333,66.6,65.1,client-longtail,E3
8,65.56,68.45,64.13333333333334,66.95,65.2125,client-longtail,E3
9,65.63,68.5,64.18333333333334,67.1,65.2625,client-longtail,E3
10,65.78,68.7,64.28333333333333,67.35,65.3875,client-longtail,E3
11,65.88,68.8,64.35,67.55,65.4625,client-longtail,E3
12,65.98,68.85,64.45,67.7,65.55,client-longtail,E3
13,66.07,69.0,64.51666666666667,67.8,65.6375,client-longtail,E3
14,66.19,69.05,64.63333333333334,68.0,65.7375,client-longtail,E3
15,66.24,69.15,64.68333333333334,68.0,65.8,client-longtail,E3
16,66.27,69.2,64.71666666666667,68.0,65.8375,client-longtail,E3
17,66.38,69.3,64.83333333333333,68.1,65.95,client-longtail,E3
18,66.44,69.4,64.9,68.1,66.025,client-longtail,E3
19,66.51,69.55,64.96666666666667,68.1,66.1125,client-longtail,E3
20,66.8,69.65,65.31666666666666,68.4,66.4,client-longtail,E3
21,66.84,69.8,65.35,68.35,66.4625,client-longtail,E3
22,66.98,69.95,65.53333333333333,68.35,66.6375,client-longtail,E3
23,67.04,70.0,65.61666666666666,68.35,66.7125,client-longtail,E3
24,67.1,70.1,65.6,68.6,66.725,client-longtail,E3
25,67.12,70.15,65.61666666666666,68.6,66.75,client-longtail,E3
26,67.22,70.3,65.73333333333333,68.6,66.875,client-longtail,E3
27,67.27,70.4,65.8,68.55,66.95,client-longtail,E3
28,67.31,70.45,65.83333333333333,68.6,66.9875,client-longtail,E3
29,67.32,70.5,65.78333333333333,68.75,66.9625,client-longtail,E3
30,67.67,71.15,66.03333333333333,69.1,67.3125,client-longtail,E3
31,67.72,71.2,66.08333333333333,69.15,67.3625,client-longtail,E3
32,67.81,71.35,66.15,69.25,67.45,client-longtail,E3
33,67.8,71.4,66.1,69.3,67.425,client-longtail,E3
34,67.8,71.3,66.08333333333333,69.45,67.3875,client-longtail,E3
35,67.88,71.35,66.2,69.45,67.4875,client-longtail,E3
36,67.97,71.5,66.28333333333333,69.5,67.5875,client-longtail,E3
37,68.0,71.55,66.3,69.55,67.6125,client-longtail,E3
38,68.0,71.5,66.31666666666666,69.55,67.6125,client-longtail,E3
39,68.0,71.55,66.26666666666667,69.65,67.5875,client-longtail,E3
40,68.2,71.9,66.33333333333333,70.1,67.725,client-longtail,E3
41,68.22,71.9,66.4,70.0,67.775,client-longtail,E3
42,68.25,71.95,66.41666666666667,70.05,67.8,client-longtail,E3
43,68.31,72.1,66.46666666666667,70.05,67.875,client-longtail,E3
44,68.3,72.1,66.45,70.05,67.8625,client-longtail,E3
45,68.33,72.15,66.51666666666667,69.95,67.925,client-longtail,E3
46,68.39,72.1,66.6,70.05,67.975,client-longtail,E3
47,68.43,72.15,66.63333333333334,70.1,68.0125,client-longtail,E3
48,68.5,72.35,66.66666666666667,70.15,68.0875,client-longtail,E3
49,68.53,72.3,66.7,70.25,68.1,client-longtail,E3
50,68.64,72.8,66.71666666666667,70.25,68.2375,client-longtail,E3
51,68.64,72.85,66.73333333333333,70.15,68.2625,client-longtail,E3
52,68.61,72.75,66.7,70.2,68.2125,client-longtail,E3
53,68.62,72.75,66.71666666666667,70.2,68.225,client-longtail,E3
54,68.64,72.9,66.68333333333334,70.25,68.2375,client-longtail,E3
55,68.64,72.9,66.68333333333334,70.25,68.2375,client-longtail,E3
56,68.68,73.0,66.7,70.3,68.275,client-longtail,E3
57,68.71,73.05,66.73333333333333,70.3,68.3125,client-longtail,E3
58,68.71,73.1,66.71666666666667,70.3,68.3125,client-longtail,E3
59,68.71,73.15,66.7,70.3,68.3125,client-longtail,E3
60,68.78,73.2,66.76666666666667,70.4,68.375,client-longtail,E3
61,68.82,73.3,66.78333333333333,70.45,68.4125,client-longtail,E3
62,68.88,73.3,66.83333333333333,70.6,68.45,client-longtail,E3
63,68.89,73.45,66.81666666666666,70.55,68.475,client-longtail,E3
64,68.91,73.5,66.85,70.5,68.5125,client-longtail,E3
65,68.96,73.5,66.91666666666667,70.55,68.5625,client-longtail,E3
66,69.01,73.55,66.98333333333333,70.55,68.625,client-longtail,E3
67,69.04,73.55,67.0,70.65,68.6375,client-longtail,E3
68,69.06,73.5,67.01666666666667,70.75,68.6375,client-longtail,E3
69,69.08,73.55,67.03333333333333,70.75,68.6625,client-longtail,E3
70,69.13,73.85,67.0,70.8,68.7125,client-longtail,E3
71,69.14,73.85,67.01666666666667,70.8,68.725,client-longtail,E3
72,69.19,73.9,67.03333333333333,70.95,68.75,client-longtail,E3
73,69.19,74.0,67.0,70.95,68.75,client-longtail,E3
74,69.24,74.05,67.06666666666666,70.95,68.8125,client-longtail,E3
75,69.26,74.05,67.1,70.95,68.8375,client-longtail,E3
76,69.24,74.0,67.08333333333333,70.95,68.8125,client-longtail,E3
77,69.26,74.1,67.06666666666666,71.0,68.825,client-longtail,E3
78,69.26,74.1,67.1,70.9,68.85,client-longtail,E3
79,69.29,74.1,67.15,70.9,68.8875,client-longtail,E3
80,69.37,74.3,67.13333333333334,71.15,68.925,client-longtail,E3
81,69.4,74.3,67.16666666666667,71.2,68.95,client-longtail,E3
82,69.39,74.3,67.15,71.2,68.9375,client-longtail,E3
83,69.43,74.35,67.18333333333334,71.25,68.975,client-longtail,E3
84,69.48,74.4,67.23333333333333,71.3,69.025,client-longtail,E3
85,69.47,74.35,67.23333333333333,71.3,69.0125,client-longtail,E3
86,69.5,74.3,67.28333333333333,71.35,69.0375,client-longtail,E3
87,69.52,74.3,67.31666666666666,71.35,69.0625,client-longtail,E3
88,69.58,74.3,67.41666666666667,71.35,69.1375,client-longtail,E3
89,69.65,74.4,67.48333333333333,71.4,69.2125,client-longtail,E3
90,69.67,74.65,67.48333333333333,71.25,69.275,client-longtail,E3
91,69.69,74.65,67.48333333333333,71.35,69.275,client-longtail,E3
92,69.72,74.65,67.53333333333333,71.35,69.3125,client-longtail,E3
93,69.77,74.75,67.56666666666666,71.4,69.3625,client-longtail,E3
94,69.77,74.75,67.6,71.3,69.3875,client-longtail,E3
95,69.77,74.8,67.6,71.25,69.4,client-longtail,E3
96,69.79,74.8,67.65,71.2,69.4375,client-longtail,E3
97,69.79,74.8,67.68333333333334,71.1,69.4625,client-longtail,E3
98,69.83,74.85,67.73333333333333,71.1,69.5125,client-longtail,E3
99,69.83,74.9,67.73333333333333,71.05,69.525,client-longtail,E3
100,69.86,74.95,67.76666666666667,71.05,69.5625,client-longtail,E3
0,64.95,67.7,63.56666666666667,66.35,64.6,client-longtail,J
1,64.99,67.7,63.61666666666667,66.4,64.6375,client-longtail,J
2,65.08,67.85,63.68333333333333,66.5,64.725,client-longtail,J
3,65.3,68.0,63.9,66.8,64.925,client-longtail,J
4,65.82,68.6,64.3,67.6,65.375,client-longtail,J
5,66.39,69.25,64.85,68.15,65.95,client-longtail,J
6,66.98,70.05,65.38333333333334,68.7,66.55,client-longtail,J
7,67.46,70.8,65.8,69.1,67.05,client-longtail,J
8,67.81,71.4,65.9,69.95,67.275,client-longtail,J
9,68.06,71.8,66.13333333333334,70.1,67.55,client-longtail,J
10,68.21,72.15,66.18333333333334,70.35,67.675,client-longtail,J
11,68.45,72.7,66.4,70.35,67.975,client-longtail,J
12,68.51,72.9,66.38333333333334,70.5,68.0125,client-longtail,J
13,68.69,73.25,66.55,70.55,68.225,client-longtail,J
14,68.91,73.6,66.75,70.7,68.4625,client-longtail,J
15,69.19,74.25,66.91666666666667,70.95,68.75,client-longtail,J
16,69.23,74.25,66.98333333333333,70.95,68.8,client-longtail,J
17,69.5,74.65,67.26666666666667,71.05,69.1125,client-longtail,J
18,69.59,74.85,67.36666666666666,71.0,69.2375,client-longtail,J
19,69.87,75.15,67.66666666666667,71.2,69.5375,client-longtail,J
20,69.98,75.15,67.75,71.5,69.6,client-longtail,J
21,70.12,75.25,67.9,71.65,69.7375,client-longtail,J
22,70.21,75.35,68.0,71.7,69.8375,client-longtail,J
23,70.27,75.25,68.18333333333334,71.55,69.95,client-longtail,J
24,70.36,75.45,68.35,71.3,70.125,client-longtail,J
25,70.31,75.55,68.3,71.1,70.1125,client-longtail,J
26,70.37,75.65,68.38333333333334,71.05,70.2,client-longtail,J
27,70.5,75.75,68.61666666666666,70.9,70.4,client-longtail,J
28,70.51,75.85,68.66666666666667,70.7,70.4625,client-longtail,J
29,70.55,75.9,68.8,70.45,70.575,client-longtail,J
30,70.56,75.8,68.95,70.15,70.6625,client-longtail,J
31,70.52,75.8,69.05,69.65,70.7375,client-longtail,J
32,70.51,75.6,69.13333333333334,69.55,70.75,client-longtail,J
33,70.65,75.85,69.38333333333334,69.25,71.0,client-longtail,J
34,70.62,75.8,69.4,69.1,71.0,client-longtail,J
35,70.65,75.8,69.55,68.8,71.1125,client-longtail,J
36,70.68,75.9,69.63333333333334,68.6,71.2,client-longtail,J
37,70.71,75.95,69.7,68.5,71.2625,client-longtail,J
38,70.72,76.1,69.76666666666667,68.2,71.35,client-longtail,J
39,70.81,76.2,69.93333333333334,68.05,71.5,client-longtail,J
40,70.94,76.6,70.08333333333333,67.85,71.7125,client-longtail,J
41,70.98,76.55,70.21666666666667,67.7,71.8,client-longtail,J
42,71.04,76.55,70.41666666666667,67.4,71.95,client-longtail,J
43,71.07,76.9,70.4,67.25,72.025,client-longtail,J
44,71.15,77.0,70.55,67.1,72.1625,client-longtail,J
45,71.1,77.05,70.61666666666666,66.6,72.225,client-longtail,J
46,71.24,77.25,70.78333333333333,66.6,72.4,client-longtail,J
47,71.2,77.25,70.8,66.35,72.4125,client-longtail,J
48,71.2,77.45,70.8,66.15,72.4625,client-longtail,J
49,71.27,77.45,71.0,65.9,72.6125,client-longtail,J
50,71.33,77.55,71.11666666666666,65.75,72.725,client-longtail,J
51,71.31,77.55,71.18333333333334,65.45,72.775,client-longtail,J
52,71.32,77.6,71.25,65.25,72.8375,client-longtail,J
53,71.3,77.6,71.3,65.0,72.875,client-longtail,J
54,71.33,77.8,71.4,64.65,73.0,client-longtail,J
55,71.35,77.85,71.45,64.55,73.05,client-longtail,J
56,71.39,77.85,71.61666666666666,64.25,73.175,client-longtail,J
57,71.38,77.9,71.66666666666667,64.0,73.225,client-longtail,J
58,71.48,78.05,71.78333333333333,64.0,73.35,client-longtail,J
59,71.49,78.15,71.81666666666666,63.85,73.4,client-longtail,J
60,71.5,78.2,71.91666666666667,63.55,73.4875,client-longtail,J
61,71.47,78.15,71.93333333333334,63.4,73.4875,client-longtail,J
62,71.42,78.05,71.91666666666667,63.3,73.45,client-longtail,J
63,71.46,78.35,71.95,63.1,73.55,client-longtail,J
64,71.49,78.45,71.96666666666667,63.1,73.5875,client-longtail,J
65,71.54,78.45,72.03333333333333,63.15,73.6375,client-longtail,J
66,71.47,78.55,72.03333333333333,62.7,73.6625,client-longtail,J
67,71.55,78.6,72.25,62.4,73.8375,client-longtail,J
68,71.4,78.4,72.23333333333333,61.9,73.775,client-longtail,J
69,71.43,78.45,72.23333333333333,62.0,73.7875,client-longtail,J
70,71.38,78.4,72.18333333333334,61.95,73.7375,client-longtail,J
71,71.42,78.5,72.23333333333333,61.9,73.8,client-longtail,J
72,71.42,78.8,72.15,61.85,73.8125,client-longtail,J
73,71.35,78.65,72.11666666666666,61.75,73.75,client-longtail,J
74,71.37,78.8,72.16666666666667,61.55,73.825,client-longtail,J
75,71.27,78.6,72.1,61.45,73.725,client-longtail,J
76,71.35,78.65,72.2,61.5,73.8125,client-longtail,J
77,71.4,78.75,72.26666666666667,61.45,73.8875,client-longtail,J
78,71.33,78.7,72.16666666666667,61.45,73.8,client-longtail,J
79,71.37,78.7,72.3,61.25,73.9,client-longtail,J
80,71.34,78.7,72.25,61.25,73.8625,client-longtail,J
81,71.3,78.6,72.26666666666667,61.1,73.85,client-longtail,J
82,71.29,78.5,72.3,61.05,73.85,client-longtail,J
83,71.22,78.45,72.23333333333333,60.95,73.7875,client-longtail,J
84,71.28,78.5,72.31666666666666,60.95,73.8625,client-longtail,J
85,71.29,78.5,72.36666666666666,60.85,73.9,client-longtail,J
86,71.33,78.45,72.48333333333333,60.75,73.975,client-longtail,J
87,71.25,78.45,72.4,60.6,73.9125,client-longtail,J
88,71.29,78.6,72.45,60.5,73.9875,client-longtail,J
89,71.27,78.6,72.5,60.25,74.025,client-longtail,J
90,71.1,78.25,72.35,60.2,73.825,client-longtail,J
91,71.14,78.45,72.4,60.05,73.9125,client-longtail,J
92,71.15,78.7,72.36666666666666,59.95,73.95,client-longtail,J
93,71.15,78.5,72.46666666666667,59.85,73.975,client-longtail,J
94,71.16,78.55,72.48333333333333,59.8,74.0,client-longtail,J
95,71.12,78.7,72.36666666666666,59.8,73.95,client-longtail,J
96,71.09,78.5,72.36666666666666,59.85,73.9,client-longtail,J
97,71.13,78.7,72.35,59.9,73.9375,client-longtail,J
98,71.14,78.6,72.45,59.75,73.9875,client-longtail,J
99,71.14,78.85,72.38333333333334,59.7,74.0,client-longtail,J
100,71.08,78.75,72.36666666666666,59.55,73.9625,client-longtail,J
0,64.95,67.7,63.56666666666667,66.35,64.6,client-longtail,S
1,64.98,67.7,63.61666666666667,66.35,64.6375,client-longtail,S
2,65.04,67.8,63.65,66.45,64.6875,client-longtail,S
3,65.13,67.9,63.7,66.65,64.75,client-longtail,S
4,65.27,68.0,63.9,66.65,64.925,client-longtail,S
5,65.54,68.3,64.11666666666666,67.05,65.1625,client-longtail,S
6,65.77,68.55,64.26666666666667,67.5,65.3375,client-longtail,S
7,66.07,68.9,64.51666666666667,67.9,65.6125,client-longtail,S
8,66.31,69.15,64.73333333333333,68.2,65.8375,client-longtail,S
9,66.59,69.55,65.03333333333333,68.3,66.1625,client-longtail,S
10,66.85,69.8,65.35,68.4,66.4625,client-longtail,S
11,67.11,70.4,65.46666666666667,68.75,66.7,client-longtail,S
12,67.29,70.45,65.7,68.9,66.8875,client-longtail,S
13,67.42,70.8,65.7,69.2,66.975,client-longtail,S
14,67.73,71.3,65.86666666666666,69.75,67.225,client-longtail,S
15,67.9,71.5,66.0,70.0,67.375,client-longtail,S
16,67.97,71.75,66.05,69.95,67.475,client-longtail,S
17,68.02,71.7,66.13333333333334,70.0,67.525,client-longtail,S
18,68.12,71.85,66.23333333333333,70.05,67.6375,client-longtail,S
19,68.26,72.05,66.36666666666666,70.15,67.7875,client-longtail,S
20,68.27,72.25,66.28333333333333,70.25,67.775,client-longtail,S
21,68.41,72.7,66.35,70.3,67.9375,client-longtail,S
22,68.5,72.75,66.43333333333334,70.45,68.0125,client-longtail,S
23,68.52,72.85,66.43333333333334,70.45,68.0375,client-longtail,S
24,68.58,72.95,66.46666666666667,70.55,68.0875,client-longtail,S
25,68.7,73.45,66.5,70.55,68.2375,client-longtail,S
26,68.74,73.6,66.5,70.6,68.275,client-longtail,S
27,68.84,73.45,66.68333333333334,70.7,68.375,client-longtail,S
28,68.9,73.6,66.71666666666667,70.75,68.4375,client-longtail,S
29,69.04,73.95,66.8,70.85,68.5875,client-longtail,S
30,69.07,74.1,66.8,70.85,68.625,client-longtail,S
31,69.23,74.2,66.95,71.1,68.7625,client-longtail,S
32,69.26,74.2,67.0,71.1,68.8,client-longtail,S
33,69.22,74.2,66.98333333333333,70.95,68.7875,client-longtail,S
34,69.28,74.25,67.08333333333333,70.9,68.875,client-longtail,S
35,69.43,74.5,67.18333333333334,71.1,69.0125,client-longtail,S
36,69.48,74.55,67.25,71.1,69.075,client-longtail,S
37,69.56,74.65,67.36666666666666,71.05,69.1875,client-longtail,S
38,69.64,74.75,67.48333333333333,71.0,69.3,client-longtail,S
39,69.74,74.85,67.58333333333333,71.1,69.4,client-longtail,S
40,69.86,74.95,67.73333333333333,71.15,69.5375,client-longtail,S
41,69.96,75.2,67.83333333333333,71.1,69.675,client-longtail,S
42,70.04,75.25,67.9,71.25,69.7375,client-longtail,S
43,70.06,75.25,67.9,71.35,69.7375,client-longtail,S
44,70.21,75.45,68.03333333333333,71.5,69.8875,client-longtail,S
45,70.24,75.35,68.05,71.7,69.875,client-longtail,S
46,70.29,75.45,68.06666666666666,71.8,69.9125,client-longtail,S
47,70.29,75.5,68.05,71.8,69.9125,client-longtail,S
48,70.33,75.55,68.1,71.8,69.9625,client-longtail,S
49,70.33,75.6,68.1,71.75,69.975,client-longtail,S
50,70.3,75.55,68.11666666666666,71.6,69.975,client-longtail,S
51,70.36,75.6,68.21666666666667,71.55,70.0625,client-longtail,S
52,70.39,75.65,68.26666666666667,71.5,70.1125,client-longtail,S
53,70.41,75.75,68.31666666666666,71.35,70.175,client-longtail,S
54,70.41,75.7,68.35,71.3,70.1875,client-longtail,S
55,70.41,75.7,68.35,71.3,70.1875,client-longtail,S
56,70.48,75.85,68.4,71.35,70.2625,client-longtail,S
57,70.4,75.85,68.33333333333333,71.15,70.2125,client-longtail,S
58,70.44,75.9,68.4,71.1,70.275,client-longtail,S
59,70.42,75.85,68.4,71.05,70.2625,client-longtail,S
60,70.44,75.9,68.43333333333334,71.0,70.3,client-longtail,S
61,70.41,75.9,68.43333333333334,70.85,70.3,client-longtail,S
62,70.42,75.85,68.48333333333333,70.8,70.325,client-longtail,S
63,70.5,75.95,68.58333333333333,70.8,70.425,client-longtail,S
64,70.51,76.0,68.56666666666666,70.85,70.425,client-longtail,S
65,70.56,76.0,68.66666666666667,70.8,70.5,client-longtail,S
66,70.51,76.05,68.63333333333334,70.6,70.4875,client-longtail,S
67,70.56,76.1,68.71666666666667,70.55,70.5625,client-longtail,S
68,70.58,76.15,68.73333333333333,70.55,70.5875,client-longtail,S
69,70.59,76.2,68.78333333333333,70.4,70.6375,client-longtail,S
70,70.62,76.2,68.88333333333334,70.25,70.7125,client-longtail,S
71,70.63,76.2,68.91666666666667,70.2,70.7375,client-longtail,S
72,70.64,76.2,68.93333333333334,70.2,70.75,client-longtail,S
73,70.71,76.2,69.05,70.2,70.8375,client-longtail,S
74,70.7,76.15,69.06666666666666,70.15,70.8375,client-longtail,S
75,70.68,76.15,69.11666666666666,69.9,70.875,client-longtail,S
76,70.73,76.25,69.18333333333334,69.85,70.95,client-longtail,S
77,70.73,76.25,69.18333333333334,69.85,70.95,client-longtail,S
78,70.7,76.25,69.2,69.65,70.9625,client-longtail,S
79,70.68,76.3,69.18333333333334,69.55,70.9625,client-longtail,S
80,70.67,76.35,69.21666666666667,69.35,71.0,client-longtail,S
81,70.6,76.35,69.21666666666667,69.0,71.0,client-longtail,S
82,70.66,76.45,69.31666666666666,68.9,71.1,client-longtail,S
83,70.76,76.6,69.43333333333334,68.9,71.225,client-longtail,S
84,70.78,76.5,69.48333333333333,68.95,71.2375,client-longtail,S
85,70.78,76.55,69.46666666666667,68.95,71.2375,client-longtail,S
86,70.8,76.5,69.51666666666667,68.95,71.2625,client-longtail,S
87,70.81,76.6,69.53333333333333,68.85,71.3,client-longtail,S
88,70.89,76.7,69.63333333333334,68.85,71.4,client-longtail,S
89,70.97,76.85,69.75,68.75,71.525,client-longtail,S
90,71.01,77.0,69.8,68.65,71.6,client-longtail,S
91,70.98,77.0,69.78333333333333,68.55,71.5875,client-longtail,S
92,70.98,76.95,69.8,68.55,71.5875,client-longtail,S
93,70.98,76.95,69.81666666666666,68.5,71.6,client-longtail,S
94,71.02,77.05,69.85,68.5,71.65,client-longtail,S
95,71.01,77.05,69.81666666666666,68.55,71.625,client-longtail,S
96,71.0,77.1,69.83333333333333,68.4,71.65,client-longtail,S
97,71.03,77.15,69.86666666666666,68.4,71.6875,client-longtail,S
98,71.05,77.15,69.91666666666667,68.35,71.725,client-longtail,S
99,71.03,77.1,69.9,68.35,71.7,client-longtail,S
100,71.06,77.15,69.93333333333334,68.35,71.7375,client-longtail,S
0,64.95,67.7,63.56666666666667,66.35,64.6,noniid-labeldir-fine,E2
1,64.96,67.6,63.61666666666667,66.35,64.6125,noniid-labeldir-fine,E2
2,65.03,67.8,63.65,66.4,64.6875,noniid-labeldir-fine,E2
3,65.1,67.9,63.7,66.5,64.75,noniid-labeldir-fine,E2
4,65.14,67.95,63.71666666666667,66.6,64.775,noniid-labeldir-fine,E2
5,65.18,67.9,63.81666666666667,66.55,64.8375,noniid-labeldir-fine,E2
6,65.25,68.0,63.88333333333333,66.6,64.9125,noniid-labeldir-fine,E2
7,65.31,68.2,63.916666666666664,66.6,64.9875,noniid-labeldir-fine,E2
8,65.49,68.4,64.08333333333333,66.8,65.1625,noniid-labeldir-fine,E2
9,65.61,68.5,64.13333333333334,67.15,65.225,noniid-labeldir-fine,E2
10,65.64,68.6,64.15,67.15,65.2625,noniid-labeldir-fine,E2
11,65.73,68.7,64.25,67.2,65.3625,noniid-labeldir-fine,E2
12,65.75,68.7,64.26666666666667,67.25,65.375,noniid-labeldir-fine,E2
13,65.78,68.65,64.31666666666666,67.3,65.4,noniid-labeldir-fine,E2
14,65.86,68.7,64.43333333333334,67.3,65.5,noniid-labeldir-fine,E2
15,65.96,68.9,64.48333333333333,67.45,65.5875,noniid-labeldir-fine,E2
16,66.06,69.0,64.56666666666666,67.6,65.675,noniid-labeldir-fine,E2
17,66.07,69.0,64.55,67.7,65.6625,noniid-labeldir-fine,E2
18,66.07,69.0,64.53333333333333,67.75,65.65,noniid-labeldir-fine,E2
19,66.16,69.15,64.61666666666666,67.8,65.75,noniid-labeldir-fine,E2
20,66.26,69.2,64.71666666666667,67.95,65.8375,noniid-labeldir-fine,E2
21,66.3,69.25,64.75,68.0,65.875,noniid-labeldir-fine,E2
22,66.31,69.25,64.75,68.05,65.875,noniid-labeldir-fine,E2
23,66.35,69.3,64.8,68.05,65.925,noniid-labeldir-fine,E2
24,66.41,69.3,64.86666666666666,68.15,65.975,noniid-labeldir-fine,E2
25,66.42,69.3,64.86666666666666,68.2,65.975,noniid-labeldir-fine,E2
26,66.43,69.35,64.86666666666666,68.2,65.9875,noniid-labeldir-fine,E2
27,66.46,69.3,64.93333333333334,68.2,66.025,noniid-labeldir-fine,E2
28,66.47,69.35,64.93333333333334,68.2,66.0375,noniid-labeldir-fine,E2
29,66.52,69.45,64.98333333333333,68.2,66.1,noniid-labeldir-fine,E2
30,66.52,69.4,65.0,68.2,66.1,noniid-labeldir-fine,E2
31,66.58,69.4,65.08333333333333,68.25,66.1625,noniid-labeldir-fine,E2
32,66.57,69.4,65.06666666666666,68.25,66.15,noniid-labeldir-fine,E2
33,66.65,69.5,65.15,68.3,66.2375,noniid-labeldir-fine,E2
34,66.7,69.6,65.2,68.3,66.3,noniid-labeldir-fine,E2
35,66.67,69.6,65.16666666666667,68.25,66.275,noniid-labeldir-fine,E2
36,66.69,69.6,65.2,68.25,66.3,noniid-labeldir-fine,E2
37,66.7,69.65,65.2,68.25,66.3125,noniid-labeldir-fine,E2
38,66.76,69.8,65.25,68.25,66.3875,noniid-labeldir-fine,E2
39,66.81,69.85,65.3,68.3,66.4375,noniid-labeldir-fine,E2
40,66.85,69.95,65.31666666666666,68.35,66.475,noniid-labeldir-fine,E2
41,66.87,69.95,65.33333333333333,68.4,66.4875,noniid-labeldir-fine,E2
42,66.91,70.05,65.35,68.45,66.525,noniid-labeldir-fine,E2
43,66.97,70.05,65.41666666666667,68.55,66.575,noniid-labeldir-fine,E2
44,67.03,70.05,65.48333333333333,68.65,66.625,noniid-labeldir-fine,E2
45,67.05,70.2,65.48333333333333,68.6,66.6625,noniid-labeldir-fine,E2
46,67.07,70.25,65.48333333333333,68.65,66.675,noniid-labeldir-fine,E2
47,67.08,70.25,65.5,68.65,66.6875,noniid-labeldir-fine,E2
48,67.11,70.35,65.51666666666667,68.65,66.725,noniid-labeldir-fine,E2
49,67.12,70.4,65.51666666666667,68.65,66.7375,noniid-labeldir-fine,E2
50,67.15,70.45,65.56666666666666,68.6,66.7875,noniid-labeldir-fine,E2
51,67.22,70.55,65.63333333333334,68.65,66.8625,noniid-labeldir-fine,E2
52,67.26,70.6,65.66666666666667,68.7,66.9,noniid-labeldir-fine,E2
53,67.29,70.6,65.7,68.75,66.925,noniid-labeldir-fine,E2
54,67.3,70.6,65.73333333333333,68.7,66.95,noniid-labeldir-fine,E2
55,67.32,70.65,65.73333333333333,68.75,66.9625,noniid-labeldir-fine,E2
56,67.36,70.65,65.75,68.9,66.975,noniid-labeldir-fine,E2
57,67.41,70.65,65.81666666666666,68.95,67.025,noniid-labeldir-fine,E2
58,67.42,70.7,65.81666666666666,68.95,67.0375,noniid-labeldir-fine,E2
59,67.42,70.7,65.8,69.0,67.025,noniid-labeldir-fine,E2
60,67.44,70.7,65.81666666666666,69.05,67.0375,noniid-labeldir-fine,E2
61,67.49,70.75,65.88333333333334,69.05,67.1,noniid-labeldir-fine,E2
62,67.51,70.75,65.93333333333334,69.0,67.1375,noniid-labeldir-fine,E2
63,67.53,70.8,65.95,69.0,67.1625,noniid-labeldir-fine,E2
64,67.56,70.8,65.98333333333333,69.05,67.1875,noniid-labeldir-fine,E2
65,67.57,70.85,65.98333333333333,69.05,67.2,noniid-labeldir-fine,E2
66,67.58,70.9,65.96666666666667,69.1,67.2,noniid-labeldir-fine,E2
67,67.59,70.85,65.98333333333333,69.15,67.2,noniid-labeldir-fine,E2
68,67.6,70.95,65.96666666666667,69.15,67.2125,noniid-labeldir-fine,E2
69,67.61,70.9,66.01666666666667,69.1,67.2375,noniid-labeldir-fine,E2
70,67.65,70.95,66.06666666666666,69.1,67.2875,noniid-labeldir-fine,E2
71,67.65,71.0,66.05,69.1,67.2875,noniid-labeldir-fine,E2
72,67.66,71.1,66.05,69.05,67.3125,noniid-labeldir-fine,E2
73,67.69,71.2,66.05,69.1,67.3375,noniid-labeldir-fine,E2
74,67.71,71.25,66.05,69.15,67.35,noniid-labeldir-fine,E2
75,67.73,71.25,66.06666666666666,69.2,67.3625,noniid-labeldir-fine,E2
76,67.75,71.25,66.08333333333333,69.25,67.375,noniid-labeldir-fine,E2
77,67.76,71.25,66.08333333333333,69.3,67.375,noniid-labeldir-fine,E2
78,67.78,71.25,66.1,69.35,67.3875,noniid-labeldir-fine,E2
79,67.77,71.2,66.1,69.35,67.375,noniid-labeldir-fine,E2
80,67.8,71.2,66.13333333333334,69.4,67.4,noniid-labeldir-fine,E2
81,67.84,71.3,66.16666666666667,69.4,67.45,noniid-labeldir-fine,E2
82,67.87,71.3,66.21666666666667,69.4,67.4875,noniid-labeldir-fine,E2
83,67.89,71.3,66.26666666666667,69.35,67.525,noniid-labeldir-fine,E2
84,67.91,71.3,66.3,69.35,67.55,noniid-labeldir-fine,E2
85,67.95,71.3,66.31666666666666,69.5,67.5625,noniid-labeldir-fine,E2
86,67.98,71.3,66.3,69.7,67.55,noniid-labeldir-fine,E2
87,67.98,71.3,66.28333333333333,69.75,67.5375,noniid-labeldir-fine,E2
88,68.02,71.3,66.33333333333333,69.8,67.575,noniid-labeldir-fine,E2
89,68.04,71.4,66.33333333333333,69.8,67.6,noniid-labeldir-fine,E2
90,68.08,71.4,66.36666666666666,69.9,67.625,noniid-labeldir-fine,E2
91,68.09,71.45,66.36666666666666,69.9,67.6375,noniid-labeldir-fine,E2
92,68.11,71.5,66.36666666666666,69.95,67.65,noniid-labeldir-fine,E2
93,68.14,71.5,66.41666666666667,69.95,67.6875,noniid-labeldir-fine,E2
94,68.16,71.5,66.45,69.95,67.7125,noniid-labeldir-fine,E2
95,68.18,71.5,66.46666666666667,70.0,67.725,noniid-labeldir-fine,E2
96,68.19,71.5,66.48333333333333,70.0,67.7375,noniid-labeldir-fine,E2
97,68.2,71.5,66.46666666666667,70.1,67.725,noniid-labeldir-fine,E2
98,68.23,71.5,66.5,70.15,67.75,noniid-labeldir-fine,E2
99,68.26,71.55,66.51666666666667,70.2,67.775,noniid-labeldir-fine,E2
100,68.29,71.6,66.55,70.2,67.8125,noniid-labeldir-fine,E2
0,64.95,67.7,63.56666666666667,66.35,64.6,noniid-labeldir-fine,E3
1,64.96,67.6,63.61666666666667,66.35,64.6125,noniid-labeldir-fine,E3
2,65.03,67.8,63.65,66.4,64.6875,noniid-labeldir-fine,E3
3,65.1,67.9,63.7,66.5,64.75,noniid-labeldir-fine,E3
4,65.14,67.95,63.71666666666667,66.6,64.775,noniid-labeldir-fine,E3
5,65.18,67.9,63.81666666666667,66.55,64.8375,noniid-labeldir-fine,E3
6,65.25,68.0,63.88333333333333,66.6,64.9125,noniid-labeldir-fine,E3
7,65.31,68.2,63.916666666666664,66.6,64.9875,noniid-labeldir-fine,E3
8,65.49,68.4,64.08333333333333,66.8,65.1625,noniid-labeldir-fine,E3
9,65.61,68.5,64.13333333333334,67.15,65.225,noniid-labeldir-fine,E3
10,65.78,68.7,64.25,67.45,65.3625,noniid-labeldir-fine,E3
11,65.8,68.7,64.3,67.4,65.4,noniid-labeldir-fine,E3
12,65.92,68.75,64.41666666666667,67.6,65.5,noniid-labeldir-fine,E3
13,66.04,68.95,64.5,67.75,65.6125,noniid-labeldir-fine,E3
14,66.09,69.0,64.53333333333333,67.85,65.65,noniid-labeldir-fine,E3
15,66.19,69.15,64.6,68.0,65.7375,noniid-labeldir-fine,E3
16,66.18,69.15,64.58333333333333,68.0,65.725,noniid-labeldir-fine,E3
17,66.23,69.1,64.65,68.1,65.7625,noniid-labeldir-fine,E3
18,66.34,69.15,64.76666666666667,68.25,65.8625,noniid-labeldir-fine,E3
19,66.37,69.25,64.8,68.2,65.9125,noniid-labeldir-fine,E3
20,66.63,69.4,65.13333333333334,68.35,66.2,noniid-labeldir-fine,E3
21,66.71,69.4,65.25,68.4,66.2875,noniid-labeldir-fine,E3
22,66.79,69.6,65.3,68.45,66.375,noniid-labeldir-fine,E3
23,66.86,69.8,65.35,68.45,66.4625,noniid-labeldir-fine,E3
24,66.95,69.95,65.45,68.45,66.575,noniid-labeldir-fine,E3
25,66.98,69.95,65.46666666666667,68.55,66.5875,noniid-labeldir-fine,E3
26,67.05,70.0,65.51666666666667,68.7,66.6375,noniid-labeldir-fine,E3
27,67.12,70.15,65.6,68.65,66.7375,noniid-labeldir-fine,E3
28,67.14,70.15,65.63333333333334,68.65,66.7625,noniid-labeldir-fine,E3
29,67.24,70.2,65.73333333333333,68.8,66.85,noniid-labeldir-fine,E3
30,67.51,70.7,65.88333333333334,69.2,67.0875,noniid-labeldir-fine,E3
31,67.55,70.8,65.9,69.25,67.125,noniid-labeldir-fine,E3
32,67.62,70.95,65.96666666666667,69.25,67.2125,noniid-labeldir-fine,E3
33,67.67,71.05,66.0,69.3,67.2625,noniid-labeldir-fine,E3
34,67.75,71.15,66.05,69.45,67.325,noniid-labeldir-fine,E3
35,67.79,71.2,66.11666666666666,69.4,67.3875,noniid-labeldir-fine,E3
36,67.87,71.25,66.18333333333334,69.55,67.45,noniid-labeldir-fine,E3
37,67.93,71.35,66.23333333333333,69.6,67.5125,noniid-labeldir-fine,E3
38,67.95,71.4,66.23333333333333,69.65,67.525,noniid-labeldir-fine,E3
39,67.98,71.35,66.26666666666667,69.75,67.5375,noniid-labeldir-fine,E3
40,68.15,71.55,66.31666666666666,70.25,67.625,noniid-labeldir-fine,E3
41,68.17,71.6,66.33333333333333,70.25,67.65,noniid-labeldir-fine,E3
42,68.21,71.65,66.35,70.35,67.675,noniid-labeldir-fine,E3
43,68.26,71.7,66.4,70.4,67.725,noniid-labeldir-fine,E3
44,68.29,71.7,66.46666666666667,70.35,67.775,noniid-labeldir-fine,E3
45,68.29,71.7,66.46666666666667,70.35,67.775,noniid-labeldir-fine,E3
46,68.34,71.8,66.51666666666667,70.35,67.8375,noniid-labeldir-fine,E3
47,68.4,71.85,66.58333333333333,70.4,67.9,noniid-labeldir-fine,E3
48,68.49,72.0,66.66666666666667,70.45,68.0,noniid-labeldir-fine,E3
49,68.52,72.05,66.65,70.6,68.0,noniid-labeldir-fine,E3
50,68.56,72.3,66.58333333333333,70.75,68.0125,noniid-labeldir-fine,E3
51,68.58,72.45,66.56666666666666,70.75,68.0375,noniid-labeldir-fine,E3
52,68.57,72.4,66.58333333333333,70.7,68.0375,noniid-labeldir-fine,E3
53,68.57,72.5,66.56666666666666,70.65,68.05,noniid-labeldir-fine,E3
54,68.61,72.6,66.61666666666666,70.6,68.1125,noniid-labeldir-fine,E3
55,68.67,72.7,66.66666666666667,70.65,68.175,noniid-labeldir-fine,E3
56,68.68,72.7,66.68333333333334,70.65,68.1875,noniid-labeldir-fine,E3
57,68.7,72.75,66.7,70.65,68.2125,noniid-labeldir-fine,E3
58,68.7,72.75,66.66666666666667,70.75,68.1875,noniid-labeldir-fine,E3
59,68.71,72.75,66.68333333333334,70.75,68.2,noniid-labeldir-fine,E3
60,68.83,73.15,66.68333333333334,70.95,68.3,noniid-labeldir-fine,E3
61,68.81,73.05,66.68333333333334,70.95,68.275,noniid-labeldir-fine,E3
62,68.82,73.05,66.71666666666667,70.9,68.3,noniid-labeldir-fine,E3
63,68.8,72.9,66.73333333333333,70.9,68.275,noniid-labeldir-fine,E3
64,68.8,72.95,66.73333333333333,70.85,68.2875,noniid-labeldir-fine,E3
65,68.82,72.9,66.76666666666667,70.9,68.3,noniid-labeldir-fine,E3
66,68.82,72.9,66.75,70.95,68.2875,noniid-labeldir-fine,E3
67,68.87,72.95,66.75,71.15,68.3,noniid-labeldir-fine,E3
68,68.88,73.0,66.75,71.15,68.3125,noniid-labeldir-fine,E3
69,68.88,73.05,66.73333333333333,71.15,68.3125,noniid-labeldir-fine,E3
70,68.92,73.5,66.58333333333333,71.35,68.3125,noniid-labeldir-fine,E3
71,68.98,73.5,66.65,71.45,68.3625,noniid-labeldir-fine,E3
72,69.01,73.5,66.7,71.45,68.4,noniid-labeldir-fine,E3
73,69.04,73.55,66.73333333333333,71.45,68.4375,noniid-labeldir-fine,E3
74,69.07,73.55,66.78333333333333,71.45,68.475,noniid-labeldir-fine,E3
75,69.09,73.7,66.78333333333333,71.4,68.5125,noniid-labeldir-fine,E3
76,69.12,73.8,66.8,71.4,68.55,noniid-labeldir-fine,E3
77,69.12,73.85,66.78333333333333,71.4,68.55,noniid-labeldir-fine,E3
78,69.11,73.85,66.76666666666667,71.4,68.5375,noniid-labeldir-fine,E3
79,69.18,74.0,66.78333333333333,71.55,68.5875,noniid-labeldir-fine,E3
80,69.27,74.2,66.81666666666666,71.7,68.6625,noniid-labeldir-fine,E3
81,69.31,74.15,66.85,71.85,68.675,noniid-labeldir-fine,E3
82,69.34,74.15,66.9,71.85,68.7125,noniid-labeldir-fine,E3
83,69.39,74.15,66.96666666666667,71.9,68.7625,noniid-labeldir-fine,E3
84,69.43,74.25,67.0,71.9,68.8125,noniid-labeldir-fine,E3
85,69.46,74.3,67.01666666666667,71.95,68.8375,noniid-labeldir-fine,E3
86,69.48,74.3,67.03333333333333,72.0,68.85,noniid-labeldir-fine,E3
87,69.5,74.3,67.05,72.05,68.8625,noniid-labeldir-fine,E3
88,69.51,74.3,67.06666666666666,72.05,68.875,noniid-labeldir-fine,E3
89,69.52,74.35,67.06666666666666,72.05,68.8875,noniid-labeldir-fine,E3
90,69.65,74.65,67.2,72.0,69.0625,noniid-labeldir-fine,E3
91,69.65,74.65,67.18333333333334,72.05,69.05,noniid-labeldir-fine,E3
92,69.66,74.65,67.2,72.05,69.0625,noniid-labeldir-fine,E3
93,69.69,74.75,67.23333333333333,72.0,69.1125,noniid-labeldir-fine,E3
94,69.72,74.75,67.26666666666667,72.05,69.1375,noniid-labeldir-fine,E3
95,69.74,74.8,67.28333333333333,72.05,69.1625,noniid-labeldir-fine,E3
96,69.77,74.8,67.33333333333333,72.05,69.2,noniid-labeldir-fine,E3
97,69.8,74.8,67.36666666666666,72.1,69.225,noniid-labeldir-fine,E3
98,69.81,74.9,67.33333333333333,72.15,69.225,noniid-labeldir-fine,E3
99,69.82,74.85,67.36666666666666,72.15,69.2375,noniid-labeldir-fine,E3
100,69.82,74.85,67.38333333333334,72.1,69.25,noniid-labeldir-fine,E3
0,64.95,67.7,63.56666666666667,66.35,64.6,noniid-labeldir-fine,J
1,64.97,67.6,63.61666666666667,66.4,64.6125,noniid-labeldir-fine,J
2,65.08,67.85,63.68333333333333,66.5,64.725,noniid-labeldir-fine,J
3,65.24,68.0,63.833333333333336,66.7,64.875,noniid-labeldir-fine,J
4,65.7,68.4,64.23333333333333,67.4,65.275,noniid-labeldir-fine,J
5,66.22,69.0,64.63333333333334,68.2,65.725,noniid-labeldir-fine,J
6,66.76,69.65,65.2,68.55,66.3125,noniid-labeldir-fine,J
7,67.21,70.3,65.58333333333333,69.0,66.7625,noniid-labeldir-fine,J
8,67.65,71.2,65.71666666666667,69.9,67.0875,noniid-labeldir-fine,J
9,67.95,71.6,66.03333333333333,70.05,67.425,noniid-labeldir-fine,J
10,68.18,72.1,66.16666666666667,70.3,67.65,noniid-labeldir-fine,J
11,68.32,72.3,66.21666666666667,70.65,67.7375,noniid-labeldir-fine,J
12,68.58,72.95,66.4,70.75,68.0375,noniid-labeldir-fine,J
13,68.64,73.15,66.41666666666667,70.8,68.1,noniid-labeldir-fine,J
14,68.81,73.5,66.43333333333334,71.25,68.2,noniid-labeldir-fine,J
15,69.04,74.15,66.58333333333333,71.3,68.475,noniid-labeldir-fine,J
16,69.18,74.5,66.58333333333333,71.65,68.5625,noniid-labeldir-fine,J
17,69.41,74.65,66.88333333333334,71.75,68.825,noniid-labeldir-fine,J
18,69.56,74.75,67.11666666666666,71.7,69.025,noniid-labeldir-fine,J
19,69.65,74.7,67.18333333333334,72.0,69.0625,noniid-labeldir-fine,J
20,69.9,74.9,67.45,72.25,69.3125,noniid-labeldir-fine,J
21,70.03,74.75,67.61666666666666,72.55,69.4,noniid-labeldir-fine,J
22,70.19,74.8,67.81666666666666,72.7,69.5625,noniid-labeldir-fine,J
23,70.28,75.0,67.91666666666667,72.65,69.6875,noniid-labeldir-fine,J
24,70.38,75.0,67.98333333333333,72.95,69.7375,noniid-labeldir-fine,J
25,70.4,74.85,68.06666666666666,72.95,69.7625,noniid-labeldir-fine,J
26,70.4,74.7,68.16666666666667,72.8,69.8,noniid-labeldir-fine,J
27,70.46,74.7,68.26666666666667,72.8,69.875,noniid-labeldir-fine,J
28,70.58,74.65,68.4,73.05,69.9625,noniid-labeldir-fine,J
29,70.67,74.85,68.53333333333333,72.9,70.1125,noniid-labeldir-fine,J
30,70.8,75.1,68.68333333333334,72.85,70.2875,noniid-labeldir-fine,J
31,70.8,74.95,68.75,72.8,70.3,noniid-labeldir-fine,J
32,70.77,75.0,68.68333333333334,72.8,70.2625,noniid-labeldir-fine,J
33,70.87,75.05,68.86666666666666,72.7,70.4125,noniid-labeldir-fine,J
34,70.87,75.1,68.88333333333334,72.6,70.4375,noniid-labeldir-fine,J
35,70.86,75.05,68.93333333333334,72.45,70.4625,noniid-labeldir-fine,J
36,70.84,75.05,68.96666666666667,72.25,70.4875,noniid-labeldir-fine,J
37,71.02,75.45,69.1,72.35,70.6875,noniid-labeldir-fine,J
38,71.04,75.35,69.18333333333334,72.3,70.725,noniid-labeldir-fine,J
39,70.9,75.35,69.11666666666666,71.8,70.675,noniid-labeldir-fine,J
40,71.04,75.5,69.31666666666666,71.75,70.8625,noniid-labeldir-fine,J
41,71.12,75.65,69.36666666666666,71.85,70.9375,noniid-labeldir-fine,J
42,71.08,75.5,69.41666666666667,71.65,70.9375,noniid-labeldir-fine,J
43,71.16,75.6,69.55,71.55,71.0625,noniid-labeldir-fine,J
44,71.15,75.65,69.51666666666667,71.55,71.05,noniid-labeldir-fine,J
45,71.22,75.9,69.55,71.55,71.1375,noniid-labeldir-fine,J
46,71.3,76.0,69.63333333333334,71.6,71.225,noniid-labeldir-fine,J
47,71.39,76.0,69.73333333333333,71.75,71.3,noniid-labeldir-fine,J
48,71.43,76.05,69.7,72.0,71.2875,noniid-labeldir-fine,J
49,71.61,75.85,70.05,72.05,71.5,noniid-labeldir-fine,J
50,71.68,76.15,70.0,72.25,71.5375,noniid-labeldir-fine,J
51,71.74,76.15,70.11666666666666,72.2,71.625,noniid-labeldir-fine,J
52,71.66,76.2,70.0,72.1,71.55,noniid-labeldir-fine,J
53,71.66,76.25,70.01666666666667,72.0,71.575,noniid-labeldir-fine,J
54,71.78,76.4,70.15,72.05,71.7125,noniid-labeldir-fine,J
55,71.73,76.5,70.1,71.85,71.7,noniid-labeldir-fine,J
56,71.75,76.5,70.15,71.8,71.7375,noniid-labeldir-fine,J
57,71.8,76.55,70.21666666666667,71.8,71.8,noniid-labeldir-fine,J
58,71.8,76.45,70.28333333333333,71.7,71.825,noniid-labeldir-fine,J
59,71.82,76.6,70.25,71.75,71.8375,noniid-labeldir-fine,J
60,71.75,76.65,70.18333333333334,71.55,71.8,noniid-labeldir-fine,J
61,71.84,76.7,70.31666666666666,71.55,71.9125,noniid-labeldir-fine,J
62,71.96,76.65,70.45,71.8,72.0,noniid-labeldir-fine,J
63,71.94,76.5,70.33333333333333,72.2,71.875,noniid-labeldir-fine,J
64,71.99,76.55,70.41666666666667,72.15,71.95,noniid-labeldir-fine,J
65,71.97,76.45,70.43333333333334,72.1,71.9375,noniid-labeldir-fine,J
66,71.96,76.1,70.56666666666666,72.0,71.95,noniid-labeldir-fine,J
67,71.99,76.25,70.51666666666667,72.15,71.95,noniid-labeldir-fine,J
68,72.0,76.3,70.5,72.2,71.95,noniid-labeldir-fine,J
69,72.09,76.55,70.56666666666666,72.2,72.0625,noniid-labeldir-fine,J
70,72.0,76.45,70.53333333333333,71.95,72.0125,noniid-labeldir-fine,J
71,72.03,76.45,70.6,71.9,72.0625,noniid-labeldir-fine,J
72,72.11,76.55,70.7,71.9,72.1625,noniid-labeldir-fine,J
73,72.17,76.8,70.71666666666667,71.9,72.2375,noniid-labeldir-fine,J
74,72.14,76.75,70.7,71.85,72.2125,noniid-labeldir-fine,J
75,72.15,76.7,70.76666666666667,71.75,72.25,noniid-labeldir-fine,J
76,72.1,76.75,70.7,71.65,72.2125,noniid-labeldir-fine,J
77,72.13,76.75,70.8,71.5,72.2875,noniid-labeldir-fine,J
78,72.11,76.9,70.73333333333333,71.45,72.275,noniid-labeldir-fine,J
79,72.16,76.95,70.76666666666667,71.55,72.3125,noniid-labeldir-fine,J
80,72.16,77.15,70.8,71.25,72.3875,noniid-labeldir-fine,J
81,72.19,76.85,70.9,71.4,72.3875,noniid-labeldir-fine,J
82,72.17,77.15,70.8,71.3,72.3875,noniid-labeldir-fine,J
83,72.17,77.05,70.86666666666666,71.2,72.4125,noniid-labeldir-fine,J
84,72.2,77.15,70.83333333333333,71.35,72.4125,noniid-labeldir-fine,J
85,72.24,77.15,70.86666666666666,71.45,72.4375,noniid-labeldir-fine,J
86,72.27,77.25,70.88333333333334,71.45,72.475,noniid-labeldir-fine,J
87,72.34,77.3,70.95,71.55,72.5375,noniid-labeldir-fine,J
88,72.31,77.3,70.95,71.4,72.5375,noniid-labeldir-fine,J
89,72.36,77.3,71.03333333333333,71.4,72.6,noniid-labeldir-fine,J
90,72.39,77.3,71.03333333333333,71.55,72.6,noniid-labeldir-fine,J
91,72.33,77.1,70.9,71.85,72.45,noniid-labeldir-fine,J
92,72.26,77.2,70.85,71.55,72.4375,noniid-labeldir-fine,J
93,72.35,77.05,71.05,71.55,72.55,noniid-labeldir-fine,J
94,72.32,77.35,70.95,71.4,72.55,noniid-labeldir-fine,J
95,72.22,77.0,71.0,71.1,72.5,noniid-labeldir-fine,J
96,72.35,77.45,71.08333333333333,71.05,72.675,noniid-labeldir-fine,J
97,72.4,77.35,71.15,71.2,72.7,noniid-labeldir-fine,J
98,72.34,77.4,71.1,71.0,72.675,noniid-labeldir-fine,J
99,72.34,77.2,71.1,71.2,72.625,noniid-labeldir-fine,J
100,72.3,77.15,71.03333333333333,71.25,72.5625,noniid-labeldir-fine,J
0,64.95,67.7,63.56666666666667,66.35,64.6,noniid-labeldir-fine,S
1,64.96,67.6,63.61666666666667,66.35,64.6125,noniid-labeldir-fine,S
2,65.05,67.8,63.666666666666664,66.45,64.7,noniid-labeldir-fine,S
3,65.13,67.95,63.68333333333333,66.65,64.75,noniid-labeldir-fine,S
4,65.25,67.95,63.9,66.6,64.9125,noniid-labeldir-fine,S
5,65.43,68.2,64.05,66.8,65.0875,noniid-labeldir-fine,S
6,65.71,68.5,64.18333333333334,67.5,65.2625,noniid-labeldir-fine,S
7,65.91,68.75,64.33333333333333,67.8,65.4375,noniid-labeldir-fine,S
8,66.16,69.05,64.58333333333333,68.0,65.7,noniid-labeldir-fine,S
9,66.45,69.45,64.86666666666666,68.2,66.0125,noniid-labeldir-fine,S
10,66.62,69.7,65.01666666666667,68.35,66.1875,noniid-labeldir-fine,S
11,66.9,69.85,65.36666666666666,68.55,66.4875,noniid-labeldir-fine,S
12,67.14,70.3,65.53333333333333,68.8,66.725,noniid-labeldir-fine,S
13,67.28,70.3,65.66666666666667,69.1,66.825,noniid-labeldir-fine,S
14,67.5,70.7,65.8,69.4,67.025,noniid-labeldir-fine,S
15,67.7,71.1,65.86666666666666,69.8,67.175,noniid-labeldir-fine,S
16,67.81,71.35,65.88333333333334,70.05,67.25,noniid-labeldir-fine,S
17,67.94,71.55,66.01666666666667,70.1,67.4,noniid-labeldir-fine,S
18,68.02,71.7,66.06666666666666,70.2,67.475,noniid-labeldir-fine,S
19,68.1,71.85,66.13333333333334,70.25,67.5625,noniid-labeldir-fine,S
20,68.21,71.95,66.26666666666667,70.3,67.6875,noniid-labeldir-fine,S
21,68.33,72.2,66.28333333333333,70.6,67.7625,noniid-labeldir-fine,S
22,68.37,72.25,66.35,70.55,67.825,noniid-labeldir-fine,S
23,68.54,72.75,66.41666666666667,70.7,68.0,noniid-labeldir-fine,S
24,68.56,72.85,66.41666666666667,70.7,68.025,noniid-labeldir-fine,S
25,68.56,72.95,66.36666666666666,70.75,68.0125,noniid-labeldir-fine,S
26,68.58,73.0,66.38333333333334,70.75,68.0375,noniid-labeldir-fine,S
27,68.69,73.15,66.46666666666667,70.9,68.1375,noniid-labeldir-fine,S
28,68.81,73.45,66.51666666666667,71.05,68.25,noniid-labeldir-fine,S
29,68.92,73.6,66.53333333333333,71.4,68.3,noniid-labeldir-fine,S
30,69.06,73.95,66.61666666666666,71.5,68.45,noniid-labeldir-fine,S
31,69.15,74.3,66.66666666666667,71.45,68.575,noniid-labeldir-fine,S
32,69.24,74.4,66.73333333333333,71.6,68.65,noniid-labeldir-fine,S
33,69.32,74.5,66.8,71.7,68.725,noniid-labeldir-fine,S
34,69.3,74.5,66.78333333333333,71.65,68.7125,noniid-labeldir-fine,S
35,69.39,74.65,66.85,71.75,68.8,noniid-labeldir-fine,S
36,69.47,74.7,66.98333333333333,71.7,68.9125,noniid-labeldir-fine,S
37,69.5,74.75,67.03333333333333,71.65,68.9625,noniid-labeldir-fine,S
38,69.52,74.7,67.11666666666666,71.55,69.0125,noniid-labeldir-fine,S
39,69.62,74.8,67.21666666666667,71.65,69.1125,noniid-labeldir-fine,S
40,69.65,74.75,67.25,71.75,69.125,noniid-labeldir-fine,S
41,69.7,74.75,67.26666666666667,71.95,69.1375,noniid-labeldir-fine,S
42,69.76,74.85,67.3,72.05,69.1875,noniid-labeldir-fine,S
43,69.83,74.9,67.35,72.2,69.2375,noniid-labeldir-fine,S
44,69.93,74.95,67.45,72.35,69.325,noniid-labeldir-fine,S
45,70.01,74.9,67.55,72.5,69.3875,noniid-labeldir-fine,S
46,70.05,74.9,67.6,72.55,69.425,noniid-labeldir-fine,S
47,70.11,74.9,67.71666666666667,72.5,69.5125,noniid-labeldir-fine,S
48,70.14,74.9,67.73333333333333,72.6,69.525,noniid-labeldir-fine,S
49,70.2,74.85,67.85,72.6,69.6,noniid-labeldir-fine,S
50,70.21,74.95,67.8,72.7,69.5875,noniid-labeldir-fine,S
51,70.21,75.0,67.78333333333333,72.7,69.5875,noniid-labeldir-fine,S
52,70.24,74.9,67.85,72.75,69.6125,noniid-labeldir-fine,S
53,70.3,74.95,67.9,72.85,69.6625,noniid-labeldir-fine,S
54,70.25,74.85,67.9,72.7,69.6375,noniid-labeldir-fine,S
55,70.27,74.8,67.93333333333334,72.75,69.65,noniid-labeldir-fine,S
56,70.32,74.8,68.0,72.8,69.7,noniid-labeldir-fine,S
57,70.38,74.85,68.05,72.9,69.75,noniid-labeldir-fine,S
58,70.44,74.9,68.15,72.85,69.8375,noniid-labeldir-fine,S
59,70.47,74.95,68.18333333333334,72.85,69.875,noniid-labeldir-fine,S
60,70.46,74.9,68.2,72.8,69.875,noniid-labeldir-fine,S
61,70.53,74.95,68.26666666666667,72.9,69.9375,noniid-labeldir-fine,S
62,70.54,74.95,68.3,72.85,69.9625,noniid-labeldir-fine,S
63,70.5,74.95,68.28333333333333,72.7,69.95,noniid-labeldir-fine,S
64,70.52,75.05,68.3,72.65,69.9875,noniid-labeldir-fine,S
65,70.62,75.05,68.4,72.85,70.0625,noniid-labeldir-fine,S
66,70.57,74.95,68.36666666666666,72.8,70.0125,noniid-labeldir-fine,S
67,70.59,74.95,68.41666666666667,72.75,70.05,noniid-labeldir-fine,S
68,70.65,75.05,68.48333333333333,72.75,70.125,noniid-labeldir-fine,S
69,70.68,75.2,68.48333333333333,72.75,70.1625,noniid-labeldir-fine,S
70,70.78,75.3,68.58333333333333,72.85,70.2625,noniid-labeldir-fine,S
71,70.79,75.3,68.6,72.85,70.275,noniid-labeldir-fine,S
72,70.74,75.35,68.53333333333333,72.75,70.2375,noniid-labeldir-fine,S
73,70.8,75.4,68.58333333333333,72.85,70.2875,noniid-labeldir-fine,S
74,70.81,75.35,68.65,72.75,70.325,noniid-labeldir-fine,S
75,70.8,75.3,68.66666666666667,72.7,70.325,noniid-labeldir-fine,S
76,70.86,75.3,68.73333333333333,72.8,70.375,noniid-labeldir-fine,S
77,70.83,75.3,68.7,72.75,70.35,noniid-labeldir-fine,S
78,70.8,75.3,68.63333333333334,72.8,70.3,noniid-labeldir-fine,S
79,70.79,75.3,68.63333333333334,72.75,70.3,noniid-labeldir-fine,S
80,70.77,75.2,68.65,72.7,70.2875,noniid-labeldir-fine,S
81,70.81,75.25,68.73333333333333,72.6,70.3625,noniid-labeldir-fine,S
82,70.8,75.25,68.73333333333333,72.55,70.3625,noniid-labeldir-fine,S
83,70.84,75.25,68.81666666666666,72.5,70.425,noniid-labeldir-fine,S
84,70.86,75.25,68.85,72.5,70.45,noniid-labeldir-fine,S
85,70.89,75.35,68.88333333333334,72.45,70.5,noniid-labeldir-fine,S
86,70.9,75.4,68.88333333333334,72.45,70.5125,noniid-labeldir-fine,S
87,70.93,75.5,68.91666666666667,72.4,70.5625,noniid-labeldir-fine,S
88,70.99,75.5,69.0,72.45,70.625,noniid-labeldir-fine,S
89,70.99,75.55,69.01666666666667,72.35,70.65,noniid-labeldir-fine,S
90,71.02,75.6,69.05,72.35,70.6875,noniid-labeldir-fine,S
91,71.04,75.65,69.05,72.4,70.7,noniid-labeldir-fine,S
92,71.04,75.6,69.06666666666666,72.4,70.7,noniid-labeldir-fine,S
93,71.09,75.7,69.13333333333334,72.35,70.775,noniid-labeldir-fine,S
94,71.05,75.7,69.13333333333334,72.15,70.775,noniid-labeldir-fine,S
95,71.13,75.75,69.28333333333333,72.05,70.9,noniid-labeldir-fine,S
96,71.12,75.85,69.25,72.0,70.9,noniid-labeldir-fine,S
97,71.16,75.9,69.3,72.0,70.95,noniid-labeldir-fine,S
98,71.16,75.9,69.31666666666666,71.95,70.9625,noniid-labeldir-fine,S
99,71.24,75.9,69.41666666666667,72.05,71.0375,noniid-labeldir-fine,S
100,71.22,75.95,69.38333333333334,72.0,71.025,noniid-labeldir-fine,S
