分组,实验,编号,协议组,划分,seed,Overall81_100,Head20_81_100,Middle60_81_100,Tail20_81_100,Many81_100,Medium81_100,Few81_100,Tail峰值,峰值轮,Tail最后,最后记录轮,峰值到最后回落pp,说明,原始路径
2 支持归一化：独立协议,分别平均A/B；权重q=n/N,R546816346,P2 原始LoRA CE/rank2/AMP/普通Dir 2×2,client-longtail,42,64.77250000000001,86.5525,66.78666666666666,36.95,82.56571428571428,66.93142857142857,41.495,68.15,5,36.75,100,31.400000000000006,,output/cifar100_LT/ClipLora_SupportNormalized_2x2_seed42/seed42/clientlt/fedavg
2 支持归一化：独立协议,分别平均A/B；每尾类在支持客户端内按样本量归一化，再对尾类等权平均,Rebdd18038,P2 原始LoRA CE/rank2/AMP/普通Dir 2×2,client-longtail,42,65.1425,85.2025,65.00750000000001,45.4875,80.94428571428571,64.43857142857142,47.528333333333336,68.15,5,45.8,100,22.35000000000001,,output/cifar100_LT/ClipLora_SupportNormalized_2x2_seed42/seed42/clientlt/support_normalized
2 支持归一化：独立协议,分别平均A/B；权重q=n/N,Rf4337bdae,P2 原始LoRA CE/rank2/AMP/普通Dir 2×2,noniid-labeldir-fine,42,66.842,86.08500000000001,66.43416666666667,48.822500000000005,82.27714285714286,66.31,49.455,68.2,5,48.7,100,19.5,,output/cifar100_LT/ClipLora_SupportNormalized_2x2_seed42/seed42/dirichlet/fedavg
2 支持归一化：独立协议,分别平均A/B；每尾类在支持客户端内按样本量归一化，再对尾类等权平均,Rf42d9c19c,P2 原始LoRA CE/rank2/AMP/普通Dir 2×2,noniid-labeldir-fine,42,66.6745,85.4275,66.0275,49.8625,81.74285714285715,65.82857142857142,50.08166666666666,68.05,5,49.4,100,18.65,,output/cifar100_LT/ClipLora_SupportNormalized_2x2_seed42/seed42/dirichlet/support_normalized
1 开篇：固定边际双拓扑,FedAvg＋LoRA,Rcc29da3dc,P1 原始LoRA CE/rank2/AMP/固定边际双拓扑,client-longtail,42,64.72200000000001,85.6725,66.93583333333333,37.13,81.9042857142857,67.30571428571429,41.66166666666667,68.8,5,37.15,100,31.65,,output/eri_seed42_share/output/eri_closure_v1/runs/clientlt_fedavg/seed42
1 开篇：固定边际双拓扑,FedAvg＋LoRA,Rb6a37e628,P1 原始LoRA CE/rank2/AMP/固定边际双拓扑,matched-dirichlet,42,67.04400000000001,85.9,66.38333333333334,50.17,82.00428571428571,66.41142857142856,50.32833333333333,68.75,5,49.4,100,19.35,,output/eri_seed42_share/output/eri_closure_v1/runs/matched_dirichlet_fedavg/seed42
3 LA与A训练方式,E0,Rbf2f20b61,P4 LA-control/rank4/FP32/client-longtail,client-longtail,42,67.697,77.44,64.43416666666667,67.74249999999999,73.25285714285715,64.14,65.365,68.0,83,67.55,100,0.45000000000000284,,output/la_control_js_topology_analysis/la_control/seed42/client-longtail/e0/tau0_a1_protocol42
3 LA与A训练方式,E1,R58124e2e8,P4 LA-control/rank4/FP32/client-longtail,client-longtail,42,65.876,83.91999999999999,62.586666666666666,57.7,77.75571428571428,62.53571428571429,55.913333333333334,68.55,31,55.65,100,12.899999999999999,,output/la_control_js_topology_analysis/la_control/seed42/client-longtail/e1/tau0_a1_protocol42
3 LA与A训练方式,E2,Ra9d49b1ac,P4 LA-control/rank4/FP32/client-longtail,client-longtail,42,68.101,71.6425,66.40416666666667,69.65,69.85714285714286,65.61,68.95833333333334,69.85,98,69.8,100,0.04999999999999716,,output/la_control_js_topology_analysis/la_control/seed42/client-longtail/e2/tau1_a1_protocol42
3 LA与A训练方式,E3,R16bae8362,P4 LA-control/rank4/FP32/client-longtail,client-longtail,42,69.6455,74.5775,67.465,71.255,71.72142857142858,66.87142857142858,70.46000000000001,71.4,89,71.05,100,0.3500000000000085,,output/la_control_js_topology_analysis/la_control/seed42/client-longtail/e3/tau1_a1_protocol42
3 LA与A训练方式,J,Rf8efb6108,P4 LA-control/rank4/FP32/client-longtail,client-longtail,42,71.196,78.56,72.38333333333334,60.27,76.7642857142857,72.59285714285714,63.07000000000001,71.7,22,59.55,100,12.150000000000006,,output/la_control_js_topology_analysis/la_control/seed42/client-longtail/j/tau1_a1_protocol42
3 LA与A训练方式,S,R3b1af80e9,P4 LA-control/rank4/FP32/client-longtail,client-longtail,42,70.91,76.8375,69.68333333333334,68.6625,73.96714285714286,70.14714285714285,68.23333333333333,71.8,46,68.35,100,3.450000000000003,,output/la_control_js_topology_analysis/la_control/seed42/client-longtail/s/tau1_a1_protocol42
3 LA与A训练方式,E5,R8cef9ce3a,P4 LA-control/rank4/FP32/client-longtail,client-longtail,42,69.5405,74.37,67.39416666666666,71.15,71.6,66.72,70.42833333333333,71.25,90,71.25,100,0.0,E5为旧路线备查,output/la_control_js_topology_analysis/la_control/seed42/client-longtail/e5/tau1_a1_h2_t0.002_hist0.002_gain0.0001_p2_protocol42
3 LA与A训练方式,E2,R06c0384a2,P4 LA-control/rank4/FP32/matched-dirichlet,matched-dirichlet,42,68.251,71.655,66.47666666666666,70.17,69.90714285714286,65.7,69.295,70.45,95,70.4,100,0.04999999999999716,,output/la_control_js_topology_analysis/la_control/seed42/matched-dirichlet/e2/tau1_a1_protocol42
3 LA与A训练方式,E3,R011ba6aba,P4 LA-control/rank4/FP32/matched-dirichlet,matched-dirichlet,42,69.664,74.4575,67.35166666666666,71.8075,71.50571428571428,66.91285714285713,70.725,71.9,85,71.7,100,0.20000000000000284,,output/la_control_js_topology_analysis/la_control/seed42/matched-dirichlet/e3/tau1_a1_protocol42
3 LA与A训练方式,J,Rc4b80f302,P4 LA-control/rank4/FP32/matched-dirichlet,matched-dirichlet,42,72.467,77.35,70.66083333333333,73.0025,75.15,71.19,70.82666666666667,73.2,98,72.8,100,0.4000000000000057,,output/la_control_js_topology_analysis/la_control/seed42/matched-dirichlet/j/tau1_a1_protocol42
3 LA与A训练方式,S,R25f817d5a,P4 LA-control/rank4/FP32/matched-dirichlet,matched-dirichlet,42,70.9435,75.5325,69.03833333333333,72.07000000000001,72.97142857142856,69.48428571428572,70.28,72.75,58,72.1,100,0.6500000000000057,,output/la_control_js_topology_analysis/la_control/seed42/matched-dirichlet/s/tau1_a1_protocol42
3 LA与A训练方式,E5,Rd49fb5b51,P4 LA-control/rank4/FP32/matched-dirichlet,matched-dirichlet,42,69.5845,74.25750000000001,67.29666666666667,71.775,71.37142857142858,66.84857142857143,70.69166666666666,71.85,89,71.85,100,0.0,E5为旧路线备查,output/la_control_js_topology_analysis/la_control/seed42/matched-dirichlet/e5/tau1_a1_h2_t0.002_hist0.002_gain0.0001_p2_protocol42
3 LA与A训练方式,普通Dir E0,R72f6ab547,P4 LA-control/rank4/FP32/noniid-labeldir-fine,noniid-labeldir-fine,42,67.6695,76.97,64.47749999999999,67.94500000000001,72.89428571428572,64.18285714285715,65.64166666666668,68.1,82,67.75,100,0.3499999999999943,,output/la_control_dirichlet_supplement_analysis/la_control/seed42/noniid-labeldir-fine/e0/tau0_a1_protocol42_beta0.5
3 LA与A训练方式,普通Dir E1,Rdbad269b1,P4 LA-control/rank4/FP32/noniid-labeldir-fine,noniid-labeldir-fine,42,66.438,83.485,62.589166666666664,60.9375,77.41714285714286,62.43571428571429,58.29833333333333,68.6,31,59.5,100,9.099999999999994,,output/la_control_dirichlet_supplement_analysis/la_control/seed42/noniid-labeldir-fine/e1/tau0_a1_protocol42_beta0.5
3 LA与A训练方式,普通Dir E2,R4538f3c4b,P4 LA-control/rank4/FP32/noniid-labeldir-fine,noniid-labeldir-fine,42,68.07050000000001,71.41499999999999,66.37333333333333,69.8175,69.78285714285714,65.49857142857142,69.07333333333334,70.2,99,70.2,100,0.0,,output/la_control_dirichlet_supplement_analysis/la_control/seed42/noniid-labeldir-fine/e2/tau1_a1_protocol42_beta0.5
3 LA与A训练方式,普通Dir E5,Rabbe357e1,P4 LA-control/rank4/FP32/noniid-labeldir-fine,noniid-labeldir-fine,42,69.4605,74.22,67.03166666666667,71.9875,71.47428571428571,66.24857142857142,70.85833333333333,72.2,99,72.2,100,0.0,,output/la_control_dirichlet_supplement_analysis/la_control/seed42/noniid-labeldir-fine/e5/tau1_a1_h2_t0.002_hist0.002_gain0.0001_p2_protocol42_beta0.5
3 LA与A训练方式,普通Dir E3,Rfb18c92b9,P4 LA-control/rank4/FP32/noniid-labeldir-fine,noniid-labeldir-fine,42,69.6035,74.535,67.155,72.0175,71.71714285714286,66.39428571428572,70.88166666666667,72.15,98,72.1,100,0.05000000000001137,,output/la_control_standard_dirichlet_e3_j_s_analysis/la_control/seed42/noniid-labeldir-fine/e3/tau1_a1_protocol42_beta0.5
3 LA与A训练方式,普通Dir J,Rffcabcd73,P4 LA-control/rank4/FP32/noniid-labeldir-fine,noniid-labeldir-fine,42,72.29249999999999,77.2025,70.96666666666667,71.36,75.25571428571428,71.33857142857143,69.94833333333334,73.05,28,71.25,100,1.7999999999999972,,output/la_control_standard_dirichlet_e3_j_s_analysis/la_control/seed42/noniid-labeldir-fine/j/tau1_a1_protocol42_beta0.5
3 LA与A训练方式,普通Dir S,R652116473,P4 LA-control/rank4/FP32/noniid-labeldir-fine,noniid-labeldir-fine,42,71.014,75.59,69.06083333333333,72.2975,73.04428571428572,69.30285714285715,70.64166666666667,72.9,57,72.0,100,0.9000000000000057,,output/la_control_standard_dirichlet_e3_j_s_analysis/la_control/seed42/noniid-labeldir-fine/s/tau1_a1_protocol42_beta0.5
5 B辅助增强,sfra_full-cp_bagg_uniform8_b_transfer lambda10_mu1_protocol42_b_lr0.3_probe0.1_reg0.001_bagg_uniform8_fast,R42b48f11a,P5 SFRA/rank4/FP32/LA/Client-LT（执行版本另核）,client-longtail,42,70.655,76.02250000000001,68.73333333333333,71.0525,73.07285714285715,68.62714285714286,70.2,71.65,56,70.75,100,0.9000000000000057,,output/sfra_b_aggregation_analysis/sfra_b_aggregation/seed42/client-longtail/full-cp/lambda10_mu1_protocol42_b_lr0.3_probe0.1_reg0.001_bagg_uniform8_fast
5 B辅助增强,sfra_full-cp_bagg_uniform8 lambda10_mu1_protocol42_bagg_uniform8_fast,Rc84498c4f,P5 SFRA/rank4/FP32/LA/Client-LT（执行版本另核）,client-longtail,42,70.625,76.035,68.68666666666667,71.03,73.07285714285715,68.57428571428571,70.16166666666666,71.65,57,70.75,100,0.9000000000000057,,output/sfra_b_aggregation_analysis/sfra_b_aggregation/seed42/client-longtail/full-cp/lambda10_mu1_protocol42_bagg_uniform8_fast
5 B辅助增强,sfra_full-cp_b_shared_transfer lambda10_mu1_protocol42_bshared_b_lr0.3_probe0.1_reg0.001_fast_v2_f64_c4,R852d06edf,P5 SFRA/rank4/FP32/LA/Client-LT（执行版本另核）,client-longtail,42,70.7025,76.16,68.755,71.0875,73.15142857142857,68.46142857142857,70.46000000000001,71.8,54,70.8,100,1.0,,output/sfra_b_shared_transfer_analysis/sfra_b_shared_transfer/seed42/client-longtail/full-cp/lambda10_mu1_protocol42_bshared_b_lr0.3_probe0.1_reg0.001_fast_v2_f64_c4
5 B辅助增强,sfra_full-cp_b_transfer lambda10_mu1_protocol42_b_lr0.03_probe0.1_reg0.001,R637027cbc,P5 SFRA/rank4/FP32/LA/Client-LT（执行版本另核）,client-longtail,42,70.63550000000001,76.0875,68.71583333333334,70.9425,73.12285714285714,68.60714285714286,70.1,71.65,57,70.65,100,1.0,,output/sfra_b_transfer_run2_analysis/sfra_b_transfer_run2/seed42/client-longtail/full-cp/lambda10_mu1_protocol42_b_lr0.03_probe0.1_reg0.001
5 B辅助增强,sfra_full-cp_b_transfer lambda10_mu1_protocol42_b_lr0.1_probe0.1_reg0.001,R1a414fa13,P5 SFRA/rank4/FP32/LA/Client-LT（执行版本另核）,client-longtail,42,70.64450000000001,76.09,68.72833333333332,70.9475,73.12714285714286,68.61714285714285,70.11333333333333,71.65,57,70.65,100,1.0,,output/sfra_b_transfer_run2_analysis/sfra_b_transfer_run2/seed42/client-longtail/full-cp/lambda10_mu1_protocol42_b_lr0.1_probe0.1_reg0.001
5 B辅助增强,sfra_full-cp_b_transfer lambda10_mu1_protocol42_b_lr0.3_probe0.1_reg0.001,R5e75471ac,P5 SFRA/rank4/FP32/LA/Client-LT（执行版本另核）,client-longtail,42,70.6685,76.08500000000001,68.76,70.97749999999999,73.12714285714286,68.66,70.14333333333333,71.6,56,70.65,100,0.9499999999999886,,output/sfra_b_transfer_run2_analysis/sfra_b_transfer_run2/seed42/client-longtail/full-cp/lambda10_mu1_protocol42_b_lr0.3_probe0.1_reg0.001
4 A效果与消融,sfra_full-cp lambda10_mu0.3_protocol42,Rb3ae9e611,P5 SFRA/rank4/FP32/LA/Client-LT（执行版本另核）,client-longtail,42,70.59,76.05,68.61833333333333,71.045,73.08285714285714,68.45714285714286,70.17,71.6,63,70.75,100,0.8499999999999943,,output/sfra_cp_analysis/sfra_cp/seed42/client-longtail/full-cp/lambda10_mu0.3_protocol42
4 A效果与消融,sfra_full-cp lambda10_mu1_protocol42,R29b405139,P5 SFRA/rank4/FP32/LA/Client-LT（执行版本另核）,client-longtail,42,70.63300000000001,76.10499999999999,68.70833333333334,70.935,73.13142857142857,68.60142857142857,70.08833333333334,71.65,57,70.65,100,1.0,,output/sfra_cp_analysis/sfra_cp/seed42/client-longtail/full-cp/lambda10_mu1_protocol42
4 A效果与消融,sfra_full-cp lambda10_mu3_protocol42,Ra116c9874,P5 SFRA/rank4/FP32/LA/Client-LT（执行版本另核）,client-longtail,42,70.72200000000001,76.215,68.975,70.47,73.28999999999999,69.01,69.72333333333333,71.6,52,69.95,100,1.6499999999999915,,output/sfra_cp_analysis/sfra_cp/seed42/client-longtail/full-cp/lambda10_mu3_protocol42
4 A效果与消融,sfra_flat-cp lambda10_mu1_protocol42_fast,R2026b9a85,P5 SFRA/rank4/FP32/LA/Client-LT（执行版本另核）,client-longtail,42,70.7125,76.175,69.11083333333333,70.05499999999999,73.2357142857143,69.31,69.405,71.65,52,69.55,100,2.1000000000000085,,output/sfra_cp_analysis_new/sfra_cp/seed42/client-longtail/flat-cp/lambda10_mu1_protocol42_fast
4 A效果与消融,sfra_current lambda10_protocol42,R5f5e239d9,P5 SFRA/rank4/FP32/LA/Client-LT（执行版本另核）,client-longtail,42,70.861,76.75,69.53083333333333,68.9625,73.84857142857143,69.94285714285715,68.44666666666667,71.8,48,68.55,100,3.25,Current无CP不能替代Current-CP,output/sfra_v1_analysis/sfra_v1/seed42/client-longtail/current/lambda10_protocol42
4 A效果与消融,sfra_flat lambda10_protocol42,R8b135d778,P5 SFRA/rank4/FP32/LA/Client-LT（执行版本另核）,client-longtail,42,70.7005,76.1575,69.06,70.16499999999999,73.20285714285714,69.22142857142856,69.50666666666667,71.6,50,69.65,100,1.9499999999999886,,output/sfra_v1_analysis/sfra_v1/seed42/client-longtail/flat/lambda10_protocol42
4 A效果与消融,sfra_full lambda10_protocol42,R23269e0bb,P5 SFRA/rank4/FP32/LA/Client-LT（执行版本另核）,client-longtail,42,70.565,76.025,68.57583333333334,71.0725,73.05571428571429,68.39,70.19666666666667,71.55,64,70.85,100,0.7000000000000028,,output/sfra_v1_analysis/sfra_v1/seed42/client-longtail/full/lambda10_protocol42
4 A效果与消融,sfra_full lambda1_protocol42,Rc28294125,P5 SFRA/rank4/FP32/LA/Client-LT（执行版本另核）,client-longtail,42,70.88300000000001,76.75,69.57833333333333,68.92999999999999,73.85714285714286,69.97999999999999,68.46666666666667,71.8,48,68.6,100,3.200000000000003,,output/sfra_v1_analysis/sfra_v1/seed42/client-longtail/full/lambda1_protocol42
4 A效果与消融,sfra_full lambda3_protocol42,Rff2ff9082,P5 SFRA/rank4/FP32/LA/Client-LT（执行版本另核）,client-longtail,42,70.7975,76.5025,69.37,69.375,73.57285714285715,69.69428571428571,68.84666666666666,71.75,49,68.95,100,2.799999999999997,,output/sfra_v1_analysis/sfra_v1/seed42/client-longtail/full/lambda3_protocol42
