方法,round,类别组,普通提案margin变化乘1e4,修正margin变化乘1e4,提交A净margin变化乘1e4,分类LA修正变化_类均衡,功能权重份额,CP显式样本权重份额
Full-CP μ1,61,Head20,0.5851952521080895,-0.5069643372611125,0.07823091484697711,0.0010758132870827507,0.22924677025002893,0.6133493087909301
Full-CP μ1,61,Middle60,0.02188388522053148,0.04169068437258576,0.06357456959311718,0.0007892111622451102,0.7116756894101854,0.3725454003215418
Full-CP μ1,61,Tail20,0.027245615395562094,-0.016641285522685702,0.010604329872876406,-0.0017998637130949644,0.05907754067447968,0.014105282643868122
Full-CP μ1,61,Many35,0.2834387706141632,-0.17306398724266,0.11037478337150322,0.0009849624526637709,0.4500718502968084,0.8134968126760214
Full-CP μ1,61,Medium35,0.08080300148031026,-0.044019095423488315,0.03678390605682192,0.0011249358527099438,0.407976545553538,0.15838480547245126
Full-CP μ1,61,Few30,0.02711294799994501,-0.012425450000187596,0.014687497999757429,-0.0013658259824539222,0.14195160448434763,0.028118373607867397
Full-CP μ1,62,Head20,0.5768893490032034,-0.4599344282721152,0.11695492073108817,0.0010429672981256259,0.23102724825730547,0.6133493087909301
Full-CP μ1,62,Middle60,0.017006444949228473,0.04690898262067734,0.0639154275699058,0.0007825984452687197,0.7119275125005515,0.3725454003215418
Full-CP μ1,62,Tail20,0.018238257810783882,-0.007891942611119404,0.010346315199664478,-0.001887376066685344,0.0570453113905387,0.014105282643868122
Full-CP μ1,62,Many35,0.2756917501960419,-0.14124339833070504,0.13444835186533688,0.0009520084462542159,0.460252345787012,0.8134968126760214
Full-CP μ1,62,Medium35,0.07864595041620862,-0.05005095305430483,0.028594997361903768,0.0011912039275554917,0.3956587271823082,0.15838480547245126
Full-CP μ1,62,Few30,0.017370643726822864,0.0051104612683764376,0.022481104995199307,-0.0014981567246136992,0.14408899917907547,0.028118373607867397
Full-CP μ1,63,Head20,0.5805280661859302,-0.46966156162996986,0.11086650455596034,0.0010592254304834425,0.23195439226401504,0.6133493087909301
Full-CP μ1,63,Middle60,0.02436779098333444,0.04501265031668691,0.06938044130002137,0.0007977766703394185,0.7073352182051167,0.3725454003215418
Full-CP μ1,63,Tail20,0.021456752923162042,-0.007178879362375767,0.014277873560786247,-0.0019004882458830256,0.06071041544782929,0.014105282643868122
Full-CP μ1,63,Many35,0.28510950909504285,-0.14687547601253445,0.13823403308250837,0.0009688954202817453,0.4576321362692397,0.8134968126760214
Full-CP μ1,63,Medium35,0.0802733466407176,-0.0498464811643422,0.030426865476375423,0.0012082279171739011,0.3992286309367046,0.15838480547245126
Full-CP μ1,63,Few30,0.023778796347676594,0.001640623344832832,0.025419419692509406,-0.0015052657632858052,0.14313925871101674,0.028118373607867397
Full-CP μ1,64,Head20,0.5858147004836259,-0.46555642922317336,0.12025827126045252,0.001025462589154912,0.23427535945666023,0.6133493087909301
Full-CP μ1,64,Middle60,0.014438566004851308,0.04361467532335265,0.05805324132820396,0.0007541105459352753,0.7042231451632688,0.3725454003215418
Full-CP μ1,64,Tail20,0.006444610577697558,-0.000991457879232862,0.005453152698464696,-0.001877493102995989,0.06150150082248729,0.014105282643868122
Full-CP μ1,64,Many35,0.2757588970557043,-0.14931925355408565,0.12643964350161874,0.0009370303492213622,0.4589145901991287,0.8134968126760214
Full-CP μ1,64,Medium35,0.08325028163620327,-0.0456528869551354,0.037597394681067896,0.0011289051627668037,0.39469468292372767,0.15838480547245126
Full-CP μ1,64,Few30,0.004872630910025997,0.003664923172525652,0.00853755408255164,-0.0014700573480096943,0.1463907323195599,0.028118373607867397
Full-CP μ1,65,Head20,0.601074574265066,-0.46392520203709325,0.13714937222797283,0.0010584902173797386,0.24158747038745787,0.6133493087909301
Full-CP μ1,65,Middle60,0.01634914102965185,0.05482745255508518,0.07117659358473706,0.0007218191434895263,0.7023653474025195,0.3725454003215418
Full-CP μ1,65,Tail20,0.0040921353502199,0.010339551954530173,0.014431687304750081,-0.0021516469860216607,0.05604717670939863,0.014105282643868122
Full-CP μ1,65,Many35,0.28419852451872674,-0.13615685547966772,0.14804166903905897,0.0009526121219950182,0.4663980607583653,0.8134968126760214
Full-CP μ1,65,Medium35,0.08596005148803708,-0.047806924101093946,0.038153127386943216,0.0011476892054131757,0.39017005954519846,0.15838480547245126
Full-CP μ1,65,Few30,0.0042910831282699305,0.02188888123268354,0.026179964360953486,-0.0017354844407584545,0.14343187419581227,0.028118373607867397
Full-CP μ1,66,Head20,0.6093205928167641,-0.43804329989861435,0.17127729291814955,0.0010058790145135255,0.23542065774381626,0.6133493087909301
Full-CP μ1,66,Middle60,0.014916043663800282,0.05497236902373953,0.06988841268753983,0.0007198036932695998,0.7059584310482023,0.3725454003215418
Full-CP μ1,66,Tail20,0.002011521913421655,0.006230018334463243,0.008241540247884892,-0.0021418442396679894,0.05862096005876083,0.014105282643868122
Full-CP μ1,66,Many35,0.28678846690503573,-0.1210349981356876,0.16575346876934816,0.0009059553274344909,0.46339614018506836,0.8134968126760214
Full-CP μ1,66,Medium35,0.09051644830895118,-0.04997395544851574,0.040542492860435465,0.0011676650676099823,0.3892035545432009,0.15838480547245126
Full-CP μ1,66,Few30,-0.0028022372685937223,0.021579662852948822,0.01877742558435509,-0.0017369265577823285,0.14740035412251018,0.028118373607867397
Full-CP μ1,67,Head20,0.6156811804219899,-0.5105767830968819,0.10510439732510803,0.0011666313622522354,0.23148257004504558,0.6133493087909301
Full-CP μ1,67,Middle60,0.0026738336734621715,0.06426216080207317,0.06693599447553533,0.0008113047464640185,0.7108534077124204,0.3725454003215418
Full-CP μ1,67,Tail20,0.0037706073878022404,0.007099625751531382,0.010870233139333626,-0.002501449226983823,0.05766407238843385,0.014105282643868122
Full-CP μ1,67,Many35,0.27268045225723736,-0.14257338619983623,0.1301070660574012,0.0010498485461948091,0.4645581553631928,0.8134968126760214
Full-CP μ1,67,Medium35,0.09471084797996504,-0.05624176887943725,0.03846907910052779,0.0013151859394026023,0.39242297889722977,0.15838480547245126
Full-CP μ1,67,Few30,-0.010307657723283707,0.024823897633064997,0.014516239909781303,-0.0020264759834233343,0.14301891588547733,0.028118373607867397
Full-CP μ1,68,Head20,0.5712219698542119,-0.4811437022735736,0.09007826758063818,0.0010225908082798702,0.2405381172284251,0.6133493087909301
Full-CP μ1,68,Middle60,0.011946681646473504,0.04226758029184606,0.05421426193831958,0.0007483098065896837,0.6986011017434066,0.3725454003215418
Full-CP μ1,68,Tail20,0.01228246498309698,-0.0015668939643849957,0.010715571018711971,-0.0020932282088324426,0.06086082570254803,0.014105282643868122
Full-CP μ1,68,Many35,0.26823495615955156,-0.1565314296647414,0.1117035264948101,0.0009348217064207506,0.46056174277327955,0.8134968126760214
Full-CP μ1,68,Medium35,0.08159110071226089,-0.05163332714706756,0.029957773565193312,0.0011398415009070942,0.39098774689773563,0.15838480547245126
Full-CP μ1,68,Few30,0.004765920167371806,0.0055869793721634725,0.01035289953953527,-0.0016375790624048319,0.14845055500336457,0.028118373607867397
Full-CP μ1,69,Head20,0.5632434687368182,-0.48694561074803727,0.07629785798878096,0.0010988702301220083,0.2432725518301595,0.6133493087909301
Full-CP μ1,69,Middle60,0.005369964375654696,0.05600832277127659,0.06137828714693128,0.0008031498387753263,0.699126096587861,0.3725454003215418
Full-CP μ1,69,Tail20,0.008087391809870795,-0.0018879853693457914,0.006199406440525007,-0.002394725380387778,0.05760128784459084,0.014105282643868122
Full-CP μ1,69,Many35,0.2535820723941712,-0.13939373414426356,0.11418833824990764,0.000998674478217257,0.4710589236783562,0.8134968126760214
Full-CP μ1,69,Medium35,0.09140150043992253,-0.060006351384434574,0.03139514905548798,0.0012967721294763516,0.3871849217248382,0.15838480547245126
Full-CP μ1,69,Few30,-0.010853665857340667,0.018761014581112304,0.007907348723771673,-0.0019356247982690704,0.14175609085941687,0.028118373607867397
Full-CP μ1,70,Head20,0.6334526875333938,-0.49869728908371147,0.13475539844968223,0.0010135301505273336,0.23650767114304472,0.6133493087909301
Full-CP μ1,70,Middle60,0.012290720437067358,0.04006415816284829,0.05235487859991566,0.0007258685379392264,0.6943472690327326,0.3725454003215418
Full-CP μ1,70,Tail20,0.009081124638517691,-0.0034787444747053056,0.005602380163812389,-0.0020773140719393267,0.06914508990303148,0.014105282643868122
Full-CP μ1,70,Many35,0.29323400766674185,-0.17163114287266426,0.12160286479407752,0.0009326974812095593,0.44807727534498554,0.8134968126760214
Full-CP μ1,70,Medium35,0.09979477573809578,-0.04529140710089836,0.054503368637197354,0.001057831062570975,0.3949027169874171,0.15838480547245126
Full-CP μ1,70,Few30,-0.005596264983568158,-0.0015793977440915188,-0.0071756627276596254,-0.0015797355061401663,0.15702003774640616,0.028118373607867397
Full-CP μ1,71,Head20,0.587018539689303,-0.46261624850256994,0.12440229118673285,0.0010296385606546337,0.23778808895440307,0.6133493087909301
Full-CP μ1,71,Middle60,0.008127292229734767,0.05398713832612801,0.062114430555862785,0.0006900836152212793,0.7044275300868321,0.3725454003215418
Full-CP μ1,71,Tail20,0.0020526553271338296,0.0010963684568802588,0.003149023784014085,-0.002264988436557663,0.05778437142726034,0.014105282643868122
Full-CP μ1,71,Many35,0.27182674860962713,-0.1341457962015887,0.1376809524080384,0.0009203614611642214,0.4677667464566184,0.8134968126760214
Full-CP μ1,71,Medium35,0.08761648377931222,-0.05345747249242508,0.03415901128688714,0.0011363963002151123,0.38865721646288875,0.15838480547245126
Full-CP μ1,71,Few30,-0.010381723316668565,0.019164836764812267,0.00878311344814371,-0.0018429500751020167,0.14357602754898835,0.028118373607867397
Full-CP μ1,72,Head20,0.599456572608632,-0.5309021093068672,0.06855446330176491,0.0011501558528723796,0.23843508870049845,0.6133493087909301
Full-CP μ1,72,Middle60,0.009826606916140405,0.05560409117481882,0.06543069809095922,0.0007870708276015127,0.6974480482749641,0.3725454003215418
Full-CP μ1,72,Tail20,0.0021458491877031785,-0.00014628021745009923,0.0019995689702530656,-0.002556977904168889,0.06411687075160444,0.014105282643868122
Full-CP μ1,72,Many35,0.2778214628137262,-0.16165691094038395,0.11616455187334222,0.001036512507351911,0.45744108529470395,0.8134968126760214
Full-CP μ1,72,Medium35,0.09387917289839026,-0.06111940103029206,0.03275977186809821,0.0012683575747273793,0.393493399489671,0.15838480547245126
Full-CP μ1,72,Few30,-0.012929246634298217,0.01708161996588149,0.004152373331583255,-0.0020527548080871527,0.14906552294269204,0.028118373607867397
Full-CP μ1,73,Head20,0.6120998879740748,-0.5368259700739483,0.07527391790012633,0.0011652075569916294,0.2389178001030814,0.6133493087909301
Full-CP μ1,73,Middle60,0.011615982889890995,0.05586969981060093,0.06748568270049193,0.0008166449749662203,0.7038552801823243,0.3725454003215418
Full-CP μ1,73,Tail20,0.006614750600419928,-0.0006584761043389532,0.005956274496080981,-0.002692949294190233,0.05722696575685404,0.014105282643868122
Full-CP μ1,73,Many35,0.28462720285138715,-0.16254336701630615,0.12208383583508096,0.001051283954620949,0.4672420035203686,0.8134968126760214
Full-CP μ1,73,Medium35,0.10040285092455029,-0.06597842486434083,0.0344244260602094,0.0013281725864618251,0.39093256945488974,0.15838480547245126
Full-CP μ1,73,Few30,-0.013493337909148563,0.020025192696431847,0.006531854787283273,-0.0021612371727965317,0.14182547306700144,0.028118373607867397
Full-CP μ1,74,Head20,0.6349895867911459,-0.5613025830717009,0.073687003719445,0.0011971198423466668,0.23934335276135243,0.6133493087909301
Full-CP μ1,74,Middle60,0.013898348316338661,0.05291888989461522,0.06681723821095391,0.0008175942389385068,0.6993581034184899,0.3725454003215418
Full-CP μ1,74,Tail20,0.004587058113732683,-0.005011011186676717,-0.000423953072944034,-0.0026983880727008604,0.061298560176510364,0.014105282643868122
Full-CP μ1,74,Many35,0.29824967089820953,-0.17947176171907173,0.1187779091791378,0.0010784015910392467,0.4607545660692267,0.8134968126760214
Full-CP μ1,74,Medium35,0.10359918641292475,-0.06641402066725828,0.03718516574566648,0.0013147725391489571,0.3873659226956079,0.15838480547245126
Full-CP μ1,74,Few30,-0.014642540293726893,0.015162129734363707,0.000519589440636841,-0.0021576934942453534,0.15187952759151813,0.028118373607867397
Full-CP μ1,75,Head20,0.6143295672353871,-0.54523547367906,0.06909409355632684,0.0011938720688567156,0.236930471190135,0.6133493087909301
Full-CP μ1,75,Middle60,0.016637448489261727,0.05797381281613305,0.07461126130539478,0.000812640528145094,0.7034330582246184,0.3725454003215418
Full-CP μ1,75,Tail20,0.013334435546615462,-0.005897964971760929,0.007436470574854563,-0.002780907273797008,0.05963650766352657,0.014105282643868122
Full-CP μ1,75,Many35,0.2903033072254198,-0.16576081547672114,0.12454249174869866,0.0010733144024307416,0.46903856821882073,0.8134968126760214
Full-CP μ1,75,Medium35,0.10726607123296363,-0.06698121318464492,0.040284858048318786,0.0013406343772681651,0.3874047397694085,0.15838480547245126
Full-CP μ1,75,Few30,-0.01211337603492228,0.020057699969979085,0.007944323935056802,-0.002249015989985399,0.1435567290900508,0.028118373607867397
Full-CP μ1,76,Head20,0.6072747383161647,-0.5115765956286598,0.09569814268750493,0.0011315192807856158,0.23995338076201733,0.6133493087909301
Full-CP μ1,76,Middle60,0.008107637218587814,0.0571469151167924,0.0652545523353802,0.0007557061435546393,0.7026935744506773,0.3725454003215418
Full-CP μ1,76,Tail20,0.011965221104522547,-0.004060791009881817,0.007904430094640699,-0.002628876738599502,0.057353085998329334,0.014105282643868122
Full-CP μ1,76,Many35,0.2826182510847025,-0.15438929320288416,0.1282289578818183,0.001011807200506596,0.46545640102704056,0.8134968126760214
Full-CP μ1,76,Medium35,0.10108988586524481,-0.06311081017208749,0.03797907569315727,0.0012626019755725539,0.3915926345362095,0.15838480547245126
Full-CP μ1,76,Few30,-0.018617579057304684,0.024285693078690676,0.005668114021385986,-0.00214030339019232,0.14295100564777385,0.028118373607867397
Full-CP μ1,77,Head20,0.6337062396008831,-0.5264582946330175,0.10724794496786566,0.0011795471702546376,0.24174068441789132,0.6133493087909301
Full-CP μ1,77,Middle60,0.012127577303585746,0.05811248927107432,0.07024006657466009,0.0007900752695245025,0.6967838455311721,0.3725454003215418
Full-CP μ1,77,Tail20,0.010605429997667665,-0.00569467277576526,0.004910757221902408,-0.0027444867667509244,0.06147548199805897,0.014105282643868122
Full-CP μ1,77,Many35,0.2967266622858365,-0.15834740918880713,0.1383792530970294,0.0010516078888556345,0.46334725159977097,0.8134968126760214
Full-CP μ1,77,Medium35,0.11088286493684714,-0.07085836623421697,0.04002449870263019,0.0013480129363552702,0.3893596727430122,0.15838480547245126
Full-CP μ1,77,Few30,-0.02174818075359218,0.028863071596488273,0.007114890842896067,-0.0022627001546945747,0.14729308760433923,0.028118373607867397
Full-CP μ1,78,Head20,0.626029450665139,-0.521986216110368,0.10404323455477107,0.0012185377115455295,0.2365964802884264,0.6133493087909301
Full-CP μ1,78,Middle60,0.004446603336904863,0.06815726417069257,0.07260386750759744,0.0007787541327284956,0.7030292399431346,0.3725454003215418
Full-CP μ1,78,Tail20,0.0063838388693208455,-0.0013137507873276894,0.0050700880819931635,-0.0029701291055728987,0.06037428665149491,0.014105282643868122
Full-CP μ1,78,Many35,0.2854431898650326,-0.14589418766809997,0.13954900219693261,0.0010731568159693453,0.46787530566507485,0.8134968126760214
Full-CP μ1,78,Medium35,0.11378636906944326,-0.07499811860053426,0.038788250468908964,0.0013978855384620297,0.3874042363022454,0.15838480547245126
Full-CP μ1,78,Few30,-0.03526575239343876,0.04515557438966125,0.00988982199622249,-0.00249310207739786,0.14472046491573565,0.028118373607867397
Full-CP μ1,79,Head20,0.6617404220346241,-0.5486636346862571,0.11307678734836689,0.0012196923687869412,0.2396557856554864,0.6133493087909301
Full-CP μ1,79,Middle60,0.0014072446510723883,0.06794953214452228,0.06935677679559468,0.0007878393840502908,0.6969069527549436,0.3725454003215418
Full-CP μ1,79,Tail20,0.00588699331274257,0.0035360164474696185,0.009423009760212155,-0.003134598273900338,0.06343733287940267,0.014105282643868122
Full-CP μ1,79,Many35,0.3027835929712728,-0.16290340239134118,0.13988019057993156,0.001081409795575327,0.4646762792690424,0.8134968126760214
Full-CP μ1,79,Medium35,0.11596693024642354,-0.07244876013770679,0.04351817010871677,0.001376149520937801,0.38545208889991045,0.15838480547245126
Full-CP μ1,79,Few30,-0.04064284422025648,0.04705817508040883,0.006415330860152314,-0.002568077704573665,0.14987170312087983,0.028118373607867397
Full-CP μ1,80,Head20,0.6795361188647268,-0.5380708873882248,0.14146523147650208,0.0012201286884327227,0.23756460772710852,0.6133493087909301
Full-CP μ1,80,Middle60,0.0056955778207426295,0.06976243744054304,0.07545801526128564,0.0007434936553914954,0.7065874290710781,0.3725454003215418
Full-CP μ1,80,Tail20,-0.000756052516711226,0.0030325929401442573,0.0022765404234329767,-0.0030769718541220456,0.05584793136222288,0.014105282643868122
Full-CP μ1,80,Many35,0.3202109715697628,-0.15815265194251232,0.16205831962725054,0.001068402188390585,0.4725716611574171,0.8134968126760214
Full-CP μ1,80,Medium35,0.1143404281920135,-0.07257220131591434,0.04176822687609912,0.0013431069493138007,0.38651363059761934,0.15838480547245126
Full-CP μ1,80,Few30,-0.043065433181910084,0.05201167405053019,0.008946240868620097,-0.0025643354603316734,0.14091467640537303,0.028118373607867397
Full-CP μ1,81,Head20,0.6424440230780031,-0.5207308488943819,0.12171317418362114,0.001170847060277417,0.2446593290369492,0.6133493087909301
Full-CP μ1,81,Middle60,0.001903952295235392,0.0678739851541288,0.06977793744936418,0.000746372805038546,0.6944478173099924,0.3725454003215418
Full-CP μ1,81,Tail20,-0.004605055437423289,0.0004978637055804199,-0.004107191731842857,-0.003058618592331186,0.060892877183505334,0.014105282643868122
Full-CP μ1,81,Many35,0.2991182579571026,-0.15353514524655848,0.14558311271054408,0.0010368401495428556,0.4662289903644705,0.8134968126760214
Full-CP μ1,81,Medium35,0.11053209378792554,-0.06860814237613762,0.041923951411787876,0.0013273669006825535,0.3861826826032484,0.15838480547245126
Full-CP μ1,81,Few30,-0.04889152735167557,0.04809314907553547,-0.0007983782761401043,-0.002524010303221731,0.147588350562728,0.028118373607867397
Full-CP μ1,82,Head20,0.6333054709663154,-0.5416956530689416,0.09160981789737357,0.001241425708875592,0.24481015260971617,0.6133493087909301
Full-CP μ1,82,Middle60,0.0024296601980636078,0.0750761944870708,0.0775058546851344,0.0007715817746778564,0.6992376393754967,0.3725454003215418
Full-CP μ1,82,Tail20,0.0007743874448351562,0.0009057342443460068,0.0016801216891811528,-0.0031972772742543997,0.0559522187395487,0.014105282643868122
Full-CP μ1,82,Many35,0.2960763278011254,-0.15521247322496554,0.1408638545761598,0.0010942717163334459,0.4699400081881322,0.8134968126760214
Full-CP μ1,82,Medium35,0.11056128959541692,-0.07232528033594829,0.038236009259468684,0.0013944249168104277,0.3897055808629375,0.15838480547245126
Full-CP μ1,82,Few30,-0.04683132762573848,0.05508648891214387,0.008255161286405405,-0.0026642168995646776,0.14035442167369183,0.028118373607867397
Full-CP μ1,83,Head20,0.6310620041887742,-0.5556643385650973,0.07539766562367668,0.001223323386310596,0.24077215496799909,0.6133493087909301
Full-CP μ1,83,Middle60,0.009504167454558756,0.06584195654279305,0.07534612399735188,0.0007744884095252575,0.701200939642149,0.3725454003215418
Full-CP μ1,83,Tail20,-0.004467866771544011,0.003193080192431805,-0.0012747865791122113,-0.0031309865795386333,0.05802688666153699,0.014105282643868122
Full-CP μ1,83,Many35,0.3038051369653378,-0.17434048331585808,0.12946465364947976,0.001087885424877461,0.4687363536504563,0.8134968126760214
Full-CP μ1,83,Medium35,0.1108111920621675,-0.07156797952674437,0.03924321253542313,0.0013517449817697705,0.3891999078041408,0.15838480547245126
Full-CP μ1,83,Few30,-0.0469812906781519,0.05026294748684523,0.0032816568086933484,-0.0025690341175232797,0.14206371981708799,0.028118373607867397
Full-CP μ1,84,Head20,0.6297139870982638,-0.5620844600669098,0.06762952703135379,0.001254400643556352,0.2377095804840792,0.6133493087909301
Full-CP μ1,84,Middle60,0.006157166449315588,0.07058908489295702,0.0767462513422726,0.000758674616020408,0.7062729860772379,0.3725454003215418
Full-CP μ1,84,Tail20,0.0037180007590601805,0.009395963085504888,0.013113963844565051,-0.003213040404759037,0.056017410490312614,0.014105282643868122
Full-CP μ1,84,Many35,0.2985429147823322,-0.17506258777873748,0.12348032700359464,0.0011038656362149662,0.46438394908909686,0.8134968126760214
Full-CP μ1,84,Medium35,0.11543904141065789,-0.07016085299799665,0.0452781884126612,0.0013556398023531289,0.3934587886178633,0.15838480547245126
Full-CP μ1,84,Few30,-0.04837662408830794,0.058813186037833934,0.010436561949526016,-0.002657833620423752,0.1421572393446695,0.028118373607867397
Full-CP μ1,85,Head20,0.6793632025246871,-0.5697308158162748,0.10963238670841229,0.0012640810817811012,0.2423675728496164,0.6133493087909301
Full-CP μ1,85,Middle60,0.0024272137194797966,0.07626400554167166,0.07869121926115147,0.0007500901898630298,0.697490572638344,0.3725454003215418
Full-CP μ1,85,Tail20,-0.011230826688309522,0.019509425328578803,0.00827859864026929,-0.0034534836050200577,0.06014187223627232,0.014105282643868122
Full-CP μ1,85,Many35,0.32110700876907783,-0.1756003163959073,0.1455066923731706,0.001121940156998889,0.4714115801616572,0.8134968126760214
Full-CP μ1,85,Medium35,0.11920223425366712,-0.06653662124133118,0.05266561301233598,0.0013502684636610772,0.3870322058646707,0.15838480547245126
Full-CP μ1,85,Few30,-0.06341810552999128,0.06820684466832426,0.004788739138333004,-0.002843664693203206,0.14155623169790488,0.028118373607867397
Full-CP μ1,86,Head20,0.6558472313050784,-0.5643379673197296,0.09150926398534871,0.0012363658633153974,0.2399904799676733,0.6133493087909301
Full-CP μ1,86,Middle60,0.007144518982702894,0.06965873895512253,0.07680325793782539,0.0007480895119550559,0.7004510696133366,0.3725454003215418
Full-CP μ1,86,Tail20,-0.01900891511468217,0.01339771576264561,-0.0056111993520365396,-0.0032382543716812503,0.05955843625997659,0.014105282643868122
Full-CP μ1,86,Many35,0.3150143145380108,-0.18066966021357544,0.13434465432443535,0.0010926358495910056,0.4724403156869812,0.8134968126760214
Full-CP μ1,86,Medium35,0.11829673544821852,-0.06862989854977919,0.04966683689843931,0.001341420978071075,0.3846689085767139,0.15838480547245126
Full-CP μ1,86,Few30,-0.06668164289159771,0.06287346209610283,-0.0038081807954948744,-0.002678146280606218,0.14289076157729141,0.028118373607867397
Full-CP μ1,87,Head20,0.6469010912341293,-0.5893038579946499,0.05759723323947947,0.001310464877765934,0.23272178909974173,0.6133493087909301
Full-CP μ1,87,Middle60,-0.0034247720355240372,0.07792006100001957,0.07449528896449553,0.0007574547456469506,0.7094647845515283,0.3725454003215418
Full-CP μ1,87,Tail20,-0.016353974206140248,0.015010961215011769,-0.0013430129911284915,-0.0033627949094322206,0.05781338929955382,0.014105282643868122
Full-CP μ1,87,Many35,0.30343624926735685,-0.18652437293226362,0.11691187633509321,0.0011464048971164796,0.461963635214488,0.8134968126760214
Full-CP μ1,87,Medium35,0.11548470574341985,-0.07064138271391442,0.04484332302950546,0.0013970332135512832,0.39370014039741363,0.15838480547245126
Full-CP μ1,87,Few30,-0.0752259135649615,0.07300490573415475,-0.0022210078308067182,-0.002820654992262679,0.14433618733892217,0.028118373607867397
Full-CP μ1,88,Head20,0.6460707498831167,-0.6137941413690224,0.03227660851409427,0.0013272945229047034,0.2361184493638575,0.6133493087909301
Full-CP μ1,88,Middle60,-0.0008524093115498504,0.06939470293850851,0.06854229362695868,0.0008009071821946305,0.7059883201873163,0.3725454003215418
Full-CP μ1,88,Tail20,-0.023259926092578105,0.014998334275636191,-0.0082615918169419,-0.003373898348460595,0.05789317855669651,0.014105282643868122
Full-CP μ1,88,Many35,0.30658344259691533,-0.20589927264460015,0.10068416995231518,0.001171778072001017,0.46221558609977365,0.8134968126760214
Full-CP μ1,88,Medium35,0.11502739269086108,-0.07632543967213914,0.03870195301872197,0.0014299790686743115,0.3914449590665754,0.15838480547245126
Full-CP μ1,88,Few30,-0.0783769105984798,0.06885436551762204,-0.00952254508085775,-0.0027979715167692166,0.14633940294152126,0.028118373607867397
Full-CP μ1,89,Head20,0.6875930742639642,-0.5846236526133443,0.10296942165061979,0.0012599170032036428,0.2423381138505647,0.6133493087909301
Full-CP μ1,89,Middle60,0.004011743405843753,0.07012575155197227,0.07413749495781599,0.0007123179037030122,0.7021388844004832,0.3725454003215418
Full-CP μ1,89,Tail20,-0.03204566116134328,0.021985055597421404,-0.010060605563921854,-0.003343395079912928,0.05552291158528533,0.014105282643868122
Full-CP μ1,89,Many35,0.3283858768956615,-0.19529162938645872,0.13309424750920285,0.0011071965695421463,0.4681451404612744,0.8134968126760214
Full-CP μ1,89,Medium35,0.12555841296064157,-0.06812778040864019,0.05743063255200143,0.0012962620055034686,0.3896392426104285,0.15838480547245126
Full-CP μ1,89,Few30,-0.08454657595225232,0.07248174985427792,-0.012064826097974383,-0.002768384581286717,0.14221552676463034,0.028118373607867397
Full-CP μ1,90,Head20,0.6705490125916154,-0.5955724341271087,0.07497657846450657,0.0013380838784712752,0.24171673017553985,0.6133493087909301
Full-CP μ1,90,Middle60,0.0025999121424791576,0.08123007366649983,0.083829985808979,0.0007721690117021576,0.7046517316484824,0.3725454003215418
Full-CP μ1,90,Tail20,-0.031577845099188095,0.026955105204251605,-0.004622739894936479,-0.003626123866609608,0.053631598013453186,0.014105282643868122
Full-CP μ1,90,Many35,0.3230364390877316,-0.18460610114721093,0.13843033794052076,0.001170352013327444,0.4773123295017285,0.8134968126760214
Full-CP μ1,90,Medium35,0.1178318405792926,-0.07828533752659868,0.039546503052693895,0.0014709626968786513,0.39162091340404004,0.15838480547245126
Full-CP μ1,90,Few30,-0.08316572366495185,0.09008860650387288,0.006922882838921018,-0.0030625557972616844,0.13106681693170685,0.028118373607867397
Full-CP μ3,61,Head20,0.5068121823600279,-0.35043310547558454,0.15637907688444327,0.0007783922874998022,0.2316931152890902,0.6133493087909301
Full-CP μ3,61,Middle60,0.009198189679835685,0.05869237881610327,0.06789056849593894,0.00048572840052068383,0.7071365692390827,0.3725454003215418
Full-CP μ3,61,Tail20,0.0047420243693826105,0.01325204211752861,0.01799406648691123,-0.001674146562193831,0.061170356420916505,0.014105282643868122
Full-CP μ3,61,Many35,0.23529157212895332,-0.08351834753608174,0.1517732245928716,0.0006643441979723572,0.44953907682793215,0.8134968126760214
Full-CP μ3,61,Medium35,0.07051284699700223,-0.025063882107175927,0.045448964889826304,0.0008177889678455972,0.4036466493125772,0.15838480547245126
Full-CP μ3,61,Few30,0.0026606948656635195,0.019276649977303155,0.021937344842966684,-0.0013548680755422647,0.1468143148085801,0.028118373607867397
Full-CP μ3,62,Head20,0.496916943977032,-0.31868407808561805,0.17823286589141404,0.0007570634946113227,0.23773317826271523,0.6133493087909301
Full-CP μ3,62,Middle60,0.005981897464440707,0.05955139465691699,0.0655332921213577,0.0004915342742842227,0.7063160164398141,0.3725454003215418
Full-CP μ3,62,Tail20,0.0024889828637242296,0.01267612096853554,0.01516510383225977,-0.0017350314433375994,0.05595084656670224,0.014105282643868122
Full-CP μ3,62,Many35,0.22731293223140653,-0.06210561766483032,0.16520731456657628,0.0006422558789680428,0.46177419085870497,0.8134968126760214
Full-CP μ3,62,Medium35,0.06825365403703575,-0.033417474535963825,0.03483617950107195,0.0008874032578784017,0.3979149874940049,0.15838480547245126
Full-CP μ3,62,Few30,7.339550953619556e-05,0.02654109213670545,0.026614487646241684,-0.0014535124102365916,0.14031086291652173,0.028118373607867397
Full-CP μ3,63,Head20,0.4986041695600618,-0.3094477786131469,0.18915639094691486,0.0007457771539568125,0.24126941825670656,0.6133493087909301
Full-CP μ3,63,Middle60,0.0126682624200996,0.06029843392486582,0.07296669634496541,0.00048409770765995566,0.6999295263376553,0.3725454003215418
Full-CP μ3,63,Tail20,0.004484931802532326,0.01491554721724242,0.019400479019774753,-0.0017225628493664166,0.05880104195966851,0.014105282643868122
Full-CP μ3,63,Many35,0.23561054313835428,-0.057208508127622765,0.1784020350107315,0.0006342815667959666,0.4634243776090443,0.8134968126760214
Full-CP μ3,63,Medium35,0.07108186065003556,-0.03219538471383524,0.03888647593620033,0.0008771080841413664,0.3925823038443923,0.15838480547245126
Full-CP μ3,63,Few30,0.0029214546621404215,0.028546588567496353,0.03146804322963675,-0.0014462829743800466,0.14399330510059372,0.028118373607867397
Full-CP μ3,64,Head20,0.4996178575629143,-0.3182723573109944,0.1813455002519199,0.000733741315270392,0.2382266015629284,0.6133493087909301
Full-CP μ3,64,Middle60,0.001954643648015439,0.05926725251961643,0.06122189616763184,0.00045495661880624486,0.6996617154800333,0.3725454003215418
Full-CP μ3,64,Tail20,-0.02322440365484605,0.030658466372794145,0.007434062717948111,-0.0017018392301785452,0.06211164113483392,0.014105282643868122
Full-CP μ3,64,Many35,0.22390344580852983,-0.06610908657373572,0.15779435923479415,0.0006212716154759924,0.46109555641305633,0.8134968126760214
Full-CP μ3,64,Medium35,0.0741779213877642,-0.027709824645841652,0.04646809674192253,0.0008079955227748985,0.3915779214730719,0.15838480547245126
Full-CP μ3,64,Few30,-0.026256671827600036,0.03624730750327297,0.00999063567567291,-0.0014029637002856516,0.1473264802916674,0.028118373607867397
Full-CP μ3,65,Head20,0.512766862120343,-0.32433393848520853,0.18843292363513434,0.000772635548588559,0.2425823139201384,0.6133493087909301
Full-CP μ3,65,Middle60,0.002589219164916133,0.06898913081686477,0.07157834998178092,0.00044034904121836236,0.7030414280452533,0.3725454003215418
Full-CP μ3,65,Tail20,-0.0321640633046627,0.04641834530048072,0.01425428199581802,-0.0019388215012925987,0.0543762144370703,0.014105282643868122
Full-CP μ3,65,Many35,0.2318279727905568,-0.05887609159060783,0.17295188119994895,0.0006430560131016747,0.4676380613964284,0.8134968126760214
Full-CP μ3,65,Medium35,0.07686878486933299,-0.03278756492841053,0.04408121994092246,0.0008474490638409311,0.3905486619769363,0.15838480547245126
Full-CP μ3,65,Few30,-0.034565913062918965,0.05964213211609908,0.025076219053180124,-0.0016356818091323414,0.14181323302909732,0.028118373607867397
Full-CP μ3,66,Head20,0.5206405413379961,-0.31083307736503446,0.20980746397296168,0.0007476634999661531,0.24077584416954778,0.6133493087909301
Full-CP μ3,66,Middle60,0.002369348283135013,0.06888254336576276,0.07125189164889778,0.0004536600195445626,0.7027562229341129,0.3725454003215418
Full-CP μ3,66,Tail20,-0.05016282472449044,0.059543857059907154,0.009381032335416725,-0.001964575359209751,0.05646794931089971,0.014105282643868122
Full-CP μ3,66,Many35,0.23663262244578193,-0.05035376570045754,0.1862788567453244,0.0006210836434379321,0.46942557086003944,0.8134968126760214
Full-CP μ3,66,Medium35,0.0816551235940425,-0.03476393555469857,0.04689118803934394,0.0008820143896896006,0.38652210851432756,0.15838480547245126
Full-CP μ3,66,Few30,-0.052945196071188104,0.06954292465912286,0.016597728587934738,-0.0016575689057220615,0.14405233704019338,0.028118373607867397
Full-CP μ3,67,Head20,0.5228197551600482,-0.35716598845061714,0.16565376670943102,0.0008666844857948821,0.24016695306636393,0.6133493087909301
Full-CP μ3,67,Middle60,-0.011366595625398379,0.08319509075054929,0.07182849512515088,0.0005041492070864873,0.7068535183207132,0.3725454003215418
Full-CP μ3,67,Tail20,-0.06562726242312542,0.08326999425965671,0.017642731836531315,-0.0023211057387137165,0.0529795283509884,0.014105282643868122
Full-CP μ3,67,Many35,0.22146005343720507,-0.05623756284392164,0.16522249059328342,0.0007181451035138398,0.47116719391488004,0.8134968126760214
Full-CP μ3,67,Medium35,0.08379793581093661,-0.03859700709947279,0.04520092871146375,0.0010011233905118067,0.3933140601438936,0.15838480547245126
Full-CP μ3,67,Few30,-0.07407251688234685,0.09443318364108516,0.02036066675873831,-0.0019671289974695027,0.1355187456792919,0.028118373607867397
Full-CP μ3,68,Head20,0.48459193557833524,-0.3313659285713075,0.15322600700702768,0.000731982797543381,0.24651570034620818,0.6133493087909301
Full-CP μ3,68,Middle60,-0.002780651793647282,0.061739889359693566,0.05895923756604627,0.0004524450993825708,0.6912184584070928,0.3725454003215418
Full-CP μ3,68,Tail20,-0.06073805222210166,0.0792663879110478,0.018528335688946154,-0.0019287826085928827,0.06226589011203032,0.014105282643868122
Full-CP μ3,68,Many35,0.22226809950159737,-0.07437727548696571,0.14789082401463158,0.0006177058139314658,0.4628187599009834,0.8134968126760214
Full-CP μ3,68,Medium35,0.0678856894328292,-0.03110689113901052,0.03677879829381868,0.0008308788272996887,0.3915595735888928,0.15838480547245126
Full-CP μ3,68,Few30,-0.061504801773303114,0.07847827934285297,0.016973477569549825,-0.0015829917567042062,0.1456217153754551,0.028118373607867397
Full-CP μ3,69,Head20,0.4771956142943181,-0.3393073462619197,0.13788826803239826,0.0008042772219785298,0.24775631053489633,0.6133493087909301
Full-CP μ3,69,Middle60,-0.008926418823168976,0.07513634336388317,0.06620992454071414,0.0004978405603490948,0.6975576734985225,0.3725454003215418
Full-CP μ3,69,Tail20,-0.0755136628868058,0.0921630514009545,0.01664938851414869,-0.002197791624542636,0.05468602801556699,0.014105282643868122
Full-CP μ3,69,Many35,0.20938578528733626,-0.05970312832053398,0.1496826569668023,0.0006746520635398087,0.4721188470721245,0.8134968126760214
Full-CP μ3,69,Medium35,0.07576483724863199,-0.037930013636626445,0.037834823612005554,0.0009729772552012626,0.38954743472277187,0.15838480547245126
Full-CP μ3,69,Few30,-0.08274059633329285,0.09941515577047659,0.016674559437183767,-0.0018555626862091312,0.13833373025408946,0.028118373607867397
Full-CP μ3,70,Head20,0.5358461952458976,-0.3675123159560923,0.16833387928980514,0.0007723784465226065,0.24195061648788396,0.6133493087909301
Full-CP μ3,70,Middle60,-0.002766803710384095,0.059774099253533323,0.05700729554314921,0.00046232961969792615,0.6958593597519211,0.3725454003215418
Full-CP μ3,70,Tail20,-0.08827811301064986,0.0904509812244214,0.0021728682137715323,-0.0019621044214970123,0.062190047348849475,0.014105282643868122
Full-CP μ3,70,Many35,0.24380963752602455,-0.0970680487644618,0.14674158876156268,0.0006548373649455762,0.4540592968114652,0.8134968126760214
Full-CP μ3,70,Medium35,0.08239115878890753,-0.027202686828630408,0.05518847196027711,0.0008127714145562213,0.3960941315308446,0.15838480547245126
Full-CP μ3,70,Few30,-0.08772248163135714,0.07982316687789365,-0.0078993147534635,-0.001580701653339182,0.1498465952463448,0.028118373607867397
Full-CP μ3,71,Head20,0.49496222000001394,-0.3298383281845089,0.165123891815505,0.00076827086707348,0.23802692555182148,0.6133493087909301
Full-CP μ3,71,Middle60,-0.007257828431558841,0.07186139327748281,0.06460356484592396,0.00042432789432407894,0.7074347038578708,0.3725454003215418
Full-CP μ3,71,Tail20,-0.08847830273831885,0.0992856594772699,0.010807356738951057,-0.002063805026312669,0.054538349344511516,0.014105282643868122
Full-CP μ3,71,Many35,0.22654660991807096,-0.06423196925185196,0.162314640666219,0.0006293486724568195,0.46671693431562744,0.8134968126760214
Full-CP μ3,71,Medium35,0.06888964717336636,-0.031079277404382537,0.03781036976898382,0.0008621564451026304,0.392534497048473,0.15838480547245126
Full-CP μ3,71,Few30,-0.08820201196199792,0.10121746184907993,0.013015449887082007,-0.0017551229546639928,0.14074854739010334,0.028118373607867397
Full-CP μ3,72,Head20,0.50619118853584,-0.3670097015582766,0.13918148697756325,0.0008295287976192516,0.24424166075186804,0.6133493087909301
Full-CP μ3,72,Middle60,-0.0058345071547282875,0.07765869883416546,0.07182419167943718,0.0004621784252575371,0.6949570680299075,0.3725454003215418
Full-CP μ3,72,Tail20,-0.09113509537807356,0.11039273231290282,0.01925763693482925,-0.002301593962862777,0.06080124035361223,0.014105282643868122
Full-CP μ3,72,Many35,0.2325724785317768,-0.07610021657863965,0.15647226195313715,0.000685367557196545,0.46348192663572263,0.8134968126760214
Full-CP μ3,72,Medium35,0.07332264321228187,-0.02972308437584173,0.04359955883644011,0.0009148550542226997,0.3918636857852107,0.15838480547245126
Full-CP μ3,72,Few30,-0.09184259423901411,0.10769993595164333,0.015857341712629206,-0.0019239463063030619,0.14465435671445448,0.028118373607867397
Full-CP μ3,73,Head20,0.5169390402195401,-0.3772726810954596,0.13966635912408057,0.0008546817471803924,0.24228622076043393,0.6133493087909301
Full-CP μ3,73,Middle60,-0.006474189907916176,0.08138611927210357,0.07491192936418742,0.0004863505883365404,0.7029436320590321,0.3725454003215418
Full-CP μ3,73,Tail20,-0.10163963840265448,0.12436547258403154,0.022725834181377042,-0.0024848396581364793,0.05477019962563645,0.014105282643868122
Full-CP μ3,73,Many35,0.237966264550695,-0.07668967755638673,0.1612765869943083,0.0007046527932665811,0.47028932426474057,0.8134968126760214
Full-CP μ3,73,Medium35,0.07725920877564514,-0.03330207162466991,0.0439571371509752,0.000978690546345421,0.3890831171593163,0.15838480547245126
Full-CP μ3,73,Few30,-0.10384516415197201,0.1224911402478212,0.018645976095849195,-0.00207797132684498,0.1406276110210456,0.028118373607867397
Full-CP μ3,74,Head20,0.5334506577360516,-0.3930755691893186,0.14037508854673303,0.0008676573084516852,0.24005099115311168,0.6133493087909301
Full-CP μ3,74,Middle60,-0.006509318467636591,0.08079130159126173,0.07428198312362519,0.00047775203443622364,0.7007216093625175,0.3725454003215418
Full-CP μ3,74,Tail20,-0.11126326668697098,0.1202497349974389,0.0089864683104679,-0.0024508471284449725,0.05922744300914928,0.014105282643868122
Full-CP μ3,74,Many35,0.2484679537296961,-0.08957599773136155,0.15889195599833464,0.0007174964905129263,0.46405785392562393,0.8134968126760214
Full-CP μ3,74,Medium35,0.07668679591071922,-0.0272554198096954,0.04943137610102383,0.0009374487647690077,0.3838389113661833,0.15838480547245126
Full-CP μ3,74,Few30,-0.11090758414970403,0.11600203418583684,0.005094450036132776,-0.002030725275618667,0.1521032782329712,0.028118373607867397
Full-CP μ3,75,Head20,0.514290903325732,-0.37090925676123293,0.1433816465644991,0.0008456474002543655,0.2408481920574559,0.6133493087909301
Full-CP μ3,75,Middle60,-0.002585115638736848,0.08227307422479051,0.07968795858605364,0.0004643186269507099,0.7014995294593973,0.3725454003215418
Full-CP μ3,75,Tail20,-0.10023039406708752,0.11831607844214885,0.018085684375061348,-0.002473652051218475,0.057652349380077794,0.014105282643868122
Full-CP μ3,75,Many35,0.24166189927518866,-0.0764679629249587,0.16519393635023,0.0006970770065818356,0.4696160904568387,0.8134968126760214
Full-CP μ3,75,Medium35,0.08134206796764783,-0.02895632431294145,0.052385743654706364,0.0009456408069670076,0.3894273714540759,0.15838480547245126
Full-CP μ3,75,Few30,-0.1059678535550199,0.11914569801440844,0.013177844459388523,-0.0020732032958816374,0.14095660898601636,0.028118373607867397
Full-CP μ3,76,Head20,0.5047931762543947,-0.35565093937057246,0.14914223688382222,0.0008237019763208652,0.2426856841193512,0.6133493087909301
Full-CP μ3,76,Middle60,-0.00830021237424442,0.07922496737609509,0.07092475500185066,0.0004552469278975896,0.6986580844968557,0.3725454003215418
Full-CP μ3,76,Tail20,-0.09185537977221733,0.10659471008693798,0.014739330314720668,-0.002372215491098662,0.058656256849644706,0.014105282643868122
Full-CP μ3,76,Many35,0.23423359588734632,-0.07245895296341993,0.16177464292392638,0.0006755412701331793,0.4677459371596342,0.8134968126760214
Full-CP μ3,76,Medium35,0.07497721707701573,-0.03069999890736924,0.04427721816964648,0.000939885113907768,0.3889260718424339,0.15838480547245126
Full-CP μ3,76,Few30,-0.10205450888545964,0.11276455907902119,0.010710050193561547,-0.0020065126021044572,0.14332801646378357,0.028118373607867397
Full-CP μ3,77,Head20,0.5292696827502291,-0.3738739964750961,0.15539568627513298,0.0008512384709019905,0.24921255014487542,0.6133493087909301
Full-CP μ3,77,Middle60,-0.006207108665575293,0.07828954770947025,0.07208243904389496,0.00047250327929878054,0.6912631565210177,0.3725454003215418
Full-CP μ3,77,Tail20,-0.09979233436752111,0.10977654843979205,0.00998421407227094,-0.0024381612423652163,0.059524334443267435,0.014105282643868122
Full-CP μ3,77,Many35,0.24624251352417084,-0.08241690605703002,0.1638256074671407,0.0007018483797362246,0.47140335888252594,0.8134968126760214
Full-CP μ3,77,Medium35,0.08302581428482227,-0.03257679316814481,0.0504490211166774,0.0009638015164305401,0.38948224707564805,0.15838480547245126
Full-CP μ3,77,Few30,-0.11024236751983711,0.11467344582477515,0.00443107830493802,-0.002056200167905815,0.13911443515098654,0.028118373607867397
Full-CP μ3,78,Head20,0.522753969239553,-0.37069769720691037,0.1520562720326426,0.0008823162215026769,0.240311277564615,0.6133493087909301
Full-CP μ3,78,Middle60,-0.011506915585077482,0.08709992886707045,0.07559301328199296,0.00044628662035380457,0.7011146750592161,0.3725454003215418
Full-CP μ3,78,Tail20,-0.09609286353224888,0.107479548023548,0.011386684491299091,-0.0026494738139444963,0.05857397467480041,0.014105282643868122
Full-CP μ3,78,Many35,0.23656503130788084,-0.07067555820526499,0.16588947310261587,0.0007085004860194276,0.4678150205727434,0.8134968126760214
Full-CP μ3,78,Medium35,0.08546678393438606,-0.03601487429065063,0.049451909643735366,0.0009989035839912666,0.388767790311249,0.15838480547245126
Full-CP μ3,78,Few30,-0.11427687848126357,0.1231932628571341,0.008916384375870527,-0.0022775032359327466,0.14341711641463917,0.028118373607867397
Full-CP μ3,79,Head20,0.5568090964056469,-0.40088800194738056,0.1559210944582663,0.0009089570050127354,0.24559546643286012,0.6133493087909301
Full-CP μ3,79,Middle60,-0.012201366714110163,0.08953490025776438,0.07733353354365423,0.00045107222412215574,0.6923601917515043,0.3725454003215418
Full-CP μ3,79,Tail20,-0.10232829614930476,0.12001119418224941,0.017682898032944646,-0.0029243505268823355,0.06204433360835537,0.014105282643868122
Full-CP μ3,79,Many35,0.2524904782632618,-0.08233673764189156,0.17015374062137023,0.000731519857525574,0.4730495306866942,0.8134968126760214
Full-CP μ3,79,Medium35,0.08780495242617532,-0.03472573698610872,0.053079215440066586,0.0010005460454144699,0.3869757981883595,0.15838480547245126
Full-CP μ3,79,Few30,-0.1184268690616689,0.12839148240477496,0.009964613343106098,-0.00246219478643214,0.13997466291766614,0.028118373607867397
Full-CP μ3,80,Head20,0.5711715567990376,-0.382710173589255,0.1884613832097826,0.0008894680180008411,0.2432175343274139,0.6133493087909301
Full-CP μ3,80,Middle60,-0.0068056455885213375,0.08770476479648327,0.08089911920796199,0.0003986167457766185,0.7005619545670925,0.3725454003215418
Full-CP μ3,80,Tail20,-0.10338525947493811,0.11152390701075393,0.008138647535815837,-0.002773705959164848,0.056220514699816704,0.014105282643868122
Full-CP μ3,80,Many35,0.26760606603906767,-0.07763630711172076,0.1899697589273469,0.0007029190894542446,0.47925402816326823,0.8134968126760214
Full-CP μ3,80,Medium35,0.08763070401702223,-0.035493885776222305,0.0521368182407999,0.0009425105238151195,0.384869759567664,0.15838480547245126
Full-CP μ3,80,Few30,-0.1161966580264145,0.12660391024323275,0.010407252216818262,-0.0023785930180370255,0.13587621586339083,0.028118373607867397
Full-CP μ3,81,Head20,0.5339184175734545,-0.37362888803622885,0.1602895295372256,0.0008658072250191586,0.24367094985791482,0.6133493087909301
Full-CP μ3,81,Middle60,-0.010822738253315103,0.08610961515834435,0.07528687690502923,0.00042187021535877836,0.697053686119034,0.3725454003215418
Full-CP μ3,81,Tail20,-0.10657282764441334,0.11015510172001086,0.003582274075597521,-0.002794868652514803,0.05927529868495185,0.014105282643868122
Full-CP μ3,81,Many35,0.2445237716145736,-0.07315322505474611,0.17137054655982742,0.0006940846603594481,0.46597412729170173,0.8134968126760214
Full-CP μ3,81,Medium35,0.08494398156699959,-0.036639216602750546,0.04830476496424902,0.0009643134578413026,0.3867526293179253,0.15838480547245126
Full-CP μ3,81,Few30,-0.12112746193243804,0.12466122137295609,0.0035337594405180353,-0.002377098325513748,0.14727317805227358,0.028118373607867397
Full-CP μ3,82,Head20,0.5242637541707614,-0.3785744058802991,0.14568934829046234,0.0009007049962362033,0.24167661191313528,0.6133493087909301
Full-CP μ3,82,Middle60,-0.00899853359182814,0.09221893961048616,0.083220406018658,0.00043193186846039055,0.7020583007688401,0.3725454003215418
Full-CP μ3,82,Tail20,-0.0955355045637892,0.11168853113000902,0.016153026566219825,-0.002876012955287782,0.05626519460929558,0.014105282643868122
Full-CP μ3,82,Many35,0.24117484339429063,-0.0674165413843198,0.17375830200997083,0.0007224012937545613,0.46688727573200595,0.8134968126760214
Full-CP μ3,82,Medium35,0.08619854196228934,-0.03776891094418098,0.04842963101810836,0.000999385084346792,0.39563684990571346,0.15838480547245126
Full-CP μ3,82,Few30,-0.11411385036168487,0.12923032377069654,0.015116473409011708,-0.0024617590102318497,0.13747598165355157,0.028118373607867397
Full-CP μ3,83,Head20,0.523167866849969,-0.39727323267413334,0.12589463417583568,0.0009006008671454952,0.24256832865648903,0.6133493087909301
Full-CP μ3,83,Middle60,-0.00035225437711367685,0.08339211640236446,0.08303986202525078,0.0004345837057229252,0.7025779125397094,0.3725454003215418
Full-CP μ3,83,Tail20,-0.10010457966321458,0.11420936983389163,0.014104790170677006,-0.0028579253901261834,0.054853838999406435,0.014105282643868122
Full-CP μ3,83,Many35,0.2503457636302758,-0.0876489651611738,0.162696798469102,0.0007253887316706749,0.47005097928922623,0.8134968126760214
Full-CP μ3,83,Medium35,0.08792260248540958,-0.03988374218953318,0.048038860295876375,0.0009779347778771518,0.3936887919262517,0.15838480547245126
Full-CP μ3,83,Few30,-0.1133087444313573,0.12686314948705912,0.013554405055701834,-0.0024229263650137394,0.13626030898012687,0.028118373607867397
Full-CP μ3,84,Head20,0.5216514497303331,-0.4145922293250446,0.10705922040528842,0.0009312981805333156,0.2409522983507486,0.6133493087909301
Full-CP μ3,84,Middle60,-0.002541685041498153,0.08495202720532401,0.0824103421638258,0.00040587767776761733,0.7016563954966841,0.3725454003215418
Full-CP μ3,84,Tail20,-0.11218198536274333,0.13877501866469777,0.02659303330195447,-0.0029387560948574295,0.05739124280808028,0.014105282643868122
Full-CP μ3,84,Many35,0.24410362141521305,-0.09575360920658464,0.1483500122086284,0.0007397880433038995,0.4677952486963477,0.8134968126760214
Full-CP μ3,84,Medium35,0.09441230077365585,-0.03917073382332835,0.05524156695032748,0.0009459418310790281,0.3914340793271549,0.15838480547245126
Full-CP μ3,84,Few30,-0.12703896972495024,0.1434376475053153,0.01639867778036505,-0.00249323477412759,0.1407706086320104,0.028118373607867397
Full-CP μ3,85,Head20,0.5639607567032486,-0.4104705641969498,0.15349019250629883,0.0009264559190577703,0.23919194098562002,0.6133493087909301
Full-CP μ3,85,Middle60,-0.006498181971782964,0.09047942407924585,0.08398124210746293,0.00038708316634449827,0.6994139610615093,0.3725454003215418
Full-CP μ3,85,Tail20,-0.1578527347495158,0.17171145057848963,0.0138587158289738,-0.0031298565794713796,0.061394039541482925,0.014105282643868122
Full-CP μ3,85,Many35,0.26160688654786995,-0.08809491603121011,0.17351197051665976,0.0007415128547829561,0.46961084818758536,0.8134968126760214
Full-CP μ3,85,Medium35,0.09769379858811389,-0.037220574452244456,0.060473224135869454,0.0009371437826424274,0.3878895947127603,0.15838480547245126
Full-CP μ3,85,Few30,-0.16144181529972512,0.16798751131021525,0.006545696010490133,-0.0026532001845830243,0.1424994986882666,0.028118373607867397
Full-CP μ3,86,Head20,0.5438569721364301,-0.41130371066260313,0.13255326147382696,0.0009117805165755873,0.2392133420216851,0.6133493087909301
Full-CP μ3,86,Middle60,-0.0006190007802853774,0.08382314240842859,0.08320414162814319,0.00041447231030517835,0.7013732364866883,0.3725454003215418
Full-CP μ3,86,Tail20,-0.16742613491563438,0.17137075434826932,0.0039446194326349816,-0.002966025169977608,0.05941332677321043,0.014105282643868122
Full-CP μ3,86,Many35,0.2577519553052696,-0.09500552273736433,0.1627464325679053,0.0007336116141321216,0.4681408793985611,0.8134968126760214
Full-CP μ3,86,Medium35,0.09647076170736102,-0.03934691713552986,0.05712384457183114,0.000958387595210174,0.389564333105227,0.15838480547245126
Full-CP μ3,86,Few30,-0.16354394659477595,0.16443549379234448,0.0008915471975685338,-0.002514550892557002,0.14229469277779572,0.028118373607867397
Full-CP μ3,87,Head20,0.5326978001580918,-0.4131481245116471,0.11954967564644473,0.0009435529705342971,0.23750208063574973,0.6133493087909301
Full-CP μ3,87,Middle60,-0.00959791635690762,0.09068011389137648,0.08108219753446885,0.00038245637697693647,0.703598779902677,0.3725454003215418
Full-CP μ3,87,Tail20,-0.18232492099438483,0.1790662036607197,-0.003258717333665117,-0.0030525244822880875,0.058899178344290704,0.014105282643868122
Full-CP μ3,87,Many35,0.24472544192357557,-0.0893906017310085,0.15533484019256705,0.0007442863163998268,0.46134747976611834,0.8134968126760214
Full-CP μ3,87,Medium35,0.09426271956901475,-0.040354748001570635,0.05390797156744406,0.000965454219595095,0.39248815209430177,0.15838480547245126
Full-CP μ3,87,Few30,-0.18110010167936597,0.17667518857014383,-0.004424913109222157,-0.0026357655458760635,0.14616440702229738,0.028118373607867397
Full-CP μ3,88,Head20,0.5326833871524428,-0.44369745860261556,0.08898592854982729,0.0009822695944580527,0.2373079495737329,0.6133493087909301
Full-CP μ3,88,Middle60,-0.007724992883847552,0.0851134913960461,0.07738849851219853,0.00044822948546384113,0.707067262585042,0.3725454003215418
Full-CP μ3,88,Tail20,-0.17483158165608378,0.17957408951284984,0.004742507856766074,-0.0030757287284359338,0.05562484203255735,0.014105282643868122
Full-CP μ3,88,Many35,0.2486212464519599,-0.10833184344711648,0.14028940300484344,0.0007846445779556946,0.4623968757368857,0.8134968126760214
Full-CP μ3,88,Medium35,0.09251081085365503,-0.04562149403209804,0.04688931682155708,0.0010425738812211924,0.3935909406718565,0.15838480547245126
Full-CP μ3,88,Few30,-0.17486951562667324,0.17375696379133196,-0.0011125518353412944,-0.0026309353207639393,0.1440122377825901,0.028118373607867397
Full-CP μ3,89,Head20,0.5629650748908666,-0.4193460725572307,0.14361900233363592,0.0009230219226330643,0.241213418848929,0.6133493087909301
Full-CP μ3,89,Middle60,-0.004644490498982913,0.08532934662496591,0.08068485612598296,0.00036325658834005745,0.7025567999226041,0.3725454003215418
Full-CP μ3,89,Tail20,-0.19502639370330146,0.18283847991066676,-0.012187913792634692,-0.0030492967219712835,0.05622976647282485,0.014105282643868122
Full-CP μ3,89,Many35,0.26422628933665643,-0.10158535361617227,0.16264093572048421,0.0007319275154474205,0.4643544809805462,0.8134968126760214
Full-CP μ3,89,Medium35,0.10002114255818129,-0.03766556810637008,0.062355574451811197,0.0009058068980328376,0.39009773811267223,0.15838480547245126
Full-CP μ3,89,Few30,-0.18895186408356643,0.17544637349518866,-0.013505490588377812,-0.0026016935052723318,0.1455477661511395,0.028118373607867397
Full-CP μ3,90,Head20,0.5507703791548113,-0.4142959892324516,0.13647438992235963,0.0009564335026855488,0.2407817974453792,0.6133493087909301
Full-CP μ3,90,Middle60,-0.006463146637128675,0.0951157351453431,0.08865258850821442,0.00041458500844013566,0.7048832029104233,0.3725454003215418
Full-CP μ3,90,Tail20,-0.18739856592825768,0.18965062087469656,0.0022520549464388764,-0.0032123220840003346,0.05433503682434093,0.014105282643868122
Full-CP μ3,90,Many35,0.2606840303176327,-0.08569446748540721,0.17498956283222555,0.0007635563593271049,0.47083199000917375,0.8134968126760214
Full-CP μ3,90,Medium35,0.09531754490855884,-0.04229631964268441,0.05302122526587439,0.0010263428550630605,0.3961315954220481,0.15838480547245126
Full-CP μ3,90,Few30,-0.18601358888711172,0.18979047636828983,0.0037768874811780757,-0.002762971454118112,0.13303645174892154,0.028118373607867397
Flat-CP μ1,61,Head20,0.42375340521030885,-0.22072259896735102,0.20303080624295783,0.0004966150587819206,0.3042904385365546,0.6133493087909301
Flat-CP μ1,61,Middle60,0.0051402847015786825,0.04525606793436024,0.050396352635938904,0.00030633498435655196,0.6475247726775706,0.3725454003215418
Flat-CP μ1,61,Tail20,-0.07404415810015054,0.07091390046601495,-0.0031302576341355882,-0.0013803968421416358,0.04818481998518109,0.014105282643868122
Flat-CP μ1,61,Many35,0.19429515781597584,-0.039489103337261584,0.1548060544787143,0.0004073680670943315,0.5056105768308043,0.8134968126760214
Flat-CP μ1,61,Medium35,0.06496740604676797,-0.027146691945487002,0.037820714101280954,0.0006176916613495541,0.3808580976910889,0.15838480547245126
Flat-CP μ1,61,Few30,-0.0590529236966048,0.06838143136436967,0.009328507667764871,-0.001172420903377906,0.11353135667741299,0.028118373607867397
Flat-CP μ1,62,Head20,0.41311099494737136,-0.2052396075144506,0.2078713874329207,0.00047126890459405716,0.3044914231868461,0.6133493087909301
Flat-CP μ1,62,Middle60,-0.0019451428596487664,0.04379925238678756,0.041854109527138805,0.00029459586676506915,0.6472919625230134,0.3725454003215418
Flat-CP μ1,62,Tail20,-0.07325231951350966,0.06573495920747519,-0.007517360306034489,-0.0013394631350335355,0.04821664618793875,0.014105282643868122
Flat-CP μ1,62,Many35,0.18468896315837616,-0.03491248964348491,0.14977647351489126,0.0003879391713389005,0.5059445339720696,0.8134968126760214
Flat-CP μ1,62,Medium35,0.059769028656493625,-0.026814785230128056,0.03295424342636555,0.0006017826563275778,0.37978865148033947,0.15838480547245126
Flat-CP μ1,62,Few30,-0.06251882588073787,0.06661055992147336,0.004091734040735493,-0.0011442798857070717,0.11426684644538909,0.028118373607867397
Flat-CP μ1,63,Head20,0.4147049276756534,-0.2056425183442504,0.20906240933140294,0.00047016930961273523,0.30403173761442304,0.6133493087909301
Flat-CP μ1,63,Middle60,0.002693561222640925,0.04545419916487503,0.048147760387515975,0.0002876132989168428,0.6477197888307273,0.3725454003215418
Flat-CP μ1,63,Tail20,-0.06830553854039559,0.06865254642131428,0.00034700788091868097,-0.0013631347982057682,0.04824851488228887,0.014105282643868122
Flat-CP μ1,63,Many35,0.19334957454447926,-0.03545156778413834,0.15789800676034094,0.0003862458021092946,0.5056179984239861,0.8134968126760214
Flat-CP μ1,63,Medium35,0.058867061543930836,-0.024249393686586955,0.03461766785734384,0.0005969723666809494,0.38070061057806015,0.15838480547245126
Flat-CP μ1,63,Few30,-0.057932693567691415,0.06923287209697218,0.011300178529280749,-0.0011671715914836208,0.11368143232539296,0.028118373607867397
Flat-CP μ1,64,Head20,0.41471397467045007,-0.2066617224407286,0.20805225222972135,0.00047250496748547954,0.3042327950242907,0.6133493087909301
Flat-CP μ1,64,Middle60,-0.007749061397762513,0.0471237758559136,0.03937471445815107,0.0002839259308443474,0.6481481285300106,0.3725454003215418
Flat-CP μ1,64,Tail20,-0.08775999691958228,0.07294261207183203,-0.01481738484775027,-0.0014104786468669772,0.04761904617771506,0.014105282643868122
Flat-CP μ1,64,Many35,0.18241842940566216,-0.03373964483532038,0.14867878457034178,0.00038643396837427247,0.5059523656382225,0.8134968126760214
Flat-CP μ1,64,Medium35,0.059677035890290255,-0.024637496710904438,0.0350395391793858,0.0006047283493886296,0.3809523694217205,0.15838480547245126
Flat-CP μ1,64,Few30,-0.07997351380689101,0.07320814326982507,-0.00676537053706595,-0.0012138199619556892,0.11309523467207327,0.028118373607867397
Flat-CP μ1,65,Head20,0.4261779471258487,-0.22649760679290795,0.19968034033294088,0.0005116696675255581,0.3046926761744544,0.6133493087909301
Flat-CP μ1,65,Middle60,-0.00525191085235125,0.05064698799547055,0.04539507714311928,0.0002990361791524194,0.647058850270696,0.3725454003215418
Flat-CP μ1,65,Tail20,-0.09356407584467281,0.08151961665134876,-0.01204445919332405,-0.0015469186089467255,0.04824851488228887,0.014105282643868122
Flat-CP μ1,65,Many35,0.18971882425168615,-0.03814219013697203,0.15157663411471411,0.00041675291224198486,0.5062789369840175,0.8134968126760214
Flat-CP μ1,65,Medium35,0.061290265727209574,-0.027028218040917783,0.03426204768629178,0.0006443001106953661,0.3800396720180288,0.15838480547245126
Flat-CP μ1,65,Few30,-0.08160517915929685,0.08067412543743974,-0.0009310537218570879,-0.0013299887960695157,0.11368143232539296,0.028118373607867397
Flat-CP μ1,66,Head20,0.43544883336887175,-0.22532799766536485,0.21012083570350676,0.0005095087643526302,0.3044914231868461,0.6133493087909301
Flat-CP μ1,66,Middle60,-0.005796674331637096,0.052284123361388074,0.04648744902975096,0.0002885566626819809,0.6472919625230134,0.3725454003215418
Flat-CP μ1,66,Tail20,-0.09705651609692723,0.08494681484686832,-0.012109701250058908,-0.0015873573472102484,0.04821664618793875,0.014105282643868122
Flat-CP μ1,66,Many35,0.19448854727115558,-0.03563382729326724,0.15885471997788828,0.00041255477330046683,0.5059445339720696,0.8134968126760214
Flat-CP μ1,66,Medium35,0.06591265041006364,-0.027378675733642,0.03853397467642164,0.0006413525830009408,0.38044915348291397,0.15838480547245126
Flat-CP μ1,66,Few30,-0.08979986777673366,0.08449537837517256,-0.005304489401561084,-0.001371010978892759,0.11360634444281459,0.028118373607867397
Flat-CP μ1,67,Head20,0.4366181212869158,-0.2479131984172325,0.18870492286968332,0.0005607720958216531,0.30489417066564783,0.6133493087909301
Flat-CP μ1,67,Middle60,-0.01821184771121942,0.0594076397289893,0.0411957920177699,0.0003211239630776284,0.6474867528886534,0.3725454003215418
Flat-CP μ1,67,Tail20,-0.11300698776418965,0.10100643509455645,-0.01200055266963318,-0.0017982636236896117,0.04761904617771506,0.014105282643868122
Flat-CP μ1,67,Many35,0.18058405886884052,-0.038055141789324155,0.1425289170795164,0.00045427941195185845,0.5066137412795797,0.8134968126760214
Flat-CP μ1,67,Medium35,0.066923798378893,-0.029847855209265705,0.037075943169627326,0.0007209870340915536,0.3809523694217205,0.15838480547245126
Flat-CP μ1,67,Few30,-0.10944210652964383,0.10009760040788276,-0.009344506121761091,-0.0015538906128073633,0.11243385903071612,0.028118373607867397
Flat-CP μ1,68,Head20,0.4041088573221776,-0.22471355762903283,0.17939529969314474,0.0005075275216888429,0.3038309211842716,0.6133493087909301
Flat-CP μ1,68,Middle60,-0.007359703705706783,0.05386929600913623,0.04650959230342945,0.00029369173255705473,0.6479524645255879,0.3725454003215418
Flat-CP μ1,68,Tail20,-0.09137085192681602,0.09492574414859216,0.0035548922217761496,-0.001660245608072728,0.04821664618793875,0.014105282643868122
Flat-CP μ1,68,Many35,0.18405776452349612,-0.034541533626282456,0.14951623089721364,0.00041338156575696563,0.5052840319694951,0.8134968126760214
Flat-CP μ1,68,Medium35,0.05511298252488829,-0.02839974152232376,0.026713241002564572,0.0006623100543473527,0.3811096554854885,0.15838480547245126
Flat-CP μ1,68,Few30,-0.08525994203762098,0.0946448707046859,0.009384928667064923,-0.0014360688159301854,0.11360634444281459,0.028118373607867397
Flat-CP μ1,69,Head20,0.39911055189794364,-0.23582512056759802,0.16328543133034562,0.0005340583895974237,0.30403173761442304,0.6133493087909301
Flat-CP μ1,69,Middle60,-0.012815252217567054,0.056488611597231224,0.04367335937966417,0.0003054223958247422,0.6477197888307273,0.3725454003215418
Flat-CP μ1,69,Tail20,-0.10073560940024134,0.10130270869315912,0.0005670992929178004,-0.001763300539266008,0.04824851488228887,0.014105282643868122
Flat-CP μ1,69,Many35,0.17258295034611956,-0.03613191945550791,0.13645103089061167,0.00043469699199626973,0.5056179984239861,0.8134968126760214
Flat-CP μ1,69,Medium35,0.06379288060558277,-0.031231083326366933,0.03256179727921586,0.0006998122616760711,0.38070061057806015,0.15838480547245126
Flat-CP μ1,69,Few30,-0.10248567888031868,0.1018857851903572,-0.0005998936899614699,-0.001532244104080636,0.11368143232539296,0.028118373607867397
Flat-CP μ1,70,Head20,0.44767705569819366,-0.24586326185555082,0.20181379384264278,0.0005538396291648156,0.3040897222235799,0.6133493087909301
Flat-CP μ1,70,Middle60,-0.007844123863852514,0.059268321348551097,0.051424197484698585,0.0003125801035269647,0.6477572824805975,0.3725454003215418
Flat-CP μ1,70,Tail20,-0.113701088897263,0.10615415327871838,-0.007546935618544616,-0.0018685950961662458,0.048153036274015903,0.014105282643868122
Flat-CP μ1,70,Many35,0.20114880415839428,-0.038489450051073563,0.1626593541073207,0.0004500564711786635,0.5052770655602217,0.8134968126760214
Flat-CP μ1,70,Medium35,0.06939255089579036,-0.031125117933234456,0.0382674329625559,0.000726018864109875,0.3806068757548928,0.15838480547245126
Flat-CP μ1,70,Few30,-0.10866918409029995,0.10661423296090654,-0.002054951129393396,-0.001623431328783652,0.11411609966307878,0.028118373607867397
Flat-CP μ1,71,Head20,0.41028901890767616,-0.22955450331932592,0.18073451558835024,0.0005199895903433616,0.3044914231868461,0.6133493087909301
Flat-CP μ1,71,Middle60,-0.009255410981657436,0.05518866474006229,0.045933253758404846,0.00029334301823824647,0.6472919625230134,0.3725454003215418
Flat-CP μ1,71,Tail20,-0.1071670373979335,0.10097858418400091,-0.006188453213932613,-0.0017970272033320117,0.04821664618793875,0.014105282643868122
Flat-CP μ1,71,Many35,0.1859503370774831,-0.03469907576760367,0.15125126130987943,0.00042225679844536774,0.5059445339720696,0.8134968126760214
Flat-CP μ1,71,Medium35,0.059190213929066655,-0.03165334057856511,0.027536873350501544,0.000691120261777292,0.3811096554854885,0.15838480547245126
Flat-CP μ1,71,Few30,-0.10242681046446112,0.10207120246043813,-0.0003556080040230317,-0.0015636122757757102,0.11294584244024009,0.028118373607867397
Flat-CP μ1,72,Head20,0.41926845870315155,-0.24491481025776624,0.1743536484453852,0.0005566330341599203,0.3046926761744544,0.6133493087909301
Flat-CP μ1,72,Middle60,-0.007303417450830483,0.058863721173214055,0.051560303722383585,0.0003014493908181677,0.647058850270696,0.3725454003215418
Flat-CP μ1,72,Tail20,-0.11029187007807195,0.10901136556640267,-0.0012805045116692777,-0.0019371088468081628,0.04824851488228887,0.014105282643868122
Flat-CP μ1,72,Many35,0.19118420747963938,-0.037621330823655416,0.15356287665598398,0.000448334919944675,0.5062789369840175,0.8134968126760214
Flat-CP μ1,72,Medium35,0.06440170598443977,-0.03387549220294878,0.030526213781490976,0.000728175924019021,0.3800396720180288,0.15838480547245126
Flat-CP μ1,72,Few30,-0.10680600819303354,0.11053810608322398,0.003732097890190404,-0.0016900144114201379,0.11368143232539296,0.028118373607867397
Flat-CP μ1,73,Head20,0.42838373440374666,-0.2461349691547838,0.18224876524896286,0.0005621935339862776,0.3044914231868461,0.6133493087909301
Flat-CP μ1,73,Middle60,-0.006350278302805175,0.058752941791867325,0.05240266348906213,0.0003073162968986509,0.6472919625230134,0.3725454003215418
Flat-CP μ1,73,Tail20,-0.11368254248130444,0.11037982379396756,-0.0033027186873368967,-0.00199638957856223,0.04821664618793875,0.014105282643868122
Flat-CP μ1,73,Many35,0.195040061424295,-0.037227992089969617,0.15781206933432537,0.0004533657647787668,0.5059445339720696,0.8134968126760214
Flat-CP μ1,73,Medium35,0.06977598597626485,-0.036398368680576165,0.03337761729568866,0.000747377482431847,0.37978865148033947,0.15838480547245126
Flat-CP μ1,73,Few30,-0.11185181729130207,0.1128998742421606,0.001048056950858515,-0.0017423652243323824,0.11426684644538909,0.028118373607867397
Flat-CP μ1,74,Head20,0.4393646328152056,-0.2546582546945135,0.18470637812069216,0.0005793831084303369,0.30403173761442304,0.6133493087909301
Flat-CP μ1,74,Middle60,-0.0034028454108348304,0.05996878205255043,0.05656593664171561,0.00030982238621020224,0.6477197888307273,0.3725454003215418
Flat-CP μ1,74,Tail20,-0.12503144146952158,0.11827542475657538,-0.006756016712946195,-0.0020883804482097427,0.04824851488228887,0.014105282643868122
Flat-CP μ1,74,Many35,0.20291165502795033,-0.038550110362666826,0.1643615446652835,0.0004658412272775644,0.5056179984239861,0.8134968126760214
Flat-CP μ1,74,Medium35,0.07310756049197555,-0.039510503337145876,0.0335970571548297,0.0007680052919806343,0.3800396720180288,0.15838480547245126
Flat-CP μ1,74,Few30,-0.1192726480311272,0.12008639346292362,0.0008137454317964179,-0.0018258410599004313,0.11434237088542432,0.028118373607867397
Flat-CP μ1,75,Head20,0.4225597371053544,-0.24882365501956388,0.17373608208579058,0.0005645466250552994,0.3042904385365546,0.6133493087909301
Flat-CP μ1,75,Middle60,-0.0010258118100183982,0.05861186006208715,0.05758604825206873,0.00029712741281124493,0.6475247726775706,0.3725454003215418
Flat-CP μ1,75,Tail20,-0.1201248737440134,0.11965691616448261,-0.0004679575795307694,-0.0020630356228987993,0.04818481998518109,0.014105282643868122
Flat-CP μ1,75,Many35,0.19540782259965814,-0.037454794219598145,0.15795302838005998,0.00045403757412574577,0.5056105768308043,0.8134968126760214
Flat-CP μ1,75,Medium35,0.07681262803344845,-0.03920338817189337,0.03760923986155503,0.0007479715917660234,0.3808580976910889,0.15838480547245126
Flat-CP μ1,75,Few30,-0.11801890711776711,0.1205471070108603,0.0025281998930931715,-0.0018070818664802403,0.11353135667741299,0.028118373607867397
Flat-CP μ1,76,Head20,0.41406473120367293,-0.2515803357935404,0.1624843954101326,0.0005726686544820083,0.3042904385365546,0.6133493087909301
Flat-CP μ1,76,Middle60,-0.005068122413639549,0.05806481056748183,0.052996688153842245,0.0002997924396947119,0.6475247726775706,0.3725454003215418
Flat-CP μ1,76,Tail20,-0.11649299801016846,0.12205692764837296,0.0055639296382044776,-0.0021019804077999048,0.04818481998518109,0.014105282643868122
Flat-CP μ1,76,Many35,0.19001637725593198,-0.03859888571567043,0.15141749154026157,0.0004601863867384522,0.5056105768308043,0.8134968126760214
Flat-CP μ1,76,Medium35,0.07080183951392592,-0.04146563288127143,0.029336206632654446,0.0007597430028214947,0.3808580976910889,0.15838480547245126
Flat-CP μ1,76,Few30,-0.11604300892977704,0.12318928740128424,0.007146278471507208,-0.001843207243975779,0.11353135667741299,0.028118373607867397
Flat-CP μ1,77,Head20,0.43456607812987846,-0.254476494110045,0.1800895840198336,0.0005791296946241066,0.3042904385365546,0.6133493087909301
Flat-CP μ1,77,Middle60,-0.0031439976960266213,0.05884792669172165,0.055703928995695026,0.00030188980650439686,0.6475247726775706,0.3725454003215418
Flat-CP μ1,77,Tail20,-0.1260275593570744,0.12616794944430393,0.00014039008722951344,-0.0021696003904799,0.04818481998518109,0.014105282643868122
Flat-CP μ1,77,Many35,0.19878918828962608,-0.03832129626918675,0.16046789202043935,0.0004658177702138444,0.5056105768308043,0.8134968126760214
Flat-CP μ1,77,Medium35,0.07976990625762553,-0.04337830804753224,0.03639159821009333,0.0007757333584586276,0.3808580976910889,0.15838480547245126
Flat-CP μ1,77,Few30,-0.12558125984864404,0.1274730286424547,0.0018917687938106442,-0.0019050105010129524,0.11353135667741299,0.028118373607867397
Flat-CP μ1,78,Head20,0.4280148189791178,-0.27041486347107957,0.15759995550803824,0.0006178623383249293,0.3042904385365546,0.6133493087909301
Flat-CP μ1,78,Middle60,-0.008202954448203124,0.06212427092283986,0.05392131647463673,0.00031295933060878137,0.6475247726775706,0.3725454003215418
Flat-CP μ1,78,Tail20,-0.13232729834271592,0.13010953067957115,-0.002217767663144816,-0.0023146048651930566,0.04818481998518109,0.014105282643868122
Flat-CP μ1,78,Many35,0.18995212343703202,-0.042146985798358676,0.14780513763867334,0.0004947887832643706,0.5056105768308043,0.8134968126760214
Flat-CP μ1,78,Medium35,0.08120981417233429,-0.045397878064306334,0.03581193610802793,0.0008156165775647737,0.3808580976910889,0.15838480547245126
Flat-CP μ1,78,Few30,-0.13563648901639902,0.13284732782445,-0.002789161191949065,-0.0020340492776618575,0.11353135667741299,0.028118373607867397
Flat-CP μ1,79,Head20,0.45874593771431893,-0.2712550139537095,0.18749092376060952,0.0006191254413841057,0.3042327950242907,0.6133493087909301
Flat-CP μ1,79,Middle60,-0.010610112391444791,0.06439419640288578,0.053784084011441004,0.0003000237666160956,0.6474867528886534,0.3725454003215418
Flat-CP μ1,79,Tail20,-0.14449462954265374,0.13383039137503752,-0.010664238167616233,-0.0023623918604183326,0.04828042181907222,0.014105282643868122
Flat-CP μ1,79,Many35,0.20416475923372204,-0.04171802687025327,0.16244673236346874,0.0004925029359725125,0.5059523656382225,0.8134968126760214
Flat-CP μ1,79,Medium35,0.08157294230902333,-0.04421328805585551,0.03735965425316782,0.0008092183411789904,0.3809523694217205,0.15838480547245126
Flat-CP μ1,79,Few30,-0.14508000446831562,0.13742517850045052,-0.0076548259678651115,-0.0020808049028007134,0.11309523467207327,0.028118373607867397
Flat-CP μ1,80,Head20,0.4709204582379691,-0.27113726469195054,0.1997831935460185,0.0006165370309907949,0.3046926761744544,0.6133493087909301
Flat-CP μ1,80,Middle60,-0.004945459789537012,0.06275304981693638,0.05780759002739938,0.0003007794892138231,0.647058850270696,0.3725454003215418
Flat-CP μ1,80,Tail20,-0.14580808929167688,0.13564993957212818,-0.01015814971954872,-0.0023910096664136894,0.04824851488228887,0.014105282643868122
Flat-CP μ1,80,Many35,0.2187359205712732,-0.0434206018555116,0.17531531871576161,0.0004953707088394254,0.5062789369840175,0.8134968126760214
Flat-CP μ1,80,Medium35,0.0804393050577795,-0.04589027641267925,0.034549028645100274,0.0008113436724935119,0.38070061057806015,0.15838480547245126
Flat-CP μ1,80,Few30,-0.1421871035154407,0.13937724086688047,-0.002809862648560239,-0.0021059228900760433,0.11302049376536161,0.028118373607867397
Flat-CP μ1,81,Head20,0.4392931071136499,-0.27464924205728997,0.16464386505635994,0.0006289133495647232,0.3042904385365546,0.6133493087909301
Flat-CP μ1,81,Middle60,-0.006997505553310232,0.0648357463138658,0.057838240760555555,0.0003047371842819496,0.6475247726775706,0.3725454003215418
Flat-CP μ1,81,Tail20,-0.15413225337397307,0.14828351413598284,-0.005848739237990231,-0.002479817794907528,0.04818481998518109,0.014105282643868122
Flat-CP μ1,81,Many35,0.2026159747714615,-0.043198857714629064,0.15941711705683242,0.0005022823259995158,0.5056105768308043,0.8134968126760214
Flat-CP μ1,81,Medium35,0.07808431079339812,-0.04655533121101856,0.031528979582379574,0.000828154554695618,0.3808580976910889,0.15838480547245126
Flat-CP μ1,81,Few30,-0.15137144177250553,0.15014089442678233,-0.001230547345723166,-0.0021766382891422937,0.11353135667741299,0.028118373607867397
Flat-CP μ1,82,Head20,0.4305271175016339,-0.2704931754275668,0.16003394207406707,0.0006214555301746816,0.3042904385365546,0.6133493087909301
Flat-CP μ1,82,Middle60,-0.004891303945291459,0.06445975637394699,0.0595684524286555,0.0002990664272278581,0.6475247726775706,0.3725454003215418
Flat-CP μ1,82,Tail20,-0.1653849991271272,0.17031089616163322,0.004925897034506003,-0.0024836786141774307,0.04818481998518109,0.014105282643868122
Flat-CP μ1,82,Many35,0.20168780084149593,-0.04326549361180987,0.1584223072296861,0.0004981853937967278,0.5056105768308043,0.8134968126760214
Flat-CP μ1,82,Medium35,0.08032815785035675,-0.04774620639671721,0.032581951453639534,0.0008200538147326058,0.3808580976910889,0.15838480547245126
Flat-CP μ1,82,Few30,-0.16203981411473994,0.1683116432472198,0.006271829132479847,-0.0021812949448303393,0.11353135667741299,0.028118373607867397
Flat-CP μ1,83,Head20,0.4298503398040707,-0.2697614902923482,0.16008884951172248,0.000616843624486379,0.3044914231868461,0.6133493087909301
Flat-CP μ1,83,Middle60,0.0006471782882285547,0.0625418918634718,0.06318907015170033,0.0002939821164922842,0.6472919625230134,0.3725454003215418
Flat-CP μ1,83,Tail20,-0.17592208265947798,0.1798757642973215,0.003953681637843446,-0.002451718735392205,0.04821664618793875,0.014105282643868122
Flat-CP μ1,83,Many35,0.20936028528647124,-0.046632584577190175,0.16272770070928108,0.0004975776330683741,0.5059445339720696,0.8134968126760214
Flat-CP μ1,83,Medium35,0.08093097214220213,-0.048809735876870035,0.032121236265332094,0.0008092616546396627,0.38044915348291397,0.15838480547245126
Flat-CP μ1,83,Few30,-0.16809327232726673,0.17650934025999596,0.008416067932729266,-0.0021599316766120254,0.11360634444281459,0.028118373607867397
Flat-CP μ1,84,Head20,0.4253846550494333,-0.2724040567515497,0.1529805982978835,0.0006248019083537964,0.3046926761744544,0.6133493087909301
Flat-CP μ1,84,Middle60,-0.0031171002579304385,0.06493774248780058,0.06182064222987015,0.0002930151060107706,0.647058850270696,0.3725454003215418
Flat-CP μ1,84,Tail20,-0.1762648365305116,0.1836173760239035,0.007352539493391909,-0.0025135768414475024,0.04824851488228887,0.014105282643868122
Flat-CP μ1,84,Many35,0.20295342771465136,-0.047071500100134174,0.15588192761451722,0.0005027862663618208,0.5062789369840175,0.8134968126760214
Flat-CP μ1,84,Medium35,0.08560603880680902,-0.04946613239455943,0.03613990641224957,0.0008190260952343822,0.38070061057806015,0.15838480547245126
Flat-CP μ1,84,Few30,-0.1768070324449502,0.18331160240097955,0.006504569956029357,-0.002215267498569833,0.11302049376536161,0.028118373607867397
Flat-CP μ1,85,Head20,0.4598428907670901,-0.2878547251656138,0.17198816560147623,0.0006555901063749511,0.3042904385365546,0.6133493087909301
Flat-CP μ1,85,Middle60,-0.008504251080330342,0.07084736900827884,0.06234311792794849,0.00029375765463910276,0.6475247726775706,0.3725454003215418
Flat-CP μ1,85,Tail20,-0.2110422322099718,0.20078781987346397,-0.01025441233650781,-0.0026918129605473947,0.04818481998518109,0.014105282643868122
Flat-CP μ1,85,Many35,0.2182968486943865,-0.05104028563657755,0.1672565630578089,0.0005277118459429999,0.5056105768308043,0.8134968126760214
Flat-CP μ1,85,Medium35,0.09093364735263788,-0.052455953657835654,0.03847769369480221,0.0008481964343863096,0.3808580976910889,0.15838480547245126
Flat-CP μ1,85,Few30,-0.21191030851077688,0.20439574699860652,-0.007514561512170402,-0.002375192920554285,0.11353135667741299,0.028118373607867397
Flat-CP μ1,86,Head20,0.4431282153614419,-0.28775487292642177,0.15537334243502018,0.0006529641925580556,0.3042904385365546,0.6133493087909301
Flat-CP μ1,86,Middle60,-0.0013265941890155412,0.06904646900246293,0.0677198748134474,0.00029925483777990105,0.6475247726775706,0.3725454003215418
Flat-CP μ1,86,Tail20,-0.20921152269390103,0.20575578237185257,-0.003455740322048463,-0.0027038433088455347,0.04818481998518109,0.014105282643868122
Flat-CP μ1,86,Many35,0.21721074654368908,-0.052829499189550266,0.16438124735413887,0.0005303413606018981,0.5056105768308043,0.8134968126760214
Flat-CP μ1,86,Medium35,0.09130782022298749,-0.05394730490217154,0.037360515320815975,0.0008519932860099063,0.3808580976910889,0.15838480547245126
Flat-CP μ1,86,Few30,-0.20664705449412651,0.20799981574222184,0.0013527612480952664,-0.002381466823012289,0.11353135667741299,0.028118373607867397
Flat-CP μ1,87,Head20,0.4298967443978719,-0.27485973190710866,0.1550370124907633,0.0006299289506749012,0.3042904385365546,0.6133493087909301
Flat-CP μ1,87,Middle60,-0.009104120785894483,0.06668167323936082,0.057577552453466324,0.00027833509040321963,0.6475247726775706,0.3725454003215418
Flat-CP μ1,87,Tail20,-0.22635605831358896,0.20703928918616535,-0.019316769127423562,-0.0026586096128448844,0.04818481998518109,0.014105282643868122
Flat-CP μ1,87,Many35,0.2034040177862859,-0.04949117764023863,0.15391284014604717,0.0005109370992308591,0.5056105768308043,0.8134968126760214
Flat-CP μ1,87,Medium35,0.09120786902606252,-0.053469057020938716,0.03773881200512382,0.0008221044433534431,0.3808580976910889,0.15838480547245126
Flat-CP μ1,87,Few30,-0.22622831879667338,0.2082699917694663,-0.017958327027207073,-0.0023509987269885687,0.11353135667741299,0.028118373607867397
Flat-CP μ1,88,Head20,0.43164465833155335,-0.2796065188234948,0.15203813950805856,0.0006401417294396998,0.3042904385365546,0.6133493087909301
Flat-CP μ1,88,Middle60,-0.0073452730536752026,0.06592633198601676,0.05858105893234153,0.00028269051694477414,0.6475247726775706,0.3725454003215418
Flat-CP μ1,88,Tail20,-0.2161457188776694,0.20837821308911467,-0.00776750578855475,-0.0027061081539917113,0.04818481998518109,0.014105282643868122
Flat-CP μ1,88,Many35,0.20776170411919512,-0.052484714724273046,0.1552769893949221,0.0005200400767084567,0.5056105768308043,0.8134968126760214
Flat-CP μ1,88,Medium35,0.08990808779041429,-0.05615840941863306,0.033749678371781236,0.0008355469217770277,0.38019803166389465,0.15838480547245126
Flat-CP μ1,88,Few30,-0.21830601036597216,0.21111743831583724,-0.007188572050134968,-0.0023934480807115245,0.11419142270460725,0.028118373607867397
Flat-CP μ1,89,Head20,0.44795939700686044,-0.2896018793670226,0.15835751763983796,0.0006646910040437349,0.3040897222235799,0.6133493087909301
Flat-CP μ1,89,Middle60,-0.003029583322715937,0.0683195574797132,0.06528997415699728,0.00029368997495285247,0.6477572824805975,0.3725454003215418
Flat-CP μ1,89,Tail20,-0.23595435753425897,0.2172169122786727,-0.018737445255586255,-0.002864556583032633,0.048153036274015903,0.014105282643868122
Flat-CP μ1,89,Many35,0.2167132674682072,-0.05387140271984188,0.16284186474836543,0.0005447266640303214,0.5052770655602217,0.8134968126760214
Flat-CP μ1,89,Medium35,0.0982004149877577,-0.05875324600314878,0.03944716898460887,0.0008657257216969069,0.3806068757548928,0.15838480547245126
Flat-CP μ1,89,Few30,-0.2321217698623232,0.21977789374401555,-0.012343876118307636,-0.0025247248861019938,0.11411609966307878,0.028118373607867397
Flat-CP μ1,90,Head20,0.44139753776296586,-0.2888068437856464,0.15259069397731942,0.0006624307506510387,0.3044914231868461,0.6133493087909301
Flat-CP μ1,90,Middle60,-0.004611975890755177,0.06822270921610729,0.06361073332535214,0.00029307419492597997,0.6472919625230134,0.3725454003215418
Flat-CP μ1,90,Tail20,-0.22232321425690318,0.21287376233279548,-0.009449451924107658,-0.0028718586933488646,0.04821664618793875,0.014105282643868122
Flat-CP μ1,90,Many35,0.2147281453654883,-0.05428506515392966,0.16044308021155868,0.0005440382483975156,0.5059445339720696,0.8134968126760214
Flat-CP μ1,90,Medium35,0.09437404551685752,-0.059208262271863654,0.03516578324499389,0.0008673708420546299,0.38044915348291397,0.15838480547245126
Flat-CP μ1,90,Few30,-0.22379362547353868,0.2182322461270729,-0.005561379346465814,-0.002533447510807427,0.11360634444281459,0.028118373607867397
