group,run_id,path,preferred,scope
Dce7f9475,Re4a3a6cc1,output/a_refresh_c1_c2_c3_analysis/output/cifar100_LT/a_refresh_pilot/seed42/c1,output/a_refresh_topology_bridge_analysis/a_refresh_topology_bridge/seed42/client-longtail/c1,Overall/Tail/Non-tail轨迹及记录seed/partition相同；推荐完整集中包，仅作索引选择，不删除。
Dc6cd2be8,Rc521cdbcf,output/a_refresh_c1_c2_c3_analysis/output/cifar100_LT/a_refresh_pilot/seed42/c2,output/a_refresh_topology_bridge_analysis/a_refresh_topology_bridge/seed42/client-longtail/c2,Overall/Tail/Non-tail轨迹及记录seed/partition相同；推荐完整集中包，仅作索引选择，不删除。
Dce7f9475,Ree8e7f8ce,output/a_refresh_topology_bridge_analysis/a_refresh_topology_bridge/seed42/client-longtail/c1,output/a_refresh_topology_bridge_analysis/a_refresh_topology_bridge/seed42/client-longtail/c1,Overall/Tail/Non-tail轨迹及记录seed/partition相同；推荐完整集中包，仅作索引选择，不删除。
Dc6cd2be8,Ra573bd05e,output/a_refresh_topology_bridge_analysis/a_refresh_topology_bridge/seed42/client-longtail/c2,output/a_refresh_topology_bridge_analysis/a_refresh_topology_bridge/seed42/client-longtail/c2,Overall/Tail/Non-tail轨迹及记录seed/partition相同；推荐完整集中包，仅作索引选择，不删除。
Dd00f8e42,R6610f5fba,output/cifar100_LT/PromptFL_fedavg_vit_b16_batchSize32/PanelC_users30_localE3/partition=client-longtail_lambda=0.75_alpha=0.1_rho=3.0_IF=0.01_localE=3_seed=2026,output/PromptFL_fedavg_vit_b16_batchSize32/PanelC_users30_localE3/partition=client-longtail_lambda=0.75_alpha=0.1_rho=3.0_IF=0.01_localE=3_seed=2026,Overall/Tail/Non-tail轨迹及记录seed/partition相同；推荐完整集中包，仅作索引选择，不删除。
D844dc6a4,R193f97cb2,output/cifar100_LT/PromptFL_fedavg_vit_b16_batchSize32/PanelC_users30_localE3/partition=client-longtail_lambda=0.75_alpha=0.1_rho=3.0_IF=0.01_localE=3_seed=42,output/PromptFL_fedavg_vit_b16_batchSize32/PanelC_users30_localE3/partition=client-longtail_lambda=0.75_alpha=0.1_rho=3.0_IF=0.01_localE=3_seed=42,Overall/Tail/Non-tail轨迹及记录seed/partition相同；推荐完整集中包，仅作索引选择，不删除。
Dd90d2dde,R8af39ce66,output/cifar100_LT/PromptFL_fedavg_vit_b16_batchSize32/PanelC_users30_localE3/partition=client-longtail_lambda=0.75_alpha=0.25_rho=3.0_IF=0.01_localE=3_seed=1,output/PromptFL_fedavg_vit_b16_batchSize32/PanelC_users30_localE3/partition=client-longtail_lambda=0.75_alpha=0.25_rho=3.0_IF=0.01_localE=3_seed=1,Overall/Tail/Non-tail轨迹及记录seed/partition相同；推荐完整集中包，仅作索引选择，不删除。
Dcda2911b,Rfff91e5b9,output/cifar100_LT/PromptFL_fedavg_vit_b16_batchSize32/PanelC_users30_localE3/partition=client-longtail_lambda=0.75_alpha=0.25_rho=3.0_IF=0.01_localE=3_seed=2026,output/PromptFL_fedavg_vit_b16_batchSize32/PanelC_users30_localE3/partition=client-longtail_lambda=0.75_alpha=0.25_rho=3.0_IF=0.01_localE=3_seed=2026,Overall/Tail/Non-tail轨迹及记录seed/partition相同；推荐完整集中包，仅作索引选择，不删除。
D18a298e2,Rb57091eec,output/cifar100_LT/PromptFL_fedavg_vit_b16_batchSize32/PanelC_users30_localE3/partition=client-longtail_lambda=0.75_alpha=0.25_rho=3.0_IF=0.01_localE=3_seed=42,output/PromptFL_fedavg_vit_b16_batchSize32/PanelC_users30_localE3/partition=client-longtail_lambda=0.75_alpha=0.25_rho=3.0_IF=0.01_localE=3_seed=42,Overall/Tail/Non-tail轨迹及记录seed/partition相同；推荐完整集中包，仅作索引选择，不删除。
D71613aac,Rd4029ca45,output/cifar100_LT/PromptFL_fedavg_vit_b16_batchSize32/PanelC_users30_localE3/partition=client-longtail_lambda=0.75_alpha=0.5_rho=3.0_IF=0.01_localE=3_seed=1,output/PromptFL_fedavg_vit_b16_batchSize32/PanelC_users30_localE3/partition=client-longtail_lambda=0.75_alpha=0.5_rho=3.0_IF=0.01_localE=3_seed=1,Overall/Tail/Non-tail轨迹及记录seed/partition相同；推荐完整集中包，仅作索引选择，不删除。
D2816c9cd,Rfafbf466e,output/cifar100_LT/PromptFL_fedavg_vit_b16_batchSize32/PanelC_users30_localE3/partition=client-longtail_lambda=0.75_alpha=0.5_rho=3.0_IF=0.01_localE=3_seed=2026,output/PromptFL_fedavg_vit_b16_batchSize32/PanelC_users30_localE3/partition=client-longtail_lambda=0.75_alpha=0.5_rho=3.0_IF=0.01_localE=3_seed=2026,Overall/Tail/Non-tail轨迹及记录seed/partition相同；推荐完整集中包，仅作索引选择，不删除。
D7b6908e2,R39a2b1872,output/cifar100_LT/PromptFL_fedavg_vit_b16_batchSize32/PanelC_users30_localE3/partition=client-longtail_lambda=0.75_alpha=0.5_rho=3.0_IF=0.01_localE=3_seed=42,output/PromptFL_fedavg_vit_b16_batchSize32/PanelC_users30_localE3/partition=client-longtail_lambda=0.75_alpha=0.5_rho=3.0_IF=0.01_localE=3_seed=42,Overall/Tail/Non-tail轨迹及记录seed/partition相同；推荐完整集中包，仅作索引选择，不删除。
Df0bdf120,R9b641345f,output/cifar100_LT/PromptFL_fedavg_vit_b16_batchSize32/PanelC_users30_localE3/partition=client-longtail_lambda=0.75_alpha=0.75_rho=3.0_IF=0.01_localE=3_seed=1,output/PromptFL_fedavg_vit_b16_batchSize32/PanelC_users30_localE3/partition=client-longtail_lambda=0.75_alpha=0.75_rho=3.0_IF=0.01_localE=3_seed=1,Overall/Tail/Non-tail轨迹及记录seed/partition相同；推荐完整集中包，仅作索引选择，不删除。
Dc47cdebe,Rbcce62c18,output/cifar100_LT/PromptFL_fedavg_vit_b16_batchSize32/PanelC_users30_localE3/partition=client-longtail_lambda=0.75_alpha=0.75_rho=3.0_IF=0.01_localE=3_seed=2026,output/PromptFL_fedavg_vit_b16_batchSize32/PanelC_users30_localE3/partition=client-longtail_lambda=0.75_alpha=0.75_rho=3.0_IF=0.01_localE=3_seed=2026,Overall/Tail/Non-tail轨迹及记录seed/partition相同；推荐完整集中包，仅作索引选择，不删除。
D846f4ff6,R2b2f21851,output/cifar100_LT/PromptFL_fedavg_vit_b16_batchSize32/PanelC_users30_localE3/partition=client-longtail_lambda=0.75_alpha=0.75_rho=3.0_IF=0.01_localE=3_seed=42,output/PromptFL_fedavg_vit_b16_batchSize32/PanelC_users30_localE3/partition=client-longtail_lambda=0.75_alpha=0.75_rho=3.0_IF=0.01_localE=3_seed=42,Overall/Tail/Non-tail轨迹及记录seed/partition相同；推荐完整集中包，仅作索引选择，不删除。
D228d8e8c,R3f29d55e9,output/cifar100_LT/PromptFL_fedavg_vit_b16_batchSize32/PanelC_users30_localE3/partition=client-longtail_lambda=0.75_alpha=1.0_rho=3.0_IF=0.01_localE=3_seed=1,output/PromptFL_fedavg_vit_b16_batchSize32/PanelC_users30_localE3/partition=client-longtail_lambda=0.75_alpha=1.0_rho=3.0_IF=0.01_localE=3_seed=1,Overall/Tail/Non-tail轨迹及记录seed/partition相同；推荐完整集中包，仅作索引选择，不删除。
D0896118c,R153af8dec,output/cifar100_LT/PromptFL_fedavg_vit_b16_batchSize32/PanelC_users30_localE3/partition=client-longtail_lambda=0.75_alpha=1.0_rho=3.0_IF=0.01_localE=3_seed=2026,output/PromptFL_fedavg_vit_b16_batchSize32/PanelC_users30_localE3/partition=client-longtail_lambda=0.75_alpha=1.0_rho=3.0_IF=0.01_localE=3_seed=2026,Overall/Tail/Non-tail轨迹及记录seed/partition相同；推荐完整集中包，仅作索引选择，不删除。
D571eda4b,Ra75482398,output/cifar100_LT/PromptFL_fedavg_vit_b16_batchSize32/PanelC_users30_localE3/partition=client-longtail_lambda=0.75_alpha=1.0_rho=3.0_IF=0.01_localE=3_seed=42,output/PromptFL_fedavg_vit_b16_batchSize32/PanelC_users30_localE3/partition=client-longtail_lambda=0.75_alpha=1.0_rho=3.0_IF=0.01_localE=3_seed=42,Overall/Tail/Non-tail轨迹及记录seed/partition相同；推荐完整集中包，仅作索引选择，不删除。
Df2e9b372,Rc6ad1a5a3,output/cifar100_LT/PromptFL_fedavg_vit_b16_batchSize32/PanelC_users30_localE3/partition=noniid-labeldir-fine_alpha=0.1_IF=0.01_localE=3_seed=1,output/PromptFL_fedavg_vit_b16_batchSize32/PanelC_users30_localE3/partition=noniid-labeldir-fine_alpha=0.1_IF=0.01_localE=3_seed=1,Overall/Tail/Non-tail轨迹及记录seed/partition相同；推荐完整集中包，仅作索引选择，不删除。
Dc60dc8d5,R5682b5c0b,output/cifar100_LT/PromptFL_fedavg_vit_b16_batchSize32/PanelC_users30_localE3/partition=noniid-labeldir-fine_alpha=0.1_IF=0.01_localE=3_seed=2026,output/PromptFL_fedavg_vit_b16_batchSize32/PanelC_users30_localE3/partition=noniid-labeldir-fine_alpha=0.1_IF=0.01_localE=3_seed=2026,Overall/Tail/Non-tail轨迹及记录seed/partition相同；推荐完整集中包，仅作索引选择，不删除。
D930b75fd,R8f76f5155,output/cifar100_LT/PromptFL_fedavg_vit_b16_batchSize32/PanelC_users30_localE3/partition=noniid-labeldir-fine_alpha=0.1_IF=0.01_localE=3_seed=42,output/PromptFL_fedavg_vit_b16_batchSize32/PanelC_users30_localE3/partition=noniid-labeldir-fine_alpha=0.1_IF=0.01_localE=3_seed=42,Overall/Tail/Non-tail轨迹及记录seed/partition相同；推荐完整集中包，仅作索引选择，不删除。
Dc4626fb8,Ra1794f8bf,output/cifar100_LT/PromptFL_fedavg_vit_b16_batchSize32/PanelC_users30_localE3/partition=noniid-labeldir-fine_alpha=0.25_IF=0.01_localE=3_seed=1,output/PromptFL_fedavg_vit_b16_batchSize32/PanelC_users30_localE3/partition=noniid-labeldir-fine_alpha=0.25_IF=0.01_localE=3_seed=1,Overall/Tail/Non-tail轨迹及记录seed/partition相同；推荐完整集中包，仅作索引选择，不删除。
Dbfc53ae2,R761f4a54b,output/cifar100_LT/PromptFL_fedavg_vit_b16_batchSize32/PanelC_users30_localE3/partition=noniid-labeldir-fine_alpha=0.25_IF=0.01_localE=3_seed=2026,output/PromptFL_fedavg_vit_b16_batchSize32/PanelC_users30_localE3/partition=noniid-labeldir-fine_alpha=0.25_IF=0.01_localE=3_seed=2026,Overall/Tail/Non-tail轨迹及记录seed/partition相同；推荐完整集中包，仅作索引选择，不删除。
D81eae109,R4c98d30f5,output/cifar100_LT/PromptFL_fedavg_vit_b16_batchSize32/PanelC_users30_localE3/partition=noniid-labeldir-fine_alpha=0.25_IF=0.01_localE=3_seed=42,output/PromptFL_fedavg_vit_b16_batchSize32/PanelC_users30_localE3/partition=noniid-labeldir-fine_alpha=0.25_IF=0.01_localE=3_seed=42,Overall/Tail/Non-tail轨迹及记录seed/partition相同；推荐完整集中包，仅作索引选择，不删除。
Dd3dc83f9,R1d17d759f,output/cifar100_LT/PromptFL_fedavg_vit_b16_batchSize32/PanelC_users30_localE3/partition=noniid-labeldir-fine_alpha=0.5_IF=0.01_localE=3_seed=1,output/PromptFL_fedavg_vit_b16_batchSize32/PanelC_users30_localE3/partition=noniid-labeldir-fine_alpha=0.5_IF=0.01_localE=3_seed=1,Overall/Tail/Non-tail轨迹及记录seed/partition相同；推荐完整集中包，仅作索引选择，不删除。
D803df476,R964fe46fd,output/cifar100_LT/PromptFL_fedavg_vit_b16_batchSize32/PanelC_users30_localE3/partition=noniid-labeldir-fine_alpha=0.5_IF=0.01_localE=3_seed=2026,output/PromptFL_fedavg_vit_b16_batchSize32/PanelC_users30_localE3/partition=noniid-labeldir-fine_alpha=0.5_IF=0.01_localE=3_seed=2026,Overall/Tail/Non-tail轨迹及记录seed/partition相同；推荐完整集中包，仅作索引选择，不删除。
D308fde45,R3c95dc7be,output/cifar100_LT/PromptFL_fedavg_vit_b16_batchSize32/PanelC_users30_localE3/partition=noniid-labeldir-fine_alpha=0.5_IF=0.01_localE=3_seed=42,output/PromptFL_fedavg_vit_b16_batchSize32/PanelC_users30_localE3/partition=noniid-labeldir-fine_alpha=0.5_IF=0.01_localE=3_seed=42,Overall/Tail/Non-tail轨迹及记录seed/partition相同；推荐完整集中包，仅作索引选择，不删除。
D1fd1f078,R4624ab8ca,output/cifar100_LT/PromptFL_fedavg_vit_b16_batchSize32/PanelC_users30_localE3/partition=noniid-labeldir-fine_alpha=0.75_IF=0.01_localE=3_seed=2026,output/PromptFL_fedavg_vit_b16_batchSize32/PanelC_users30_localE3/partition=noniid-labeldir-fine_alpha=0.75_IF=0.01_localE=3_seed=2026,Overall/Tail/Non-tail轨迹及记录seed/partition相同；推荐完整集中包，仅作索引选择，不删除。
Dd21b9962,R31b0fb352,output/cifar100_LT/PromptFL_fedavg_vit_b16_batchSize32/PanelC_users30_localE3/partition=noniid-labeldir-fine_alpha=0.75_IF=0.01_localE=3_seed=42,output/PromptFL_fedavg_vit_b16_batchSize32/PanelC_users30_localE3/partition=noniid-labeldir-fine_alpha=0.75_IF=0.01_localE=3_seed=42,Overall/Tail/Non-tail轨迹及记录seed/partition相同；推荐完整集中包，仅作索引选择，不删除。
D2b39c237,R9eaec446c,output/cifar100_LT/PromptFL_fedavg_vit_b16_batchSize32/PanelC_users30_localE3/partition=noniid-labeldir-fine_alpha=1.0_IF=0.01_localE=3_seed=2026,output/PromptFL_fedavg_vit_b16_batchSize32/PanelC_users30_localE3/partition=noniid-labeldir-fine_alpha=1.0_IF=0.01_localE=3_seed=2026,Overall/Tail/Non-tail轨迹及记录seed/partition相同；推荐完整集中包，仅作索引选择，不删除。
D06b7b46e,R6f44f7233,output/cifar100_LT/PromptFL_fedavg_vit_b16_batchSize32/PanelC_users30_localE3/partition=noniid-labeldir-fine_alpha=1.0_IF=0.01_localE=3_seed=42,output/PromptFL_fedavg_vit_b16_batchSize32/PanelC_users30_localE3/partition=noniid-labeldir-fine_alpha=1.0_IF=0.01_localE=3_seed=42,Overall/Tail/Non-tail轨迹及记录seed/partition相同；推荐完整集中包，仅作索引选择，不删除。
Dc27e6b47,R590418701,output/la_control_ablation_analysis/la_control/seed42/client-longtail/e0/tau0_a1_protocol42,output/la_control_js_topology_analysis/la_control/seed42/client-longtail/e0/tau0_a1_protocol42,Overall/Tail/Non-tail轨迹及记录seed/partition相同；推荐完整集中包，仅作索引选择，不删除。
Deb09b8cc,R5eb636e6a,output/la_control_ablation_analysis/la_control/seed42/client-longtail/e1/tau0_a1_protocol42,output/la_control_js_topology_analysis/la_control/seed42/client-longtail/e1/tau0_a1_protocol42,Overall/Tail/Non-tail轨迹及记录seed/partition相同；推荐完整集中包，仅作索引选择，不删除。
Dac6d98ec,R197b549df,output/la_control_ablation_analysis/la_control/seed42/client-longtail/e2/tau1_a1_protocol42,output/la_control_js_topology_analysis/la_control/seed42/client-longtail/e2/tau1_a1_protocol42,Overall/Tail/Non-tail轨迹及记录seed/partition相同；推荐完整集中包，仅作索引选择，不删除。
De8cfcc9d,R866d9fb64,output/la_control_ablation_analysis/la_control/seed42/client-longtail/e3/tau1_a1_protocol42,output/la_control_js_topology_analysis/la_control/seed42/client-longtail/e3/tau1_a1_protocol42,Overall/Tail/Non-tail轨迹及记录seed/partition相同；推荐完整集中包，仅作索引选择，不删除。
D8a8f5b2f,Ra008e5e8b,output/la_control_ablation_analysis/la_control/seed42/client-longtail/e5/tau1_a1_h2_t0.002_hist0.002_gain0.0001_p2_protocol42,output/la_control_js_topology_analysis/la_control/seed42/client-longtail/e5/tau1_a1_h2_t0.002_hist0.002_gain0.0001_p2_protocol42,Overall/Tail/Non-tail轨迹及记录seed/partition相同；推荐完整集中包，仅作索引选择，不删除。
Dff59f4da,R9cd8d43f5,output/la_control_ablation_analysis/la_control/seed42/client-longtail/j/tau1_a1_protocol42,output/la_control_js_topology_analysis/la_control/seed42/client-longtail/j/tau1_a1_protocol42,Overall/Tail/Non-tail轨迹及记录seed/partition相同；推荐完整集中包，仅作索引选择，不删除。
D84033cec,R111fcc616,output/la_control_ablation_analysis/la_control/seed42/client-longtail/s/tau1_a1_protocol42,output/la_control_js_topology_analysis/la_control/seed42/client-longtail/s/tau1_a1_protocol42,Overall/Tail/Non-tail轨迹及记录seed/partition相同；推荐完整集中包，仅作索引选择，不删除。
D69c9858c,Rf4b5cd58f,output/la_control_ablation_analysis/la_control/seed42/matched-dirichlet/e2/tau1_a1_protocol42,output/la_control_js_topology_analysis/la_control/seed42/matched-dirichlet/e2/tau1_a1_protocol42,Overall/Tail/Non-tail轨迹及记录seed/partition相同；推荐完整集中包，仅作索引选择，不删除。
D6429e9db,R35e3dcd53,output/la_control_ablation_analysis/la_control/seed42/matched-dirichlet/e3/tau1_a1_protocol42,output/la_control_js_topology_analysis/la_control/seed42/matched-dirichlet/e3/tau1_a1_protocol42,Overall/Tail/Non-tail轨迹及记录seed/partition相同；推荐完整集中包，仅作索引选择，不删除。
D895e6c96,R3c1e823fb,output/la_control_ablation_analysis/la_control/seed42/matched-dirichlet/e5/tau1_a1_h2_t0.002_hist0.002_gain0.0001_p2_protocol42,output/la_control_js_topology_analysis/la_control/seed42/matched-dirichlet/e5/tau1_a1_h2_t0.002_hist0.002_gain0.0001_p2_protocol42,Overall/Tail/Non-tail轨迹及记录seed/partition相同；推荐完整集中包，仅作索引选择，不删除。
Dac6d98ec,Rec5ad2b59,output/la_control_analysis/la_control/seed42/client-longtail/e2/tau1_a1_protocol42,output/la_control_js_topology_analysis/la_control/seed42/client-longtail/e2/tau1_a1_protocol42,Overall/Tail/Non-tail轨迹及记录seed/partition相同；推荐完整集中包，仅作索引选择，不删除。
De8cfcc9d,R6b05b33ef,output/la_control_analysis/la_control/seed42/client-longtail/e3/tau1_a1_protocol42,output/la_control_js_topology_analysis/la_control/seed42/client-longtail/e3/tau1_a1_protocol42,Overall/Tail/Non-tail轨迹及记录seed/partition相同；推荐完整集中包，仅作索引选择，不删除。
D8a8f5b2f,R2df98c438,output/la_control_analysis/la_control/seed42/client-longtail/e5/tau1_a1_h2_t0.002_hist0.002_gain0.0001_p2_protocol42,output/la_control_js_topology_analysis/la_control/seed42/client-longtail/e5/tau1_a1_h2_t0.002_hist0.002_gain0.0001_p2_protocol42,Overall/Tail/Non-tail轨迹及记录seed/partition相同；推荐完整集中包，仅作索引选择，不删除。
D69c9858c,R4486c06c3,output/la_control_analysis/la_control/seed42/matched-dirichlet/e2/tau1_a1_protocol42,output/la_control_js_topology_analysis/la_control/seed42/matched-dirichlet/e2/tau1_a1_protocol42,Overall/Tail/Non-tail轨迹及记录seed/partition相同；推荐完整集中包，仅作索引选择，不删除。
Dc27e6b47,Rbf2f20b61,output/la_control_js_topology_analysis/la_control/seed42/client-longtail/e0/tau0_a1_protocol42,output/la_control_js_topology_analysis/la_control/seed42/client-longtail/e0/tau0_a1_protocol42,Overall/Tail/Non-tail轨迹及记录seed/partition相同；推荐完整集中包，仅作索引选择，不删除。
Deb09b8cc,R58124e2e8,output/la_control_js_topology_analysis/la_control/seed42/client-longtail/e1/tau0_a1_protocol42,output/la_control_js_topology_analysis/la_control/seed42/client-longtail/e1/tau0_a1_protocol42,Overall/Tail/Non-tail轨迹及记录seed/partition相同；推荐完整集中包，仅作索引选择，不删除。
Dac6d98ec,Ra9d49b1ac,output/la_control_js_topology_analysis/la_control/seed42/client-longtail/e2/tau1_a1_protocol42,output/la_control_js_topology_analysis/la_control/seed42/client-longtail/e2/tau1_a1_protocol42,Overall/Tail/Non-tail轨迹及记录seed/partition相同；推荐完整集中包，仅作索引选择，不删除。
De8cfcc9d,R16bae8362,output/la_control_js_topology_analysis/la_control/seed42/client-longtail/e3/tau1_a1_protocol42,output/la_control_js_topology_analysis/la_control/seed42/client-longtail/e3/tau1_a1_protocol42,Overall/Tail/Non-tail轨迹及记录seed/partition相同；推荐完整集中包，仅作索引选择，不删除。
D8a8f5b2f,R8cef9ce3a,output/la_control_js_topology_analysis/la_control/seed42/client-longtail/e5/tau1_a1_h2_t0.002_hist0.002_gain0.0001_p2_protocol42,output/la_control_js_topology_analysis/la_control/seed42/client-longtail/e5/tau1_a1_h2_t0.002_hist0.002_gain0.0001_p2_protocol42,Overall/Tail/Non-tail轨迹及记录seed/partition相同；推荐完整集中包，仅作索引选择，不删除。
Dff59f4da,Rf8efb6108,output/la_control_js_topology_analysis/la_control/seed42/client-longtail/j/tau1_a1_protocol42,output/la_control_js_topology_analysis/la_control/seed42/client-longtail/j/tau1_a1_protocol42,Overall/Tail/Non-tail轨迹及记录seed/partition相同；推荐完整集中包，仅作索引选择，不删除。
D84033cec,R3b1af80e9,output/la_control_js_topology_analysis/la_control/seed42/client-longtail/s/tau1_a1_protocol42,output/la_control_js_topology_analysis/la_control/seed42/client-longtail/s/tau1_a1_protocol42,Overall/Tail/Non-tail轨迹及记录seed/partition相同；推荐完整集中包，仅作索引选择，不删除。
D69c9858c,R06c0384a2,output/la_control_js_topology_analysis/la_control/seed42/matched-dirichlet/e2/tau1_a1_protocol42,output/la_control_js_topology_analysis/la_control/seed42/matched-dirichlet/e2/tau1_a1_protocol42,Overall/Tail/Non-tail轨迹及记录seed/partition相同；推荐完整集中包，仅作索引选择，不删除。
D6429e9db,R011ba6aba,output/la_control_js_topology_analysis/la_control/seed42/matched-dirichlet/e3/tau1_a1_protocol42,output/la_control_js_topology_analysis/la_control/seed42/matched-dirichlet/e3/tau1_a1_protocol42,Overall/Tail/Non-tail轨迹及记录seed/partition相同；推荐完整集中包，仅作索引选择，不删除。
D895e6c96,Rd49fb5b51,output/la_control_js_topology_analysis/la_control/seed42/matched-dirichlet/e5/tau1_a1_h2_t0.002_hist0.002_gain0.0001_p2_protocol42,output/la_control_js_topology_analysis/la_control/seed42/matched-dirichlet/e5/tau1_a1_h2_t0.002_hist0.002_gain0.0001_p2_protocol42,Overall/Tail/Non-tail轨迹及记录seed/partition相同；推荐完整集中包，仅作索引选择，不删除。
Dac6d98ec,Rde26209a6,output/la_control_six_runs_analysis/la_control/seed42/client-longtail/e2/tau1_a1_protocol42,output/la_control_js_topology_analysis/la_control/seed42/client-longtail/e2/tau1_a1_protocol42,Overall/Tail/Non-tail轨迹及记录seed/partition相同；推荐完整集中包，仅作索引选择，不删除。
De8cfcc9d,R4c8a0d5e5,output/la_control_six_runs_analysis/la_control/seed42/client-longtail/e3/tau1_a1_protocol42,output/la_control_js_topology_analysis/la_control/seed42/client-longtail/e3/tau1_a1_protocol42,Overall/Tail/Non-tail轨迹及记录seed/partition相同；推荐完整集中包，仅作索引选择，不删除。
D8a8f5b2f,R792d6f4ef,output/la_control_six_runs_analysis/la_control/seed42/client-longtail/e5/tau1_a1_h2_t0.002_hist0.002_gain0.0001_p2_protocol42,output/la_control_js_topology_analysis/la_control/seed42/client-longtail/e5/tau1_a1_h2_t0.002_hist0.002_gain0.0001_p2_protocol42,Overall/Tail/Non-tail轨迹及记录seed/partition相同；推荐完整集中包，仅作索引选择，不删除。
D69c9858c,Re9688b109,output/la_control_six_runs_analysis/la_control/seed42/matched-dirichlet/e2/tau1_a1_protocol42,output/la_control_js_topology_analysis/la_control/seed42/matched-dirichlet/e2/tau1_a1_protocol42,Overall/Tail/Non-tail轨迹及记录seed/partition相同；推荐完整集中包，仅作索引选择，不删除。
D6429e9db,R7474bf4ca,output/la_control_six_runs_analysis/la_control/seed42/matched-dirichlet/e3/tau1_a1_protocol42,output/la_control_js_topology_analysis/la_control/seed42/matched-dirichlet/e3/tau1_a1_protocol42,Overall/Tail/Non-tail轨迹及记录seed/partition相同；推荐完整集中包，仅作索引选择，不删除。
D895e6c96,R3d6d7459a,output/la_control_six_runs_analysis/la_control/seed42/matched-dirichlet/e5/tau1_a1_h2_t0.002_hist0.002_gain0.0001_p2_protocol42,output/la_control_js_topology_analysis/la_control/seed42/matched-dirichlet/e5/tau1_a1_h2_t0.002_hist0.002_gain0.0001_p2_protocol42,Overall/Tail/Non-tail轨迹及记录seed/partition相同；推荐完整集中包，仅作索引选择，不删除。
Dd00f8e42,R7a40be715,output/PromptFL_fedavg_vit_b16_batchSize32/PanelC_users30_localE3/partition=client-longtail_lambda=0.75_alpha=0.1_rho=3.0_IF=0.01_localE=3_seed=2026,output/PromptFL_fedavg_vit_b16_batchSize32/PanelC_users30_localE3/partition=client-longtail_lambda=0.75_alpha=0.1_rho=3.0_IF=0.01_localE=3_seed=2026,Overall/Tail/Non-tail轨迹及记录seed/partition相同；推荐完整集中包，仅作索引选择，不删除。
D844dc6a4,Rb1806b15e,output/PromptFL_fedavg_vit_b16_batchSize32/PanelC_users30_localE3/partition=client-longtail_lambda=0.75_alpha=0.1_rho=3.0_IF=0.01_localE=3_seed=42,output/PromptFL_fedavg_vit_b16_batchSize32/PanelC_users30_localE3/partition=client-longtail_lambda=0.75_alpha=0.1_rho=3.0_IF=0.01_localE=3_seed=42,Overall/Tail/Non-tail轨迹及记录seed/partition相同；推荐完整集中包，仅作索引选择，不删除。
Dd90d2dde,R4ec2cb542,output/PromptFL_fedavg_vit_b16_batchSize32/PanelC_users30_localE3/partition=client-longtail_lambda=0.75_alpha=0.25_rho=3.0_IF=0.01_localE=3_seed=1,output/PromptFL_fedavg_vit_b16_batchSize32/PanelC_users30_localE3/partition=client-longtail_lambda=0.75_alpha=0.25_rho=3.0_IF=0.01_localE=3_seed=1,Overall/Tail/Non-tail轨迹及记录seed/partition相同；推荐完整集中包，仅作索引选择，不删除。
Dcda2911b,R09c1d6505,output/PromptFL_fedavg_vit_b16_batchSize32/PanelC_users30_localE3/partition=client-longtail_lambda=0.75_alpha=0.25_rho=3.0_IF=0.01_localE=3_seed=2026,output/PromptFL_fedavg_vit_b16_batchSize32/PanelC_users30_localE3/partition=client-longtail_lambda=0.75_alpha=0.25_rho=3.0_IF=0.01_localE=3_seed=2026,Overall/Tail/Non-tail轨迹及记录seed/partition相同；推荐完整集中包，仅作索引选择，不删除。
D18a298e2,R74b7722e1,output/PromptFL_fedavg_vit_b16_batchSize32/PanelC_users30_localE3/partition=client-longtail_lambda=0.75_alpha=0.25_rho=3.0_IF=0.01_localE=3_seed=42,output/PromptFL_fedavg_vit_b16_batchSize32/PanelC_users30_localE3/partition=client-longtail_lambda=0.75_alpha=0.25_rho=3.0_IF=0.01_localE=3_seed=42,Overall/Tail/Non-tail轨迹及记录seed/partition相同；推荐完整集中包，仅作索引选择，不删除。
D71613aac,R84f37a4c1,output/PromptFL_fedavg_vit_b16_batchSize32/PanelC_users30_localE3/partition=client-longtail_lambda=0.75_alpha=0.5_rho=3.0_IF=0.01_localE=3_seed=1,output/PromptFL_fedavg_vit_b16_batchSize32/PanelC_users30_localE3/partition=client-longtail_lambda=0.75_alpha=0.5_rho=3.0_IF=0.01_localE=3_seed=1,Overall/Tail/Non-tail轨迹及记录seed/partition相同；推荐完整集中包，仅作索引选择，不删除。
D2816c9cd,R89b2e411e,output/PromptFL_fedavg_vit_b16_batchSize32/PanelC_users30_localE3/partition=client-longtail_lambda=0.75_alpha=0.5_rho=3.0_IF=0.01_localE=3_seed=2026,output/PromptFL_fedavg_vit_b16_batchSize32/PanelC_users30_localE3/partition=client-longtail_lambda=0.75_alpha=0.5_rho=3.0_IF=0.01_localE=3_seed=2026,Overall/Tail/Non-tail轨迹及记录seed/partition相同；推荐完整集中包，仅作索引选择，不删除。
D7b6908e2,R31029c3b9,output/PromptFL_fedavg_vit_b16_batchSize32/PanelC_users30_localE3/partition=client-longtail_lambda=0.75_alpha=0.5_rho=3.0_IF=0.01_localE=3_seed=42,output/PromptFL_fedavg_vit_b16_batchSize32/PanelC_users30_localE3/partition=client-longtail_lambda=0.75_alpha=0.5_rho=3.0_IF=0.01_localE=3_seed=42,Overall/Tail/Non-tail轨迹及记录seed/partition相同；推荐完整集中包，仅作索引选择，不删除。
Df0bdf120,R0652303d6,output/PromptFL_fedavg_vit_b16_batchSize32/PanelC_users30_localE3/partition=client-longtail_lambda=0.75_alpha=0.75_rho=3.0_IF=0.01_localE=3_seed=1,output/PromptFL_fedavg_vit_b16_batchSize32/PanelC_users30_localE3/partition=client-longtail_lambda=0.75_alpha=0.75_rho=3.0_IF=0.01_localE=3_seed=1,Overall/Tail/Non-tail轨迹及记录seed/partition相同；推荐完整集中包，仅作索引选择，不删除。
Dc47cdebe,Rb5e154957,output/PromptFL_fedavg_vit_b16_batchSize32/PanelC_users30_localE3/partition=client-longtail_lambda=0.75_alpha=0.75_rho=3.0_IF=0.01_localE=3_seed=2026,output/PromptFL_fedavg_vit_b16_batchSize32/PanelC_users30_localE3/partition=client-longtail_lambda=0.75_alpha=0.75_rho=3.0_IF=0.01_localE=3_seed=2026,Overall/Tail/Non-tail轨迹及记录seed/partition相同；推荐完整集中包，仅作索引选择，不删除。
D846f4ff6,R893bc1916,output/PromptFL_fedavg_vit_b16_batchSize32/PanelC_users30_localE3/partition=client-longtail_lambda=0.75_alpha=0.75_rho=3.0_IF=0.01_localE=3_seed=42,output/PromptFL_fedavg_vit_b16_batchSize32/PanelC_users30_localE3/partition=client-longtail_lambda=0.75_alpha=0.75_rho=3.0_IF=0.01_localE=3_seed=42,Overall/Tail/Non-tail轨迹及记录seed/partition相同；推荐完整集中包，仅作索引选择，不删除。
D228d8e8c,Rb0dd79cc9,output/PromptFL_fedavg_vit_b16_batchSize32/PanelC_users30_localE3/partition=client-longtail_lambda=0.75_alpha=1.0_rho=3.0_IF=0.01_localE=3_seed=1,output/PromptFL_fedavg_vit_b16_batchSize32/PanelC_users30_localE3/partition=client-longtail_lambda=0.75_alpha=1.0_rho=3.0_IF=0.01_localE=3_seed=1,Overall/Tail/Non-tail轨迹及记录seed/partition相同；推荐完整集中包，仅作索引选择，不删除。
D0896118c,R0960aecf0,output/PromptFL_fedavg_vit_b16_batchSize32/PanelC_users30_localE3/partition=client-longtail_lambda=0.75_alpha=1.0_rho=3.0_IF=0.01_localE=3_seed=2026,output/PromptFL_fedavg_vit_b16_batchSize32/PanelC_users30_localE3/partition=client-longtail_lambda=0.75_alpha=1.0_rho=3.0_IF=0.01_localE=3_seed=2026,Overall/Tail/Non-tail轨迹及记录seed/partition相同；推荐完整集中包，仅作索引选择，不删除。
D571eda4b,Rf3da08eef,output/PromptFL_fedavg_vit_b16_batchSize32/PanelC_users30_localE3/partition=client-longtail_lambda=0.75_alpha=1.0_rho=3.0_IF=0.01_localE=3_seed=42,output/PromptFL_fedavg_vit_b16_batchSize32/PanelC_users30_localE3/partition=client-longtail_lambda=0.75_alpha=1.0_rho=3.0_IF=0.01_localE=3_seed=42,Overall/Tail/Non-tail轨迹及记录seed/partition相同；推荐完整集中包，仅作索引选择，不删除。
Df2e9b372,Rd9cbd2dea,output/PromptFL_fedavg_vit_b16_batchSize32/PanelC_users30_localE3/partition=noniid-labeldir-fine_alpha=0.1_IF=0.01_localE=3_seed=1,output/PromptFL_fedavg_vit_b16_batchSize32/PanelC_users30_localE3/partition=noniid-labeldir-fine_alpha=0.1_IF=0.01_localE=3_seed=1,Overall/Tail/Non-tail轨迹及记录seed/partition相同；推荐完整集中包，仅作索引选择，不删除。
Dc60dc8d5,Rf6302c74b,output/PromptFL_fedavg_vit_b16_batchSize32/PanelC_users30_localE3/partition=noniid-labeldir-fine_alpha=0.1_IF=0.01_localE=3_seed=2026,output/PromptFL_fedavg_vit_b16_batchSize32/PanelC_users30_localE3/partition=noniid-labeldir-fine_alpha=0.1_IF=0.01_localE=3_seed=2026,Overall/Tail/Non-tail轨迹及记录seed/partition相同；推荐完整集中包，仅作索引选择，不删除。
D930b75fd,R136cf27f0,output/PromptFL_fedavg_vit_b16_batchSize32/PanelC_users30_localE3/partition=noniid-labeldir-fine_alpha=0.1_IF=0.01_localE=3_seed=42,output/PromptFL_fedavg_vit_b16_batchSize32/PanelC_users30_localE3/partition=noniid-labeldir-fine_alpha=0.1_IF=0.01_localE=3_seed=42,Overall/Tail/Non-tail轨迹及记录seed/partition相同；推荐完整集中包，仅作索引选择，不删除。
Dc4626fb8,R34ce67245,output/PromptFL_fedavg_vit_b16_batchSize32/PanelC_users30_localE3/partition=noniid-labeldir-fine_alpha=0.25_IF=0.01_localE=3_seed=1,output/PromptFL_fedavg_vit_b16_batchSize32/PanelC_users30_localE3/partition=noniid-labeldir-fine_alpha=0.25_IF=0.01_localE=3_seed=1,Overall/Tail/Non-tail轨迹及记录seed/partition相同；推荐完整集中包，仅作索引选择，不删除。
Dbfc53ae2,Re9a9007fc,output/PromptFL_fedavg_vit_b16_batchSize32/PanelC_users30_localE3/partition=noniid-labeldir-fine_alpha=0.25_IF=0.01_localE=3_seed=2026,output/PromptFL_fedavg_vit_b16_batchSize32/PanelC_users30_localE3/partition=noniid-labeldir-fine_alpha=0.25_IF=0.01_localE=3_seed=2026,Overall/Tail/Non-tail轨迹及记录seed/partition相同；推荐完整集中包，仅作索引选择，不删除。
D81eae109,R083a82579,output/PromptFL_fedavg_vit_b16_batchSize32/PanelC_users30_localE3/partition=noniid-labeldir-fine_alpha=0.25_IF=0.01_localE=3_seed=42,output/PromptFL_fedavg_vit_b16_batchSize32/PanelC_users30_localE3/partition=noniid-labeldir-fine_alpha=0.25_IF=0.01_localE=3_seed=42,Overall/Tail/Non-tail轨迹及记录seed/partition相同；推荐完整集中包，仅作索引选择，不删除。
Dd3dc83f9,R0e811700a,output/PromptFL_fedavg_vit_b16_batchSize32/PanelC_users30_localE3/partition=noniid-labeldir-fine_alpha=0.5_IF=0.01_localE=3_seed=1,output/PromptFL_fedavg_vit_b16_batchSize32/PanelC_users30_localE3/partition=noniid-labeldir-fine_alpha=0.5_IF=0.01_localE=3_seed=1,Overall/Tail/Non-tail轨迹及记录seed/partition相同；推荐完整集中包，仅作索引选择，不删除。
D803df476,R6111d9ed5,output/PromptFL_fedavg_vit_b16_batchSize32/PanelC_users30_localE3/partition=noniid-labeldir-fine_alpha=0.5_IF=0.01_localE=3_seed=2026,output/PromptFL_fedavg_vit_b16_batchSize32/PanelC_users30_localE3/partition=noniid-labeldir-fine_alpha=0.5_IF=0.01_localE=3_seed=2026,Overall/Tail/Non-tail轨迹及记录seed/partition相同；推荐完整集中包，仅作索引选择，不删除。
D308fde45,Rb60819bc8,output/PromptFL_fedavg_vit_b16_batchSize32/PanelC_users30_localE3/partition=noniid-labeldir-fine_alpha=0.5_IF=0.01_localE=3_seed=42,output/PromptFL_fedavg_vit_b16_batchSize32/PanelC_users30_localE3/partition=noniid-labeldir-fine_alpha=0.5_IF=0.01_localE=3_seed=42,Overall/Tail/Non-tail轨迹及记录seed/partition相同；推荐完整集中包，仅作索引选择，不删除。
D1fd1f078,Rbf0219364,output/PromptFL_fedavg_vit_b16_batchSize32/PanelC_users30_localE3/partition=noniid-labeldir-fine_alpha=0.75_IF=0.01_localE=3_seed=2026,output/PromptFL_fedavg_vit_b16_batchSize32/PanelC_users30_localE3/partition=noniid-labeldir-fine_alpha=0.75_IF=0.01_localE=3_seed=2026,Overall/Tail/Non-tail轨迹及记录seed/partition相同；推荐完整集中包，仅作索引选择，不删除。
Dd21b9962,R34294fa5c,output/PromptFL_fedavg_vit_b16_batchSize32/PanelC_users30_localE3/partition=noniid-labeldir-fine_alpha=0.75_IF=0.01_localE=3_seed=42,output/PromptFL_fedavg_vit_b16_batchSize32/PanelC_users30_localE3/partition=noniid-labeldir-fine_alpha=0.75_IF=0.01_localE=3_seed=42,Overall/Tail/Non-tail轨迹及记录seed/partition相同；推荐完整集中包，仅作索引选择，不删除。
D2b39c237,R2fece5747,output/PromptFL_fedavg_vit_b16_batchSize32/PanelC_users30_localE3/partition=noniid-labeldir-fine_alpha=1.0_IF=0.01_localE=3_seed=2026,output/PromptFL_fedavg_vit_b16_batchSize32/PanelC_users30_localE3/partition=noniid-labeldir-fine_alpha=1.0_IF=0.01_localE=3_seed=2026,Overall/Tail/Non-tail轨迹及记录seed/partition相同；推荐完整集中包，仅作索引选择，不删除。
D06b7b46e,R72d919e2c,output/PromptFL_fedavg_vit_b16_batchSize32/PanelC_users30_localE3/partition=noniid-labeldir-fine_alpha=1.0_IF=0.01_localE=3_seed=42,output/PromptFL_fedavg_vit_b16_batchSize32/PanelC_users30_localE3/partition=noniid-labeldir-fine_alpha=1.0_IF=0.01_localE=3_seed=42,Overall/Tail/Non-tail轨迹及记录seed/partition相同；推荐完整集中包，仅作索引选择，不删除。
